post_id,published_at_utc,username,author_id,text,lang,item_type,source_url,conversation_id,reply_to_id,quoted_id,first_retrieved_at,last_retrieved_at,found_by,source_modes,matching_jobs,in_any_core_window,relevance_label,notes
1252336711918432258,2020-04-20T20:41:54+00:00,isohavok,4381602013,"""The committees regularly lambaste the Taiwan government, calling it a false democracy, with a woman identified as Florence Fang said to be one of the more active members."" https://t.co/Bx7SrIKBEW",en,x_reply,https://x.com/isohavok/status/1252336711918432258,1252324911160291328,1252335729352429570,,2026-10-08T14:58:56+00:00,2026-10-08T14:58:56+00:00,F20-02,keyword_search,1,0,,
1278345868668735489,2020-07-01T15:13:00+00:00,nowthisimpact,701725963,This woman delivered her baby in a parking lot thanks to the help of this midwife https://t.co/Rn0m3sEFV1,en,x_post,https://x.com/nowthisimpact/status/1278345868668735489,1278345868668735489,,,2026-10-08T15:00:06+00:00,2026-10-08T15:00:48+00:00,F20-02,keyword_search,2,0,,
1281271234244816896,2020-07-09T16:57:21+00:00,AuthorFWilliams,3743990781,Thank you @FlorenceCarmela for making this for me. Love it and the song❤ https://t.co/vJMHtC4Fin https://t.co/u9jWauFiKl,en,x_post,https://x.com/AuthorFWilliams/status/1281271234244816896,1281271234244816896,,,2026-10-08T15:01:26+00:00,2026-10-08T15:01:26+00:00,F20-02,keyword_search,1,0,,
1281276932127064065,2020-07-09T17:20:00+00:00,ABCNews4,15109904,"Every day, healthcare workers risk their lives trying to help people through this pandemic. One of those people was Florence nurse Kathy Sims, who died from COVID-19 on July 1.

https://t.co/qeED0GXakE",en,x_post,https://x.com/ABCNews4/status/1281276932127064065,1281276932127064065,,,2026-10-08T15:01:26+00:00,2026-10-08T15:01:26+00:00,F20-02,keyword_search,1,0,,
1281277676720922624,2020-07-09T17:22:57+00:00,theatermania,15347020,"Don't miss an exclusive live-streamed theatrical event live from Florence, Italy with Hershey Felder as he brings Ludwig van Beethoven to life through the eyes of the Viennese Doctor Breuning who spent his boyhood by the Maestro's side. 
https://t.co/CqJX6ayade https://t.co/KQcD7cmWV9",en,x_post,https://x.com/theatermania/status/1281277676720922624,1281277676720922624,,,2026-10-08T15:01:26+00:00,2026-10-08T15:01:26+00:00,F20-02,keyword_search,1,0,,
1281280547185188864,2020-07-09T17:34:22+00:00,FlorenceCarmela,2568087150,"So glad you love these! Your NEW interview is doing great!! Here's the link for anyone who hasn't watched part 2 yet..story of a mother's love &amp; inspiration💕 @JimJaxMedia

https://t.co/p60WOtr5Vk",en,x_quote,https://x.com/FlorenceCarmela/status/1281280547185188864,1281280547185188864,,1281271234244816896,2026-10-08T15:01:26+00:00,2026-10-08T15:01:26+00:00,F20-02,keyword_search,1,0,,
1281283113079828480,2020-07-09T17:44:33+00:00,SER1897,334178844,"It’s not my business who people date, but it’s odd to see a middle-aged man dating a very young woman presented a feminist issue. Henry VIII would approve of this pairing. https://t.co/pbt1KaZYc0",en,x_post,https://x.com/SER1897/status/1281283113079828480,1281283113079828480,,,2026-10-08T15:01:26+00:00,2026-10-08T15:01:26+00:00,F20-02,keyword_search,1,0,,
1281285087733133314,2020-07-09T17:52:24+00:00,pastelteacher,876881685152923648,"July marks our fifth year with Florence, who gives a true meaning to the phrase ‘cute but a psycho’ 😅 #CatsOfTwitter https://t.co/8mJYxua250",en,x_post,https://x.com/pastelteacher/status/1281285087733133314,1281285087733133314,,,2026-10-08T15:01:26+00:00,2026-10-08T15:01:26+00:00,F20-02,keyword_search,1,0,,
1281287250307735552,2020-07-09T18:01:00+00:00,TodayFM,34316513,"📣 TOMORROW - OXEGEN IS BACK 📣 

#Oxegen2010 had one of the BEST lineups! 🎶 Arcade Fire, Jay-Z, Florence, Prodigy, Eminem are just some of the CLASS acts who played this very weekend 10 years ago! TEN! 😮

Join us Friday - ALL DAY - for a trip down a mucky memory lane! 🎪 https://t.co/KWCAzTAnTp",en,x_post,https://x.com/TodayFM/status/1281287250307735552,1281287250307735552,,,2026-10-08T15:01:26+00:00,2026-10-08T15:01:26+00:00,F20-02,keyword_search,1,0,,
1281296539156123650,2020-07-09T18:37:54+00:00,EthanSCorey,330160546,"And @megoconnor13, who also joined our staff during the pandemic, reported on the impact of Arizona's failure to provide its prisoners with PPE and cleaning supplies: https://t.co/cdT2N5H8PG",en,x_reply,https://x.com/EthanSCorey/status/1281296539156123650,1281281050975633410,1281296535280631809,,2026-10-08T15:01:26+00:00,2026-10-08T15:01:26+00:00,F20-02,keyword_search,1,0,,
1281302301643362306,2020-07-09T19:00:48+00:00,AIDS_conference,280548474,"The next #AIDS2020Virtual al Prime Session on “People who inject drugs” is in 1 hour. Featuring Alliance for Public Health Executive Director @AndriyKlepikov 🇺🇦, Former @GlobalFund Executive Director Michel @Kazatchkine 🇨🇭 and @unadeaf’s Florence Mukasa 🇺🇬. https://t.co/wSgDUATa44",en,x_post,https://x.com/AIDS_conference/status/1281302301643362306,1281302301643362306,,,2026-10-08T15:01:26+00:00,2026-10-08T15:01:26+00:00,F20-02,keyword_search,1,0,,
1281307813172609024,2020-07-09T19:22:42+00:00,FlorenceJeffr10,1013381191905546240,@namomnetempus @Irmenberga Who is who?  On the whole Stalin loses against Bernard Manning.,en,x_reply,https://x.com/FlorenceJeffr10/status/1281307813172609024,1281306560162136067,1281306560162136067,,2026-10-08T15:01:26+00:00,2026-10-08T15:01:26+00:00,F20-02,keyword_search,1,0,,
1281323992092155906,2020-07-09T20:27:00+00:00,TodayFM,34316513,"🚨 TOMORROW - OXEGEN IS BACK 🚨

#Oxegen2010 had one of the BEST lineups! 🎶 Arcade Fire, Jay-Z, Florence, Prodigy, Eminem are just some of the CLASS acts who played this very weekend 10 years ago! TEN! 😮

Join us Friday - ALL DAY - for a trip down a mucky memory lane! 🎪 https://t.co/KCXEudNn1W",en,x_post,https://x.com/TodayFM/status/1281323992092155906,1281323992092155906,,,2026-10-08T15:01:26+00:00,2026-10-08T15:01:26+00:00,F20-02,keyword_search,1,0,,
1281351265251983360,2020-07-09T22:15:22+00:00,nainethe0,1254385269240930304,"@royale_high @reddietheteddy If you don't like them, keep your comment to yourself. If it was you who made those heels and saw someone that didn't like them, you'd be really sad. If you don't like them, Don't buy them. Just a little reminder for selfish people.",en,x_reply,https://x.com/nainethe0/status/1281351265251983360,1281345647749275649,1281345647749275649,,2026-10-08T15:01:26+00:00,2026-10-08T15:01:26+00:00,F20-02,keyword_search,1,0,,
1281381370233790464,2020-07-10T00:15:00+00:00,WCPO,17068146,"A Florence woman who taught at a Northern Kentucky high school has been indicted on rape and sodomy charges after a year-long investigation found she raped a 17-year-old student, according to the Boone County Sheriff's Office. https://t.co/c9KXkXyaA1",en,x_post,https://x.com/WCPO/status/1281381370233790464,1281381370233790464,,,2026-10-08T15:01:26+00:00,2026-10-08T15:01:26+00:00,F20-02,keyword_search,1,1,,
1281398843515559938,2020-07-10T01:24:26+00:00,blaisedre,3248735790,"My pet peeve is someone bringing up my mistakes from the past to negate my current stand. I am not who I was when I started college, much less who I was in highschool. If you know me from a couple of dumb shit i said and did as a 15 year-old, you definitely do not know me at all.",en,x_post,https://x.com/blaisedre/status/1281398843515559938,1281398843515559938,,,2026-10-08T15:01:26+00:00,2026-10-08T15:01:26+00:00,F20-02,keyword_search,1,1,,
1281422773416591360,2020-07-10T02:59:31+00:00,IamMakatiMed,1122744800036265984,"2020 is the 200th birth anniversary of Florence Nightingale, founder of modern nursing. This year, we honor the nurses and midwives who continue Nightingale's legacy. MakatiMed proudly honors our nurses who render their compassionate care to our patients.

#MakatiMedSalutesNurses https://t.co/Rua29rhbbq",en,x_post,https://x.com/IamMakatiMed/status/1281422773416591360,1281422773416591360,,,2026-10-08T15:01:26+00:00,2026-10-08T15:01:26+00:00,F20-02,keyword_search,1,1,,
1281431146052583426,2020-07-10T03:32:47+00:00,OfficiallyEmi,220144832,"So... I’ve decided to finally watch Avatar The Last Airbender based solely on this girl’s Azula cosplay on tiktok. Yes, I’m already fixating on Azula. I love her and I will fight anyone who disrespects her.",en,x_post,https://x.com/OfficiallyEmi/status/1281431146052583426,1281431146052583426,,,2026-10-08T15:01:26+00:00,2026-10-08T15:01:26+00:00,F20-02,keyword_search,1,1,,
1281433956706144256,2020-07-10T03:43:57+00:00,TontoForest,222539938,"There will be a procession on Friday honoring the pilot who lost his life on the Polles Fire.
Bryan will be escorted from the Florence Medical Examiners Office (570 West Adamsville Rd. in Florence AZ) at 10:00 am to the Heritage Funeral Chapel at 6830 Thunderbird Rd. Peoria AZ.",en,x_post,https://x.com/TontoForest/status/1281433956706144256,1281433956706144256,,,2026-10-08T15:01:26+00:00,2026-10-08T15:01:26+00:00,F20-02,keyword_search,1,1,,
1281435808256466944,2020-07-10T03:51:19+00:00,PollyFreiFlo,1280645339213705217,"Just a quick thing before I sleep ❤️
To anyone who needs to hear this, keep going, alright? It will get better &lt;3 &lt;3",en,x_post,https://x.com/PollyFreiFlo/status/1281435808256466944,1281435808256466944,,,2026-10-08T15:01:26+00:00,2026-10-08T15:01:26+00:00,F20-02,keyword_search,1,1,,
1281441396390391808,2020-07-10T04:13:31+00:00,Alanna_4th,3102142278,"https://t.co/ZiPzHtrxIW 💚 @Hozier ""...
It was the year that saw global acts like Eminem, Jay-Z, and Florence and The Machine take to the stage as well as a little known artist called Andrew Hozier Byrne who played the Hot Press stage on a Saturday afternoon. ..."" 💚",en,x_post,https://x.com/Alanna_4th/status/1281441396390391808,1281441396390391808,,,2026-10-08T15:01:12+00:00,2026-10-08T15:01:12+00:00,F20-02,keyword_search,1,1,,
1281474735298183172,2020-07-10T06:26:00+00:00,TodayFM,34316513,"📣 ALL DAY TODAY - OXEGEN IS BACK 📣 

#Oxegen2010 saw Arcade Fire, Jay-Z, Florence, Prodigy, Eminem are just some of the CLASS acts who played - who would YOU like us to play?

Join us now - https://t.co/NNGof3SLAH 🎪 https://t.co/Ae1lLVfrCV",en,x_post,https://x.com/TodayFM/status/1281474735298183172,1281474735298183172,,,2026-10-08T15:01:12+00:00,2026-10-08T15:01:12+00:00,F20-02,keyword_search,1,1,,
1281480858772348928,2020-07-10T06:50:20+00:00,KeelingFlorence,704263829132288001,"Good luck to everyone with their #RNA one to ones today! And thank you to everyone for organising.

And a huge thank you to the agents and editors who are taking part. It means so much to us authors.",en,x_post,https://x.com/KeelingFlorence/status/1281480858772348928,1281480858772348928,,,2026-10-08T15:01:12+00:00,2026-10-08T15:01:12+00:00,F20-02,keyword_search,1,1,,
1281491020434288641,2020-07-10T07:30:42+00:00,InTheKnow,25626894,Florence Pugh just called out internet trolls who criticize her for dating Zach Braff https://t.co/hDXaNBPMKB,en,x_post,https://x.com/InTheKnow/status/1281491020434288641,1281491020434288641,,,2026-10-08T15:01:12+00:00,2026-10-08T15:01:12+00:00,F20-02,keyword_search,1,1,,
1281492356429225985,2020-07-10T07:36:01+00:00,StFloschool,3296745003,"For Cookery Enrichment on a Tuesday we will be making Lemon and Blueberry Muffins. For those of you who don't like blueberry muffins, I have adapted the recipe slightly so that you could make chocolate chip muffins.
You will need... https://t.co/o4PKm4XaoT",en,x_post,https://x.com/StFloschool/status/1281492356429225985,1281492356429225985,,,2026-10-08T15:01:12+00:00,2026-10-08T15:01:12+00:00,F20-02,keyword_search,1,1,,
1281492569206161408,2020-07-10T07:36:52+00:00,Askflorence,246022280,@BlindFury_5428 I want so badly for you to have at least one normal support worker...who goes to work and decides to share all these hot takes??,en,x_reply,https://x.com/Askflorence/status/1281492569206161408,1281483489750081536,1281483489750081536,,2026-10-08T15:01:12+00:00,2026-10-08T15:01:12+00:00,F20-02,keyword_search,1,1,,
1281510826931822592,2020-07-10T08:49:25+00:00,Flo_ComplianceO,1088449754252464128,"Delighted to be listed for the 3rd year in a row as a Future Leader in Competition Law in the Who's Who Legal 2020 ranking. Congratulations to all my peers listed in this new edition including Mathieu Relange, Patrice Boulkeroua, M…https://t.co/3ZN0trdRhk https://t.co/JXtMN0s3Ad",en,x_post,https://x.com/Flo_ComplianceO/status/1281510826931822592,1281510826931822592,,,2026-10-08T15:01:12+00:00,2026-10-08T15:01:12+00:00,F20-02,keyword_search,1,1,,
1281518926871109633,2020-07-10T09:21:36+00:00,championsSTM,1037331522662146048,"https://t.co/msIbDo79g2
Try this #STMmusic lesson all about Florence Price who combined the traditions of classical music with the sound of spirituals and West African rhythms and dance. @whizzkidsSTM",en,x_post,https://x.com/championsSTM/status/1281518926871109633,1281518926871109633,,,2026-10-08T15:01:12+00:00,2026-10-08T15:01:12+00:00,F20-02,keyword_search,1,1,,
1281527795957534720,2020-07-10T09:56:50+00:00,robertflorence,31767312,People who think they’re making some great statement on personal liberty by not wearing a mask are the same people who end up on the last few sentences of a tweet about people being absolute fucking wanks.,en,x_post,https://x.com/robertflorence/status/1281527795957534720,1281527795957534720,,,2026-10-08T15:01:12+00:00,2026-10-08T15:01:12+00:00,F20-02,keyword_search,1,1,,
1281536121164517377,2020-07-10T10:29:55+00:00,xSkelior,2408735437,"Art train! QT with your art and tag other artists who deserve some love! ✨

@Linnpuzzle 
@zeemonster_art 
@Iqrachi 
@Octogear 
@katrinu94 
@anile_jpg 
@arimesi_ 
@sindurah 
@skyfayrer 
@artofflorence 

I love all of these people and they all deserve SO MUCH love! ❤️ https://t.co/alMoV6Pdzh",en,x_post,https://x.com/xSkelior/status/1281536121164517377,1281536121164517377,,,2026-10-08T15:00:06+00:00,2026-10-08T15:01:00+00:00,F20-02,keyword_search,2,1,,
1281544314926108672,2020-07-10T11:02:29+00:00,Eunicekkilonzo,115785964,"Meet Florence, ⁦@WHO⁩ first virtual health worker, designed to help the world's 1.3 billion tobacco users quit. She uses artificial intelligence to dispel myths around COVID-19 and smoking and helps people develop a personalized plan to quit tobacco. https://t.co/XNXQSnaQQR",en,x_post,https://x.com/Eunicekkilonzo/status/1281544314926108672,1281544314926108672,,,2026-10-08T15:01:12+00:00,2026-10-08T15:11:24+00:00,"F20-02,F20-03,F20-05,F20-09,F20-10",keyword_search,5,1,,
1281544418294734851,2020-07-10T11:02:53+00:00,AZamoranoCNPT,1120761250076680195,Conoces a Florence? https://t.co/KHEqqvWpBV,es,x_post,https://x.com/AZamoranoCNPT/status/1281544418294734851,1281544418294734851,,,2026-10-08T15:10:36+00:00,2026-10-08T15:10:36+00:00,F20-09,keyword_search,1,1,,
1281549080712208386,2020-07-10T11:21:25+00:00,sandwichspy,14722963,"Giovanni Boccaccio, who wrote The Decameron at the height of the plague, once observed that during the Black Death the people of Florence eventually stopped mourning or weeping over the dead.",en,x_post,https://x.com/sandwichspy/status/1281549080712208386,1281549080712208386,,,2026-10-08T15:01:12+00:00,2026-10-08T15:01:12+00:00,F20-02,keyword_search,1,1,,
1281557470004097024,2020-07-10T11:54:45+00:00,florencetuyi,723012255898578944,This is who am I👇☺.... Tell me who you are😜@michaelinioluwa @israel_adetunji https://t.co/DtOPUIBmVK,en,x_post,https://x.com/florencetuyi/status/1281557470004097024,1281557470004097024,,,2026-10-08T15:01:12+00:00,2026-10-08T15:01:12+00:00,F20-02,keyword_search,1,1,,
1281558284277882882,2020-07-10T11:57:59+00:00,NZUNGVA,2416068013,"https://t.co/VzYecaM0Jf
Hello Florence, nice to meet you! Great to see the @WHO's first ever virtual health worker - created with the help of 🇳🇿@Soulmachines. 
@DrTedros @FCTCofficial",en,x_post,https://x.com/NZUNGVA/status/1281558284277882882,1281558284277882882,,,2026-10-08T15:02:24+00:00,2026-10-08T15:10:36+00:00,"F20-03,F20-05,F20-09",keyword_search,3,1,,
1281573272216363010,2020-07-10T12:57:33+00:00,tollzy_m,1277275621329121280,The Boys Who Cried Wolf by Florence Chizindu https://t.co/svW2VJXsr8,en,x_post,https://x.com/tollzy_m/status/1281573272216363010,1281573272216363010,,,2026-10-08T15:01:12+00:00,2026-10-08T15:01:12+00:00,F20-02,keyword_search,1,1,,
1281573658008461315,2020-07-10T12:59:05+00:00,threshingflo,3129353946,"@ernestadiq Very controversial. A christian is one who has the Spirit of God living in him. So basically it's about our belief or faith. If I denounce it, I cease to be one. That's the basis for my opinion that our salvation is not a once and for all thing. I think Ezekiel 33 supports this.",en,x_reply,https://x.com/threshingflo/status/1281573658008461315,1281506111611379712,1281506111611379712,,2026-10-08T15:01:12+00:00,2026-10-08T15:01:12+00:00,F20-02,keyword_search,1,1,,
1281581250118123520,2020-07-10T13:29:15+00:00,KulikovUNIATF,737362108397060096,"Meet Florence, she is the first @WHO virtual health worker, designed to help the world's 1.3 billion #tobacco users quit smoking. She uses artificial intelligence to dispel myths around #COVID19 and smoking and helps people develop a personalized plan to quit tobacco. @un_ncd https://t.co/kMEohPPwnH",en,x_post,https://x.com/KulikovUNIATF/status/1281581250118123520,1281581250118123520,,,2026-10-08T15:00:06+00:00,2026-10-08T15:11:24+00:00,"F20-02,F20-03,F20-05,F20-09,F20-10",keyword_search,6,1,,
1281583205687197696,2020-07-10T13:37:01+00:00,Vapingit,2567782003,"#Breaking: 

That moment when @WHO invents a #bot named Florence to replace artificial intelligence trained to spout the exact narrative 'she's' told, with artificially produced intelligence. Forever.",en,x_quote,https://x.com/Vapingit/status/1281583205687197696,1281583205687197696,,1281581250118123520,2026-10-08T15:00:17+00:00,2026-10-08T15:02:24+00:00,"F20-02,F20-03",keyword_search,3,1,,
1281584832728961025,2020-07-10T13:43:29+00:00,SupesBatsy,586884216,"I'm almost done with the Uncharted saga and I have decided who should direct and star in this project if I was the one deciding.

~ UNCHARTED ~

Directed by Micheal Bay

Starring:

Chris Pratt as Nathan Drake

Ben Affleck as Victor Sullivan

Florence Pugh as Elena Fisher https://t.co/8bYMnegTD8",en,x_post,https://x.com/SupesBatsy/status/1281584832728961025,1281584832728961025,,,2026-10-08T15:00:17+00:00,2026-10-08T15:01:12+00:00,F20-02,keyword_search,2,1,,
1281584861032132608,2020-07-10T13:43:36+00:00,TirelessSister,798660856439590912,"“Who doesn’t love citrus?

Clementine cake is the perfect summer treat~” https://t.co/vUAoHmCjHn",en,x_post,https://x.com/TirelessSister/status/1281584861032132608,1281584861032132608,,,2026-10-08T15:00:17+00:00,2026-10-08T15:01:12+00:00,F20-02,keyword_search,2,1,,
1281588620693049344,2020-07-10T13:58:32+00:00,Flomellynews,2994179314,Bubble 4 and 5 self portraits in the style of Picasso. Can you guess which portrait belongs to who?👨🏼‍🎨👩‍🎨 https://t.co/2CpuTjwJF8,en,x_post,https://x.com/Flomellynews/status/1281588620693049344,1281588620693049344,,,2026-10-08T15:00:17+00:00,2026-10-08T15:01:12+00:00,F20-02,keyword_search,2,1,,
1281602434448723969,2020-07-10T14:53:26+00:00,pita6620gmailc1,1010988278538014721,"@Vapingit @WHO Hey Florence, did you know @MikeBloomberg is invested in his own VAPING DEVICE? #WeVapeWeVote https://t.co/W9bKOyy3gD",en,x_reply,https://x.com/pita6620gmailc1/status/1281602434448723969,1281583205687197696,1281583205687197696,,2026-10-08T15:00:17+00:00,2026-10-08T15:02:24+00:00,"F20-02,F20-03",keyword_search,3,1,,
1281612670458896396,2020-07-10T15:34:06+00:00,WHO,14499829,"""This initiative will help people freely access the resources they need to quit tobacco, like nicotine replacement therapy and access to a digital health worker for advice""-@DrTedros #NoTobacco https://t.co/6tndIXdAOY",en,x_reply,https://x.com/WHO/status/1281612670458896396,1281611923423780864,1281612526443257858,,2026-10-08T15:12:27+00:00,2026-10-08T15:12:27+00:00,F20-11,keyword_search,1,1,,
1281613727696146432,2020-07-10T15:38:18+00:00,WHO,14499829,"""We thank our first manufacturing partners Johnson &amp; Johnson Consumer Health, who donated nearly 40,000 nicotine patches.
We're also pleased to introduce Florence, the 🌍 &amp; WHO's first-ever digital health worker, based on artificial intelligence""-@DrTedros https://t.co/vuaYKHBa8z",en,x_reply,https://x.com/WHO/status/1281613727696146432,1281611923423780864,1281613246122926087,,2026-10-08T14:53:16+00:00,2026-10-08T15:14:03+00:00,"F20-01,F20-02,F20-04,F20-09,F20-11,O20-01",keyword_search,7,1,,
1281614007846273024,2020-07-10T15:39:25+00:00,kakape,45586617,"@DrTedros @WHO The initiative ""aims to help the world's 1.3 billion tobacco users quit during the #covid19 pandemic”, says @drtedros. Apparently it includes “WHO’s first-ever digital health worker, based on artificial intelligence” called “Florence”.",en,x_reply,https://x.com/kakape/status/1281614007846273024,1281613218998345729,1281613218998345729,,2026-10-08T15:00:17+00:00,2026-10-08T15:12:11+00:00,"F20-02,F20-03,F20-04,F20-09,F20-11",keyword_search,6,1,,
1281614802947911680,2020-07-10T15:42:34+00:00,WHO,14499829,"""Florence dispels myths around #COVID19 and tobacco and helps people develop a personalized plan to quit.   

Florence is available 24/7 via video stream or text to help people access reliable information""-@DrTedros #NoTobacco https://t.co/poGGnqEhMo https://t.co/FFBy5Mt0MK",en,x_reply,https://x.com/WHO/status/1281614802947911680,1281611923423780864,1281613727696146432,,2026-10-08T14:53:16+00:00,2026-10-08T15:14:03+00:00,"F20-01,F20-02,F20-09,O20-01",keyword_search,5,1,,
1281614804797489152,2020-07-10T15:42:35+00:00,WHO,14499829,"""Florence was created with technology developed by San Francisco and New Zealand based company Soul Machines, with support from Amazon Web Services and Google Cloud""-@DrTedros #NoTobacco https://t.co/poGGnqEhMo",en,x_reply,https://x.com/WHO/status/1281614804797489152,1281611923423780864,1281614802947911680,,2026-10-08T14:53:16+00:00,2026-10-08T15:14:03+00:00,"F20-01,F20-02,F20-08,O20-01",keyword_search,5,1,,
1281615883274682368,2020-07-10T15:46:52+00:00,KulikovUNIATF,737362108397060096,"The Access Initiative for Quitting Tobacco, led by @WHO, launched today with free access to AI based digital health worker to help you quit smoking. Thanks @Soulmachines for donation of Florence technology and @awscloud @googlecloud for support in hosting. https://t.co/xNQxKsgNh5 https://t.co/8lS2jQPtIY",en,x_post,https://x.com/KulikovUNIATF/status/1281615883274682368,1281615883274682368,,,2026-10-08T15:00:17+00:00,2026-10-08T15:12:11+00:00,"F20-02,F20-03,F20-04,F20-09,F20-10,F20-11",keyword_search,7,1,,
1281616660236050438,2020-07-10T15:49:57+00:00,HelenMcGuire14,1179874218,Florence the Digital Health Worker unmasked! - @dinamired thanks @WHO and @DrTedros for their innovative efforts to support smoking cessation using innovative approaches and recognize great risk of @tobacco use and @NCDs during COVID.,en,x_post,https://x.com/HelenMcGuire14/status/1281616660236050438,1281616660236050438,,,2026-10-08T15:00:17+00:00,2026-10-08T15:12:11+00:00,"F20-02,F20-03,F20-04,F20-09,F20-10,F20-11",keyword_search,7,1,,
1281618238695243776,2020-07-10T15:56:14+00:00,WHOEMRO,259372802,"Meet Florence, @WHO's first virtual health worker, designed to help the world's 1.3 billion tobacco users quit. She uses artificial intelligence to dispel myths around #COVID19 and smoking and helps people develop a personalized plan to quit tobacco 🚭 https://t.co/PzO43S6pap",en,x_post,https://x.com/WHOEMRO/status/1281618238695243776,1281618238695243776,,,2026-10-08T15:00:06+00:00,2026-10-08T15:11:24+00:00,"F20-02,F20-03,F20-05,F20-09,F20-10",keyword_search,6,1,,
1281618973558071296,2020-07-10T15:59:09+00:00,Soulmachines,796297762283229184,"We’re excited to introduce you to Florence, WHO’s first digital health worker.  It was an honor to work with @WHO, @AWScloud, and @GoogleCloud in order to create a Digital Person designed to combat misinformation + provide support.",en,x_post,https://x.com/Soulmachines/status/1281618973558071296,1281618973558071296,,,2026-10-08T15:00:17+00:00,2026-10-08T15:12:11+00:00,"F20-02,F20-03,F20-04,F20-09,F20-10,F20-11",keyword_search,7,1,,
1281619236813713408,2020-07-10T16:00:12+00:00,WHOJordan,931668301,"Meet Florence, @WHO's first virtual health worker, designed to help the world's 1.3 billion tobacco users quit. She uses artificial intelligence to dispel myths around #COVID19 and smoking and helps people develop a personalized plan to quit #tobacco.

➡️ https://t.co/PWOSIk1qAs https://t.co/hUWJkxOMi7",en,x_post,https://x.com/WHOJordan/status/1281619236813713408,1281619236813713408,,,2026-10-08T15:00:17+00:00,2026-10-08T15:11:24+00:00,"F20-02,F20-03,F20-05,F20-09,F20-10",keyword_search,6,1,,
1281622608635715586,2020-07-10T16:13:35+00:00,WHOJordan,931668301,"Meet Florence! 
#TobaccoControl https://t.co/smUIO93q1o",en,x_reply,https://x.com/WHOJordan/status/1281622608635715586,1281619236813713408,1281619236813713408,,2026-10-08T15:00:17+00:00,2026-10-08T15:01:00+00:00,F20-02,keyword_search,2,1,,
1281625190871511040,2020-07-10T16:23:51+00:00,WHO,14499829,"The Access Initiative for Quitting Tobacco gives people free access to Florence, a digital health worker, based on artificial intelligence that dispels myths around #COVID19 &amp; tobacco and helps people develop a personalized plan to achieve #NoTobacco 🚭

👉https://t.co/vuaYKHBa8z https://t.co/ROhNmsghns",en,x_reply,https://x.com/WHO/status/1281625190871511040,1281620925218250754,1281620925218250754,,2026-10-08T14:53:16+00:00,2026-10-08T15:14:03+00:00,"F20-01,F20-02,F20-03,F20-04,F20-09,F20-10,F20-11,O20-01",keyword_search,9,1,,
1281628536273620993,2020-07-10T16:37:09+00:00,feijo_rodrigo,122108899,"Meet Florence, a very important tool to support countries to implement Article 14 of the @FCTCofficial and help tobacco users to quit!",en,x_quote,https://x.com/feijo_rodrigo/status/1281628536273620993,1281628536273620993,,1281618238695243776,2026-10-08T15:10:25+00:00,2026-10-08T15:10:25+00:00,F20-09,keyword_search,1,1,,
1281630359160000512,2020-07-10T16:44:23+00:00,florence_mutua,475691798,@MauriceDungani @OdangaGeoffrey Even the teachers who were working in private schools are really suffering..,en,x_reply,https://x.com/florence_mutua/status/1281630359160000512,1281609787906695169,1281609787906695169,,2026-10-08T15:00:17+00:00,2026-10-08T15:01:00+00:00,F20-02,keyword_search,2,1,,
1281630667386888199,2020-07-10T16:45:37+00:00,chrissyfarr,211583400,"Interesting initiative from WHO to help people stop smoking. There's a virtual ""digital health worker"" called Florence that dispels myths about smoking/Covid-19. The tech comes from a company called Soul Machines and is built on Google Cloud &amp; AWS. https://t.co/hYD9tfhksB",en,x_post,https://x.com/chrissyfarr/status/1281630667386888199,1281630667386888199,,,2026-10-08T15:00:17+00:00,2026-10-08T15:12:11+00:00,"F20-02,F20-04,F20-08,F20-09,F20-10,F20-11",keyword_search,7,1,,
1281631029581746180,2020-07-10T16:47:03+00:00,WHOEMRO,259372802,Users can rely on Florence as a trusted source of information to achieve their quit goals. She can also help recommend tobacco users to further national toll-free quit lines or apps that can help you with your quit journey. You can interact with her via video or text. https://t.co/ta6TmMkozo,en,x_reply,https://x.com/WHOEMRO/status/1281631029581746180,1281618238695243776,1281618238695243776,,2026-10-08T15:00:17+00:00,2026-10-08T15:10:25+00:00,"F20-02,F20-09",keyword_search,3,1,,
1281631169994530818,2020-07-10T16:47:37+00:00,VTVcanal8,118864905,"#HaceMinutos🔴 | Director de la OMS, @DrTedros: 
Florence fue creada con tecnología desarrollada por San Francisco y la compañía neozelandesa Soul Machines, con el soporte de Amazon Web Services y Google Cloud

#JuntosVenceremosAlCovid19 https://t.co/AmWw1EiT27",es,x_post,https://x.com/VTVcanal8/status/1281631169994530818,1281631169994530818,,,2026-10-08T15:09:39+00:00,2026-10-08T15:09:39+00:00,F20-08,keyword_search,1,1,,
1281631892974993413,2020-07-10T16:50:29+00:00,WHOLIBYA,945587529482473473,"Meet Florence, @WHO’s first virtual health worker, designed to help the world’s 1.3 billion tobacco users quit. She uses artificial intelligence to dispel myths around #COVID19 and smoking and helps people develop a personalized plan to quit tobacco 🚭",en,x_quote,https://x.com/WHOLIBYA/status/1281631892974993413,1281631892974993413,,1281618238695243776,2026-10-08T15:00:06+00:00,2026-10-08T15:11:24+00:00,"F20-02,F20-03,F20-05,F20-09,F20-10",keyword_search,6,1,,
1281641685458591745,2020-07-10T17:29:24+00:00,artofflorence,3220698090,"Art train! QT with your art and tag other artists who deserve some love! ✨

@cherrycakie @ocarinia @based_moni @wingcinna @houteian @metazensae @walking_north @jo_bees @goatanarchy69 https://t.co/BT4CFbv5h5",en,x_quote,https://x.com/artofflorence/status/1281641685458591745,1281641685458591745,,1281536121164517377,2026-10-08T15:00:06+00:00,2026-10-08T15:01:00+00:00,F20-02,keyword_search,2,1,,
1281647083842232320,2020-07-10T17:50:51+00:00,ynkurunziza1,806787321542504449,"Young people becoming advocates for nutrition! Kudos @Florencehope6 
This is the #YouthPoweredNutrition project https://t.co/McqbvbA8eg",en,x_post,https://x.com/ynkurunziza1/status/1281647083842232320,1281647083842232320,,,2026-10-08T15:00:06+00:00,2026-10-08T15:01:00+00:00,F20-02,keyword_search,2,1,,
1281647485014941697,2020-07-10T17:52:26+00:00,WHO,14499829,"Believe in yourself - you're more powerful than your tobacco addiction. Speak to Florence, WHO's digital health worker for advice on how to quit tobacco today. 
 
It's time to say #NoTobacco 🚭

👉https://t.co/vuaYKHBa8z https://t.co/UH7XCKRtt4",en,x_reply,https://x.com/WHO/status/1281647485014941697,1281620925218250754,1281641252526710786,,2026-10-08T14:53:16+00:00,2026-10-08T15:14:03+00:00,"F20-01,F20-02,F20-04,F20-09,F20-11,O20-01",keyword_search,7,1,,
1281647856571437057,2020-07-10T17:53:55+00:00,MxJinzoJr,82694772,The amount of people who aren't wearing a mask on this train is a fucking joke,en,x_post,https://x.com/MxJinzoJr/status/1281647856571437057,1281647856571437057,,,2026-10-08T15:00:06+00:00,2026-10-08T15:01:00+00:00,F20-02,keyword_search,2,1,,
1281647943041376258,2020-07-10T17:54:16+00:00,Florencehope6,4817844544,"I am really glad to have this courageous,  smart, Passionate and  hardworking  young lady @ynkurunziza1  as part of @RwandaYpn  who will be supporting  youth champions for nutrition to successful implementation of their community advocacy campaigns @SUNCSN",en,x_quote,https://x.com/Florencehope6/status/1281647943041376258,1281647943041376258,,1281647083842232320,2026-10-08T15:00:06+00:00,2026-10-08T15:01:00+00:00,F20-02,keyword_search,2,1,,
1281648781361119238,2020-07-10T17:57:36+00:00,nurdreamss,371301931,who is really touching florence and the machine? florence welch is not human.,en,x_post,https://x.com/nurdreamss/status/1281648781361119238,1281648781361119238,,,2026-10-08T15:00:06+00:00,2026-10-08T15:01:00+00:00,F20-02,keyword_search,2,1,,
1281648882217177089,2020-07-10T17:58:00+00:00,TwittyTweets_1,221200440,Statues are essentially just molded marble and stone. Our conferred value is meaningless. The last great statues were made during the Italian Rennaissance. If it's not in Florence go ahead and take it down.,en,x_post,https://x.com/TwittyTweets_1/status/1281648882217177089,1281648882217177089,,,2026-10-08T15:00:06+00:00,2026-10-08T15:00:48+00:00,F20-02,keyword_search,2,1,,
1281649889961742336,2020-07-10T18:02:00+00:00,TodayFM,34316513,"📣 ALL DAY TODAY - OXEGEN IS BACK 📣 

#Oxegen2010 saw Arcade Fire, Jay-Z, Florence, Prodigy, Eminem are just some of the CLASS acts who played - who would YOU like us to play?

Join us now - https://t.co/NNGof3SLAH 🎪 https://t.co/EvenSpUa1t",en,x_post,https://x.com/TodayFM/status/1281649889961742336,1281649889961742336,,,2026-10-08T15:00:06+00:00,2026-10-08T15:00:48+00:00,F20-02,keyword_search,2,1,,
1281653821756694529,2020-07-10T18:17:37+00:00,topherflorence,122769401,anyway THAT was ten years ago which is enough time for there to now be adults who are disappointed that the bakugan reboot cartoon is not as good as the original,en,x_reply,https://x.com/topherflorence/status/1281653821756694529,1281652673712807936,1281652673712807936,,2026-10-08T15:00:06+00:00,2026-10-08T15:00:48+00:00,F20-02,keyword_search,2,1,,
1281655776591835136,2020-07-10T18:25:23+00:00,DrDavidOwuorBr,1278195544456925186,CULTO DE AVIVAMENTO 10/07/2020 - MINISTÉRIO ARREPENDIMENTO E SANTIDADE INTERNACIONAL - #MegaCelebrationVigil https://t.co/ooAFNTzdPe,pt,x_post,https://x.com/DrDavidOwuorBr/status/1281655776591835136,1281655776591835136,,,2026-10-08T14:59:49+00:00,2026-10-08T15:00:48+00:00,F20-02,keyword_search,2,1,,
1281658307501912064,2020-07-10T18:35:27+00:00,Audreyj101,2484672570,"I’m at Heritage Funeral Chapel in Peoria where 37-year-old Bryan Boatman, who died in a helicopter crash in response to the Polles Fire, is being escorted to from the medical examiners office in Florence. @azcentral https://t.co/VfZ7zc2Ej4",en,x_post,https://x.com/Audreyj101/status/1281658307501912064,1281658307501912064,,,2026-10-08T15:00:06+00:00,2026-10-08T15:00:48+00:00,F20-02,keyword_search,2,1,,
1281663300640673793,2020-07-10T18:55:17+00:00,Floawuor,889939884898648065,"@IngaboMercy @OtengoHillary @KeziahLitunda @RepentinCHRIST @PastorLee28 @mwende_shalon @rispernnjoki @AbihailFaith @AmbulaDr @danielajdarc @Maitaai Indeed

Only they who are victorious we'll get the right to eat from the Tree of life

This victory is dependent on the powerful blood of CHRIST JESUS

#MegaCelebrationVigil",en,x_reply,https://x.com/Floawuor/status/1281663300640673793,1281655611449438208,1281661751520567297,,2026-10-08T15:00:06+00:00,2026-10-08T15:00:48+00:00,F20-02,keyword_search,2,1,,
1281664028352413696,2020-07-10T18:58:11+00:00,Floramujaasi,191346389,"Damn 2020! You ain’t so bad after all! I mean the lil one crawled out of a vagina through them shorts!
I give up for women who push them babies out like that and kuddos to the midwives globally!
This kid is gonna love this video😂😂😂.",en,x_quote,https://x.com/Floramujaasi/status/1281664028352413696,1281664028352413696,,1278345868668735489,2026-10-08T15:00:06+00:00,2026-10-08T15:00:48+00:00,F20-02,keyword_search,2,1,,
1281664405877522437,2020-07-10T18:59:41+00:00,drcathyegbe,1038857368870834181,"Need a personalized plan to #QuitSMOKING? Meet Florence the first @WHO virtual health worker...
#COVID19inSA #Covid19SA #Tobaccoban",en,x_quote,https://x.com/drcathyegbe/status/1281664405877522437,1281664405877522437,,1281581250118123520,2026-10-08T15:00:06+00:00,2026-10-08T15:04:08+00:00,"F20-02,F20-03,F20-05",keyword_search,4,1,,
1281667601907814409,2020-07-10T19:12:23+00:00,s_cameroon,1236262020170821635,"#Justiceforflorenceayafor 
According to reports from @CRTV_web  the ministry of justice has in custody some two men who were involved in the gruesome murder of Florence Ayafor after being raped and her body parts mutilated. 
We want Justice to be served. https://t.co/sGgCfenNFp",en,x_post,https://x.com/s_cameroon/status/1281667601907814409,1281667601907814409,,,2026-10-08T15:00:06+00:00,2026-10-08T15:00:48+00:00,F20-02,keyword_search,2,1,,
1281670474339164162,2020-07-10T19:23:48+00:00,TirelessSister,798660856439590912,"She needs more friends.

She just got someone’s number and honestly, the only person she can text is her elderly next door neighbor who only knows how to respond with the thumbs up symbol.",en,x_post,https://x.com/TirelessSister/status/1281670474339164162,1281670474339164162,,,2026-10-08T15:00:06+00:00,2026-10-08T15:00:48+00:00,F20-02,keyword_search,2,1,,
1281671356967419905,2020-07-10T19:27:18+00:00,DrTedros,189868631,"Today @WHO &amp; partners launched the Access Initiative for Quitting Tobacco, incl. the first ever digital health worker, to help 1.3 billion tobacco users quit. Stopping smoking is more important than ever as smokers are more likely to have severe outcomes from #COVID19. #NoTobacco",en,x_quote,https://x.com/DrTedros/status/1281671356967419905,1281671356967419905,,1281625190871511040,2026-10-08T15:12:11+00:00,2026-10-08T15:12:11+00:00,F20-11,keyword_search,1,1,,
1281671753627033606,2020-07-10T19:28:53+00:00,DrTedros,189868631,"The digital health worker, Florence, was created with technology developed by company @Soulmachines, with support from @awscloud and @googlecloud.  
@WHO encourages pharmaceutical and tech companies to join this initiative. #NoTobacco",en,x_reply,https://x.com/DrTedros/status/1281671753627033606,1281671356967419905,1281671751370526722,,2026-10-08T15:00:06+00:00,2026-10-08T15:12:11+00:00,"F20-02,F20-03,F20-04,F20-11",keyword_search,5,1,,
1281676123441639425,2020-07-10T19:46:14+00:00,KeelingFlorence,704263829132288001,Pedals and Prosecco will be brought to you by the smooth as silk vocals of the gorgeous @charlieputh who may or may not be the basis for James...ok he is 😂 https://t.co/RtMaLDqluz,en,x_post,https://x.com/KeelingFlorence/status/1281676123441639425,1281676123441639425,,,2026-10-08T15:00:06+00:00,2026-10-08T15:00:48+00:00,F20-02,keyword_search,2,1,,
1281682952926240768,2020-07-10T20:13:23+00:00,DataInnovation,390284285,"Today, the WHO introduced Florence, the world's first digital health worker based on AI. 

This is part of the WHO's Access Initiative for Quitting Tobacco, which aims to help users quit during the #COVID19 pandemic.",en,x_quote,https://x.com/DataInnovation/status/1281682952926240768,1281682952926240768,,1281613727696146432,2026-10-08T15:00:06+00:00,2026-10-08T15:12:11+00:00,"F20-02,F20-04,F20-09,F20-11",keyword_search,5,1,,
1281699106184814592,2020-07-10T21:17:34+00:00,slaterradio,17826047,"When they started building the Florence Cathedral in 1296, they had no idea how to build the dome. A building like this hadn't been built in 700+ years, and they didn't know how anymore. The man who figured it out again was born 81 years AFTER they started building.",en,x_post,https://x.com/slaterradio/status/1281699106184814592,1281699106184814592,,,2026-10-08T15:00:06+00:00,2026-10-08T15:00:48+00:00,F20-02,keyword_search,2,1,,
1281699880755503105,2020-07-10T21:20:39+00:00,koralinadean,1104272756030533632,the zendaya “being in everything” argument is so tired especially when u realize she picks her roles carefully and y’all dont give this same energy to white actresses like florence pugh and saoirse ronan who have ~literally been in every movie under the sun https://t.co/EBAvTyfO4B,en,x_post,https://x.com/koralinadean/status/1281699880755503105,1281699880755503105,,,2026-10-08T14:59:34+00:00,2026-10-08T15:00:48+00:00,F20-02,keyword_search,2,1,,
1281700250059599872,2020-07-10T21:22:07+00:00,thegregcross,18790681,"So proud of our partnership with WHO, AWS and Google....Digital Florence and the opportunity to impact the lives of 1Billion people around the world 
https://t.co/AGLyebgybF",en,x_post,https://x.com/thegregcross/status/1281700250059599872,1281700250059599872,,,2026-10-08T14:59:49+00:00,2026-10-08T15:00:48+00:00,F20-02,keyword_search,2,1,,
1281706432195420167,2020-07-10T21:46:41+00:00,noeleenburke,1206841620735447040,New initiative to help #QUIT smoking!!! Meet #Florence the digital #healthcareworker available anytime to offer evidence based assistance with #smokingcessation. There has never been a more important time to QUIT 🚬 #COVID19 #cvd #cancer #respiratorydisease #mentalhealth ❤️🚭,en,x_quote,https://x.com/noeleenburke/status/1281706432195420167,1281706432195420167,,1281625190871511040,2026-10-08T15:11:24+00:00,2026-10-08T15:11:24+00:00,F20-10,keyword_search,1,1,,
1281708058222239749,2020-07-10T21:53:08+00:00,Floawuor,889939884898648065,"THE MESSIAH died in our place that we may never languish in hell

Let's honour HIM by living for HIM just for WHO HE IS
#MegaCelebrationVigil",en,x_quote,https://x.com/Floawuor/status/1281708058222239749,1281708058222239749,,1281655776591835136,2026-10-08T14:59:49+00:00,2026-10-08T15:00:48+00:00,F20-02,keyword_search,2,1,,
1281708439673073664,2020-07-10T21:54:39+00:00,brujacontumbao,968677375918706689,I’m back on this again but I do not know who told y’all Ms Machine ala Florence can SING bc she cannot. That person probably took your credit card info,en,x_post,https://x.com/brujacontumbao/status/1281708439673073664,1281708439673073664,,,2026-10-08T14:59:49+00:00,2026-10-08T15:00:48+00:00,F20-02,keyword_search,2,1,,
1281712815145877505,2020-07-10T22:12:02+00:00,swimdaily,244947103,@KulikovUNIATF @WHO @un_ncd Assume @WHO @DrTedros has sound epidemiological data supporting the effectiveness of #Florence in helping #smokers quit? Please provide this for public scrutiny. Was it a #clinicaltrial? @SmokeFreeFdn @jgitchell @ChaunceyGardner @dinamired,en,x_reply,https://x.com/swimdaily/status/1281712815145877505,1281581250118123520,1281581250118123520,,2026-10-08T14:59:34+00:00,2026-10-08T15:02:24+00:00,"F20-02,F20-03",keyword_search,3,1,,
1281720553129144320,2020-07-10T22:42:47+00:00,NZTEnews,119981277,"👏🏼 👏🏼 @Soulmachines joins the @WHO’s Access Initiative (AI) for Quitting Tobacco to create Florence, the digital health worker ready 24/7 to provide clarity &amp; expel COVID-19 myths, specifically addressing smoking &amp; its consequences, helping smokers quit. #Goodfortheworld",en,x_quote,https://x.com/NZTEnews/status/1281720553129144320,1281720553129144320,,1281618973558071296,2026-10-08T15:02:24+00:00,2026-10-08T15:11:24+00:00,"F20-03,F20-04,F20-09,F20-10",keyword_search,4,1,,
1281756950808666112,2020-07-11T01:07:25+00:00,Floawuor,889939884898648065,"@Kabata_Njuguna @HarrietKavere @NelsonAmenya_ @omidorai @VellarDukunde @beatrice_mutali @RepentinCHRIST @AwaraDickson @adenya_leah The wonders and miracles of our time as we are witnessing on the #MegaCelebrationVigil point us to the coming of THE MESSIAH which has drawn nigh

It's only THE LORD JESUS Who can delete HIV/AIDS from the bloodstream

https://t.co/gpx5XFmjyj",en,x_reply,https://x.com/Floawuor/status/1281756950808666112,1281675815063879680,1281683192362274816,,2026-10-08T14:59:49+00:00,2026-10-08T15:00:48+00:00,F20-02,keyword_search,2,1,,
1281775670121631744,2020-07-11T02:21:48+00:00,sarsantucci,1058365961739403265,"@JessicaValenti I’ve admittedly not seen the film but very awkwardly entwined in Florence Pugh + @zachbraff who have a 20+ year age gap, a loving relationship and this stuff happens?",en,x_reply,https://x.com/sarsantucci/status/1281775670121631744,1281761187911413760,1281761187911413760,,2026-10-08T14:59:49+00:00,2026-10-08T15:00:48+00:00,F20-02,keyword_search,2,1,,
1281776482663174144,2020-07-11T02:25:02+00:00,CrimeReads,887695590095818756,"On ""Nosferatu,"" which was a pirated adaptation of the novel ""Dracula,"" and the copyright battle waged by Bram Stoker's widow Florence Stoker, who was determined to destroy it. https://t.co/t3TbVsCNjx",en,x_post,https://x.com/CrimeReads/status/1281776482663174144,1281776482663174144,,,2026-10-08T14:59:49+00:00,2026-10-08T15:00:31+00:00,F20-02,keyword_search,2,1,,
1281785987270615055,2020-07-11T03:02:48+00:00,HarvestFlo,20689390,"Attorney-General Cameron, 
@kyoag I demand justice for Breonna Taylor and I’m tagging 5 friends who I hope will do the same. @JosephFCistone @jfishman600 @folkslinger @BeholdIAmGod @johncusack",en,x_post,https://x.com/HarvestFlo/status/1281785987270615055,1281785987270615055,,,2026-10-08T14:59:49+00:00,2026-10-08T15:00:31+00:00,F20-02,keyword_search,2,1,,
1281795790885793792,2020-07-11T03:41:45+00:00,surajkafle53,3186124956,"Talk to Florence !!!
https://t.co/QbKzE9S20J
 'Giving up smoking is the easiest thing in the world. I know because I've done it thousands of times.'
- Mark Twain 
QUIT SMOKING BEFORE IT'S TOO LATE 
Medical student's are more prone to smoking .First accept it &amp; seek for help . 🙏",en,x_post,https://x.com/surajkafle53/status/1281795790885793792,1281795790885793792,,,2026-10-08T15:11:24+00:00,2026-10-08T15:11:24+00:00,F20-10,keyword_search,1,1,,
1281797395274018822,2020-07-11T03:48:08+00:00,JustReddz,1243419404265648148,"Florence + the Machine be like ""I know a spot"" and it's high in the halls of the kings who are gone",en,x_post,https://x.com/JustReddz/status/1281797395274018822,1281797395274018822,,,2026-10-08T14:59:49+00:00,2026-10-08T15:00:31+00:00,F20-02,keyword_search,2,1,,
1281800641287843842,2020-07-11T04:01:02+00:00,KiranRP,19331518,"Meet Florence, the @WHO's AI-based virtual health worker. 

She uses motivational interviewing techniques to help quit smoking. 

Motivational interviewing and counseling could prove to be a very neat use-case for virtual health workers. 

https://t.co/Bj4TmmsxUp",en,x_post,https://x.com/KiranRP/status/1281800641287843842,1281800641287843842,,,2026-10-08T15:02:24+00:00,2026-10-08T15:11:24+00:00,"F20-03,F20-05,F20-09,F20-10",keyword_search,4,1,,
1281802033566085120,2020-07-11T04:06:34+00:00,blaisedre,3248735790,"My heart goes out to all of ABS-CBN’s employees, the people behind the cameras who work tirelessly to make the talents look good and to keep the shows running smoothly. You were the backbone of the company yet you fell at the cost of another capitalist move.",en,x_post,https://x.com/blaisedre/status/1281802033566085120,1281802033566085120,,,2026-10-08T14:59:49+00:00,2026-10-08T15:00:31+00:00,F20-02,keyword_search,2,1,,
1281803947875930113,2020-07-11T04:14:10+00:00,PeterASinger,248568868,Please meet Florence ⁦@WHO⁩‘s first virtual health worker https://t.co/3FmEhFgx43,en,x_post,https://x.com/PeterASinger/status/1281803947875930113,1281803947875930113,,,2026-10-08T15:02:13+00:00,2026-10-08T15:04:08+00:00,"F20-03,F20-05",keyword_search,2,1,,
1281804829229223939,2020-07-11T04:17:40+00:00,audiblemarco,873681823112597504,"The anime takes place in 16th century Florence, Italy, and is basically about a girl from a noble family, whose name is the title of the anime, who wants to become a master painter. She is often shunned for wanting to do so.",en,x_reply,https://x.com/audiblemarco/status/1281804829229223939,1281804826687557634,1281804828373549056,,2026-10-08T14:59:49+00:00,2026-10-08T15:00:31+00:00,F20-02,keyword_search,2,1,,
1281820078028124161,2020-07-11T05:18:16+00:00,Vinayakmprasad,145600739,"Florence , #WHO digital health worker will help #tobacco users quit. Lets empower #smokers by sharing this information @WHO https://t.co/Ml7SqaRf2t",en,x_post,https://x.com/Vinayakmprasad/status/1281820078028124161,1281820078028124161,,,2026-10-08T14:59:49+00:00,2026-10-08T15:12:11+00:00,"F20-02,F20-03,F20-04,F20-09,F20-11",keyword_search,6,1,,
1281824763233611779,2020-07-11T05:36:53+00:00,bzsolangi,149031580,"The Access Initiative for Quitting Tobacco gives people free access to Florence, a digital health worker, based on artificial intelligence that dispels myths around #COVID19 &amp; tobacco and helps people develop a personalized plan to achieve #NoTobacco 🚭
👉https://t.co/7YoptudWYs",en,x_quote,https://x.com/bzsolangi/status/1281824763233611779,1281824763233611779,,1281625190871511040,2026-10-08T15:03:19+00:00,2026-10-08T15:10:25+00:00,"F20-04,F20-09",keyword_search,2,1,,
1281831119596421121,2020-07-11T06:02:08+00:00,cbibitch,2349883271,not me crying to sweet creature again in my car... who is she,en,x_post,https://x.com/cbibitch/status/1281831119596421121,1281831119596421121,,,2026-10-08T14:59:49+00:00,2026-10-08T15:00:31+00:00,F20-02,keyword_search,2,1,,
1281839664442351618,2020-07-11T06:36:06+00:00,Clive_Bates,258408688,"@Vinayakmprasad @WHO The Florence bot is unbelievably useless as a smoking cessation counsellor. If you don’t say exactly what the bot is expecting to get to the next stage in its advice process, it throws you out of the session saying it can’t help you. Everything it does say is trite and vacuous.",en,x_reply,https://x.com/Clive_Bates/status/1281839664442351618,1281820078028124161,1281820078028124161,,2026-10-08T14:59:49+00:00,2026-10-08T15:11:24+00:00,"F20-02,F20-03,F20-10",keyword_search,4,1,,
1281843266661478402,2020-07-11T06:50:24+00:00,pizzzazlut,1212134237643526144,Eyy who wants to start a coven and sing Which Witch by Florence + The Machine in the middle of the woods during a full moon?,en,x_post,https://x.com/pizzzazlut/status/1281843266661478402,1281843266661478402,,,2026-10-08T14:59:49+00:00,2026-10-08T15:00:31+00:00,F20-02,keyword_search,2,1,,
1281845361200504832,2020-07-11T06:58:44+00:00,Treich13,1005831521058656257,"@wrwveit Walter, fyi, there is a well known philosopher in France - Florence Burgat - who has devoted a part of her career to the phenomenology of animal life (she writes in french unfortunately)
https://t.co/V5pJV0slJ0",en,x_reply,https://x.com/Treich13/status/1281845361200504832,1281816462970122240,1281816462970122240,,2026-10-08T14:59:49+00:00,2026-10-08T15:00:31+00:00,F20-02,keyword_search,2,1,,
1281874632002490368,2020-07-11T08:55:03+00:00,fowflo,153365411,People who don’t understand you will always relate/judge you by their biases of you. Sorround yourself with the right people. Some might not understand you but there is an allowance and willingness to understand you.,en,x_post,https://x.com/fowflo/status/1281874632002490368,1281874632002490368,,,2026-10-08T14:59:49+00:00,2026-10-08T15:00:31+00:00,F20-02,keyword_search,2,1,,
1281882138309165056,2020-07-11T09:24:52+00:00,Floramano,1564320913,"Come to me, all you who labor and are heavy laden, and I will give you rest.

~ Matthew 11:28  NKJV",en,x_post,https://x.com/Floramano/status/1281882138309165056,1281882138309165056,,,2026-10-08T14:59:49+00:00,2026-10-08T15:00:31+00:00,F20-02,keyword_search,2,1,,
1281902650892705792,2020-07-11T10:46:23+00:00,AgeUKSandwell,1927011510,"We’re helping Florence who has early onset dementia. She’s worried about her mental health. A phone call really makes a difference. We responded swiftly to #Covid19. 
Please support our #Appeal so we can keep on protecting older people being shielded.
https://t.co/mWpUmghsGf https://t.co/El7L5XKmsM",en,x_post,https://x.com/AgeUKSandwell/status/1281902650892705792,1281902650892705792,,,2026-10-08T14:59:49+00:00,2026-10-08T15:00:31+00:00,F20-02,keyword_search,2,1,,
1281910029612994561,2020-07-11T11:15:42+00:00,FlorenceThune,567028657,73 pays sont en risque de rupture de stock de traitements ARV contre le VIH suite à l’épidémie de Covid19. 24 ont déjà des stocks en seuil critique. Et ce n’est que le début du retour de manivelle pour la lutte contre le sida. 😟 https://t.co/dyV6DOEJT1,fr,x_post,https://x.com/FlorenceThune/status/1281910029612994561,1281910029612994561,,,2026-10-08T14:59:49+00:00,2026-10-08T15:00:31+00:00,F20-02,keyword_search,2,1,,
1281911029383847939,2020-07-11T11:19:40+00:00,cherubinvinuya,190226956,Thank you to everyone who ordered today 💕💕💕💕💕 https://t.co/RbwahiYnrU,en,x_post,https://x.com/cherubinvinuya/status/1281911029383847939,1281911029383847939,,,2026-10-08T14:59:34+00:00,2026-10-08T15:00:31+00:00,F20-02,keyword_search,2,1,,
1281928881512026124,2020-07-11T12:30:37+00:00,OakminsterHC,904192688,"Florence House had a fantastic time at their Disney Fun Day this month, can you guess who we are? https://t.co/gq84vLZlRl",en,x_post,https://x.com/OakminsterHC/status/1281928881512026124,1281928881512026124,,,2026-10-08T14:59:34+00:00,2026-10-08T15:00:31+00:00,F20-02,keyword_search,2,1,,
1281929513941774337,2020-07-11T12:33:07+00:00,laciaociao,851144697804455936,"is it just me who can't find ""pure feeling"" by florence + the machine on spotify or does it not exist there",en,x_post,https://x.com/laciaociao/status/1281929513941774337,1281929513941774337,,,2026-10-08T14:59:34+00:00,2026-10-08T15:00:31+00:00,F20-02,keyword_search,2,1,,
1281940226794049536,2020-07-11T13:15:42+00:00,Sineadey,20224173,"@JuliaHB1 Its strange, because all of what you describe there, is how ""the left"" see ""the right"" and its also odd, because a lot of my friends who are on the left, do engage in discussion with my friends on the right, and they always have facts and figures to back up their argument.",en,x_reply,https://x.com/Sineadey/status/1281940226794049536,1281912057923764224,1281912057923764224,,2026-10-08T14:59:34+00:00,2026-10-08T15:00:31+00:00,F20-02,keyword_search,2,1,,
1281951382807822351,2020-07-11T14:00:01+00:00,UN_News_Centre,104277809,"Smokers who contract #COVID19 risk having a severe case of the disease.🚬

Find out how a digital health worker called Florence is supporting @WHO efforts to help millions quit smoking during the pandemic. 🚭

https://t.co/SrAygIv3eo
This and more in our #coronavirus round-up.",en,x_post,https://x.com/UN_News_Centre/status/1281951382807822351,1281951382807822351,,,2026-10-08T14:59:34+00:00,2026-10-08T15:12:11+00:00,"F20-02,F20-03,F20-04,F20-10,F20-11",keyword_search,6,1,,
1281962958902431744,2020-07-11T14:46:01+00:00,KulikovUNIATF,737362108397060096,New @WHO-led Access Initiative for Quitting Tobacco to give free access to nicotine patches and gums and an artificial intelligence-based digital health worker that dispels myths around #COVID19 &amp; #tobacco and helps people develop a personalized plan to quit tobacco. @un_ncd https://t.co/sY7cJ9qa8x,en,x_post,https://x.com/KulikovUNIATF/status/1281962958902431744,1281962958902431744,,,2026-10-08T15:12:11+00:00,2026-10-08T15:12:11+00:00,F20-11,keyword_search,1,1,,
1281978164374315008,2020-07-11T15:46:27+00:00,FHSFalconRadio,772714266,From the Florence Falcons Radio crew our deepest sympathy to the family of Jerry Knight who passed away.  Great radio broadcaster for Coffee High and University of North Alabama. Legendary voice in the Shoals area,en,x_post,https://x.com/FHSFalconRadio/status/1281978164374315008,1281978164374315008,,,2026-10-08T14:59:34+00:00,2026-10-08T15:00:31+00:00,F20-02,keyword_search,2,1,,
1282000335444336640,2020-07-11T17:14:33+00:00,hinchadehozier,3038007755,"both saoirse and florence have the success that they deserve because they are talented, just as much as zendaya, who deserves more recognition for her acting. there's no need to compare amazing actresses",en,x_quote,https://x.com/hinchadehozier/status/1282000335444336640,1282000335444336640,,1281699880755503105,2026-10-08T14:59:34+00:00,2026-10-08T14:59:34+00:00,F20-02,keyword_search,1,1,,
1282002194456293376,2020-07-11T17:21:56+00:00,SeismicPirate,27145245,"@KulikovUNIATF @WHO @un_ncd Was Florence a smoker? Has she quit smoking, or EVER helped someone to quit, face-to-face? Does she have empathy? Does she know everyone is an individual/has a unique set of circumstances that need to be addressed as such? Does she suggest the most effective cessation method? NO.",en,x_reply,https://x.com/SeismicPirate/status/1282002194456293376,1281581250118123520,1281581250118123520,,2026-10-08T14:59:34+00:00,2026-10-08T15:11:24+00:00,"F20-02,F20-03,F20-10",keyword_search,3,1,,
1282012270541836290,2020-07-11T18:01:58+00:00,ChaunceyGardner,955925072375701504,"@grannylouisa @Clive_Bates @WHO @KulikovUNIATF @grannylouisa:  Perhaps someone could ask @WHO what studies have been conducted to support the efficacy of this ""Florence"" AI.
https://t.co/q7FGPiYtFu",en,x_reply,https://x.com/ChaunceyGardner/status/1282012270541836290,1281958982727458821,1282011474035126273,1281712815145877505,2026-10-08T14:59:34+00:00,2026-10-08T15:02:13+00:00,"F20-02,F20-03",keyword_search,2,1,,
1282019527354724354,2020-07-11T18:30:48+00:00,ChaunceyGardner,955925072375701504,"@SeismicPirate @Vapingit @KulikovUNIATF @WHO @un_ncd I gave #Florence a try.  I asked her about ""vaping.""  She said:

""I'm sorry, it doesn't seem like I can help you at this time. For now, please check out the WHO website...  Good bye!""
https://t.co/nRfZsAmIEV",en,x_reply,https://x.com/ChaunceyGardner/status/1282019527354724354,1281581250118123520,1282002194456293376,1281625190871511040,2026-10-08T14:59:34+00:00,2026-10-08T15:10:25+00:00,"F20-02,F20-03,F20-09",keyword_search,3,1,,
1282022089482887170,2020-07-11T18:40:59+00:00,bodhicat54,1164242702415699968,"Of course #Florence can't help because nicotine vaping already works to reduce the harm of combustible cigarettes

Tobacco #HarmReduction 
#LowerRisk nicotine products",en,x_quote,https://x.com/bodhicat54/status/1282022089482887170,1282022089482887170,,1282019527354724354,2026-10-08T15:10:25+00:00,2026-10-08T15:10:25+00:00,F20-09,keyword_search,1,1,,
1282022750937391104,2020-07-11T18:43:37+00:00,ChaunceyGardner,955925072375701504,@Vinayakmprasad @WHO Please share evidence from randomized control trials showing that #Florence helps smokers quit.  Or admit @WHO just wasted a $million to develop a completely rediculous ineffective smoking cessation tool.  And admit you don't really care about helping smokers quit.,en,x_reply,https://x.com/ChaunceyGardner/status/1282022750937391104,1281820078028124161,1281820078028124161,,2026-10-08T14:59:34+00:00,2026-10-08T15:11:24+00:00,"F20-02,F20-03,F20-10",keyword_search,3,1,,
1282023915238219777,2020-07-11T18:48:14+00:00,HoffmanMichaelA,243666972,"@peterdukephoto @firstcitizensam @leytedriver @larouchepac Beginning with the Platonic Academy in Florence, funded by Medici, from which would  spring Marsilio Ficino's Neoplatonic Hermeticism and later Pico della Mirandola's Kabbalism. Pico found favor with Alexander VI who exonerated him. Leo X (Medici ) arranged publication of Talmud.",en,x_reply,https://x.com/HoffmanMichaelA/status/1282023915238219777,1281996089327906816,1282005105923915776,,2026-10-08T14:59:34+00:00,2026-10-08T14:59:34+00:00,F20-02,keyword_search,1,1,,
1282027284610854913,2020-07-11T19:01:38+00:00,SeismicPirate,27145245,"@ChaunceyGardner @Vapingit @KulikovUNIATF @WHO @un_ncd Florence only recommends a 93% failure rate. The @WHO  has become a propaganda arm of the pharma industry and little else

Trump's decision to defund and pull out of the @WHO is the right decision. They cannot be trusted @RepMarkkanen @SenEdMcBroom @RepJackBergman 

#WeVapeWeVote",en,x_reply,https://x.com/SeismicPirate/status/1282027284610854913,1281581250118123520,1282019527354724354,,2026-10-08T14:59:34+00:00,2026-10-08T15:02:13+00:00,"F20-02,F20-03",keyword_search,2,1,,
1282027433873625097,2020-07-11T19:02:13+00:00,Vapingit,2567782003,"@ChaunceyGardner @SeismicPirate @KulikovUNIATF @WHO @un_ncd You'd think 'Florence' would say ""Awww, tried the other options over &amp; again? That's normal. Great news, vaping is an option! Let's look at data, research, so you can make informed choices on nicotine strength &amp; flavors that are right for you.""

BUT I LIVE IN A #BOT WORLD!",en,x_reply,https://x.com/Vapingit/status/1282027433873625097,1281581250118123520,1282019527354724354,,2026-10-08T14:59:34+00:00,2026-10-08T15:02:13+00:00,"F20-02,F20-03",keyword_search,2,1,,
1282033465299546112,2020-07-11T19:26:11+00:00,florence_rattle,952528141116956672,"@DrPiras @StevieAudio @roselyddon Isn’t this the point that many women have made?
Track and trace can be dangerous for women - you don’t know who has access to your name and address. 
Maybe listen to women when they’re pointing out creepy shit.",en,x_reply,https://x.com/florence_rattle/status/1282033465299546112,1281885086347075588,1282031201579077634,,2026-10-08T14:59:34+00:00,2026-10-08T14:59:34+00:00,F20-02,keyword_search,1,1,,
1282035744777949186,2020-07-11T19:35:15+00:00,Akuba03,2635771711,I am honored to say that Florence Ndagire @florence_ndagi is nominated to @Diversability’s #D30DisList. Thank you to everyone who nominated her for this honor! You can learn more about the list at https://t.co/zhZ6yUJWcq.,en,x_post,https://x.com/Akuba03/status/1282035744777949186,1282035744777949186,,,2026-10-08T14:59:34+00:00,2026-10-08T14:59:34+00:00,F20-02,keyword_search,1,1,,
1282039331994165248,2020-07-11T19:49:30+00:00,Florencecavpack,924025332847521792,your pet and who they are named after ⬇️ I am named after my great grandma Florence Fuller 😊👍 https://t.co/va6s4czCSB,en,x_post,https://x.com/Florencecavpack/status/1282039331994165248,1282039331994165248,,,2026-10-08T14:59:34+00:00,2026-10-08T14:59:34+00:00,F20-02,keyword_search,1,1,,
1282039953594167296,2020-07-11T19:51:58+00:00,RushmoreExt23,276236590,"@ChaunceyGardner @WafflesKaramel @SeismicPirate @Vapingit @KulikovUNIATF @WHO @un_ncd Her name is #Florence.
#Florence, Charles!
I'm surprised she didn't make you eat an Ivory soap bar. 
Although, Kevin may have a crush.
""Technically"" speaking, he is still their leader.🙄🆘",en,x_reply,https://x.com/RushmoreExt23/status/1282039953594167296,1281581250118123520,1282019527354724354,,2026-10-08T14:59:34+00:00,2026-10-08T15:02:13+00:00,"F20-02,F20-03",keyword_search,2,1,,
1282041225105879042,2020-07-11T19:57:01+00:00,Florencecavpack,924025332847521792,@msleford I fink she was a woman who liked having fun wiv a good sense of humour and didn't take any 💩 👍👍👍 so yeah a bit like me 👍😘,en,x_reply,https://x.com/Florencecavpack/status/1282041225105879042,1282039331994165248,1282040189641265153,,2026-10-08T14:59:34+00:00,2026-10-08T14:59:34+00:00,F20-02,keyword_search,1,1,,
1282043150018793479,2020-07-11T20:04:40+00:00,Florence3207479,1040792355601829889,"@Kokokolalove @myaddictionssv Awww, I wish I was 5.5 😫, God bless your Anna Santa, I can't tell who is the lamb on that picture she's adorable. ❤️",en,x_reply,https://x.com/Florence3207479/status/1282043150018793479,1258816712738312193,1282039714539876352,,2026-10-08T14:59:34+00:00,2026-10-08T14:59:34+00:00,F20-02,keyword_search,1,1,,
1282052786314772483,2020-07-11T20:42:58+00:00,vampflore,1013321524273602560,"@catgirlporrim @TheCowMangler to add onto this, double jumping decreases your movement speed, so itll be easier for players who know this to hit airshots (soldiers/demos specifically) or predict where you're going to go in general",en,x_post,https://x.com/vampflore/status/1282052786314772483,1282051083213385730,,,2026-10-08T14:59:21+00:00,2026-10-08T14:59:21+00:00,F20-02,keyword_search,1,1,,
1282053577234624517,2020-07-11T20:46:06+00:00,RushmoreExt23,276236590,"@KulikovUNIATF @WHO @un_ncd Dear God?
1.3 billion smokers need something other than a good chuckle, @KulikovUNIATF 

#Florence sells #pharma.
#vapingsaveslives
Notice the distinction?",en,x_reply,https://x.com/RushmoreExt23/status/1282053577234624517,1281581250118123520,1281581250118123520,,2026-10-08T14:59:21+00:00,2026-10-08T15:02:13+00:00,"F20-02,F20-03",keyword_search,2,1,,
1282057111602630661,2020-07-11T21:00:09+00:00,RushmoreExt23,276236590,"The @WHO obviously doesn't give a damn about saving 1.3 billion adult smokers.
Why is that, #Florence?
(Crickets)",en,x_post,https://x.com/RushmoreExt23/status/1282057111602630661,1282057111602630661,,,2026-10-08T14:59:21+00:00,2026-10-08T15:02:13+00:00,"F20-02,F20-03",keyword_search,2,1,,
1282058081673908227,2020-07-11T21:04:00+00:00,ChaunceyGardner,955925072375701504,"@RushmoreExt23 @WafflesKaramel @SeismicPirate @Vapingit @KulikovUNIATF @WHO @un_ncd I am not attracted to Florence
I am not attracted to Florence
I am not attracted to Florence
I am not attracted to Florence
I am not attracted to Florence
I am not attracted to Florence
I am not attracted to Florence
I am not attracted to Florence
(OK, a little bit)",en,x_reply,https://x.com/ChaunceyGardner/status/1282058081673908227,1281581250118123520,1282039953594167296,,2026-10-08T14:59:21+00:00,2026-10-08T15:02:13+00:00,"F20-02,F20-03",keyword_search,2,1,,
1282118910695763968,2020-07-12T01:05:43+00:00,pawar_jaswinder,1185834457367900160,"#NOMEX
According to Florence
There will be a strong feeling of resentment in people. Mis-
conduct will reach its peak. Those who lead a luxurious life in west-
ern countries will have disappointment, restlessness and unrest.
Unfulfilled desires will escalate. https://t.co/f8xW5YYpAm",en,x_post,https://x.com/pawar_jaswinder/status/1282118910695763968,1282118910695763968,,,2026-10-08T14:59:21+00:00,2026-10-08T14:59:21+00:00,F20-02,keyword_search,1,1,,
1282140130174660608,2020-07-12T02:30:02+00:00,Ashadevi9415,923032746804461568,"@realDonaldTrump @JesseBWatters Honorable President Donald J Trump Ji Your American predictionist Florence has written in his book""Golden Light of New Era"": The great saint will be born in India, who will publish the world with his knowledge and will establish peace in the world.
Savior of world Saint Rampal Ji https://t.co/pUa72J9Smd",en,x_reply,https://x.com/Ashadevi9415/status/1282140130174660608,1282104681154609152,1282104681154609152,,2026-10-08T14:59:21+00:00,2026-10-08T14:59:21+00:00,F20-02,keyword_search,1,1,,
1282185272789172224,2020-07-12T05:29:25+00:00,threshingflo,3129353946,"The person who gave you that evil advice could be the one who announces your death. Be wise. Don't be Amnon!
2 Samuel 13",en,x_post,https://x.com/threshingflo/status/1282185272789172224,1282185272789172224,,,2026-10-08T14:59:21+00:00,2026-10-08T14:59:21+00:00,F20-02,keyword_search,1,1,,
1282203225387499524,2020-07-12T06:40:45+00:00,omcbabe,728736865,Forever resentful that all 3 of my siblings got full orthodontist treatments and have perfect teeth but I got smile direct who ghosted me after 7 months of treatment that messed up my bite and my teeth are still busted....,en,x_post,https://x.com/omcbabe/status/1282203225387499524,1282203225387499524,,,2026-10-08T14:59:21+00:00,2026-10-08T14:59:21+00:00,F20-02,keyword_search,1,1,,
1282209683017592836,2020-07-12T07:06:25+00:00,peekaboo_jen,2298068528,"This whole scene is brilliant.
It moves from the subtle joy of seeing Murtagh, knowing he's safe, to the devastation of him getting shot while protecting him &amp; then the soul shattering asking for help &amp; not getting any.
Absolutely heartbreaking.
#ForYourConsiderationSamHeughan",en,x_post,https://x.com/peekaboo_jen/status/1282209683017592836,1282209683017592836,,,2026-10-08T14:59:21+00:00,2026-10-08T14:59:21+00:00,F20-02,keyword_search,1,1,,
1282213239133294592,2020-07-12T07:20:33+00:00,Florenceland60,936996793,"@asiyaa12345 I know, I felt the same when I started watching Korean drama 😂😂😂 moreover, Korean actors tend to have the same haircut, you wouldn't tell who is who 😂😂",en,x_reply,https://x.com/Florenceland60/status/1282213239133294592,1282181615851053056,1282212477866999808,,2026-10-08T14:59:21+00:00,2026-10-08T14:59:21+00:00,F20-02,keyword_search,1,1,,
1282214756745535493,2020-07-12T07:26:35+00:00,Vinayakmprasad,145600739,"Some people are confused that #Florence , @WHO digital health worker is a professional Quit Counsellor ! She is a virtual #community health worker giving 2-3 min #brief #tobacco Advice  https://t.co/Ml7SqaRf2t",en,x_post,https://x.com/Vinayakmprasad/status/1282214756745535493,1282214756745535493,,,2026-10-08T14:59:21+00:00,2026-10-08T15:12:11+00:00,"F20-02,F20-03,F20-04,F20-09,F20-11",keyword_search,5,1,,
1282223090320183297,2020-07-12T07:59:41+00:00,DWOnThisDay,736586569621082112,Happy Birthday to Florence Hoath who played Nancy in The Empty Child and The Doctor Dances. https://t.co/0rS4CPJfAj,en,x_post,https://x.com/DWOnThisDay/status/1282223090320183297,1282223090320183297,,,2026-10-08T14:59:21+00:00,2026-10-08T14:59:21+00:00,F20-02,keyword_search,1,1,,
1282280052923740160,2020-07-12T11:46:02+00:00,EcigClick,394655183,Vape News: First Vaping Billionaires – WHO Is Florence the Stop Smoking Bot? – Jail Threat For Vape Ads and Vaping Black Market Thriving: https://t.co/aViN3JfSYx #vapenews #vape #vapers #vaping #ecigclick https://t.co/Q0LotIU59Q,en,x_post,https://x.com/EcigClick/status/1282280052923740160,1282280052923740160,,,2026-10-08T14:59:21+00:00,2026-10-08T15:11:24+00:00,"F20-02,F20-10",keyword_search,2,1,,
1282296959806640130,2020-07-12T12:53:13+00:00,Flo_of_HFgaming,705453495193890816,I will never understand the people who wear their bigotry like a badge of honor.,en,x_post,https://x.com/Flo_of_HFgaming/status/1282296959806640130,1282296959806640130,,,2026-10-08T14:59:21+00:00,2026-10-08T14:59:21+00:00,F20-02,keyword_search,1,1,,
1282298279951245312,2020-07-12T12:58:28+00:00,Florenceschatz7,1123607039081615362,"Who could blame Claire for being angry, especially because of the way that she learned that Jamie was married to Laorghaire when she came back after 20 years. Jamie tried to justify his actions to Claire’s satisfaction. #ForYourConsiderationSamHeughan",en,x_post,https://x.com/Florenceschatz7/status/1282298279951245312,1282298279951245312,,,2026-10-08T14:59:21+00:00,2026-10-08T14:59:21+00:00,F20-02,keyword_search,1,1,,
1282304209224966150,2020-07-12T13:22:02+00:00,lunamuriente,1103261068498034688,doctor who taylor swift lorde florence + the machine romanticismo lady bird comedias románticas john keats flores cottagecore mary shelley vacas con manchas en forma de corazón david tennant pdfs subrayados con amarillo poesía academicismo,es,x_post,https://x.com/lunamuriente/status/1282304209224966150,1282304209224966150,,,2026-10-08T14:59:21+00:00,2026-10-08T14:59:21+00:00,F20-02,keyword_search,1,1,,
1282310381051019266,2020-07-12T13:46:33+00:00,Florenceschatz7,1123607039081615362,"Depending on who we think Jamie is asking for help!  If he was asking God for help, God could only give him strength to bear the death of his beloved godfather right before his eyes. 
#ForYourConsiderationSamHeughan",en,x_quote,https://x.com/Florenceschatz7/status/1282310381051019266,1282310381051019266,,1282209683017592836,2026-10-08T14:59:21+00:00,2026-10-08T14:59:21+00:00,F20-02,keyword_search,1,1,,
1282312330945191938,2020-07-12T13:54:18+00:00,MithiVita,1121770951203545093,Yes i did!!!! well i may say she is good. The only challenge will be accessibility for #African #smokers. But if the program (Florence) is installed on mobile apps (with language of each country) at-least a good number of smokers may access Florence.  @WHO https://t.co/jYzJpurFSw,en,x_post,https://x.com/MithiVita/status/1282312330945191938,1282312330945191938,,,2026-10-08T14:59:21+00:00,2026-10-08T15:02:13+00:00,"F20-02,F20-03",keyword_search,2,1,,
1282337081830891522,2020-07-12T15:32:39+00:00,NZinUAE,2956736880,New Zealand Artificial Intelligence company @Soulmachines has helped create the first @WHO “digital health worker”🧑🏻‍⚕️to fight the impacts of COVID19.  https://t.co/tMymEhkuDj,en,x_post,https://x.com/NZinUAE/status/1282337081830891522,1282337081830891522,,,2026-10-08T15:12:11+00:00,2026-10-08T15:12:11+00:00,F20-11,keyword_search,1,1,,
1282354389366251523,2020-07-12T16:41:26+00:00,MDrummond95,50355887,"@peekaboo_jen Ian said exactly what Jamie needed to hear. 
 #ForYourConsiderationSamHeughan",en,x_reply,https://x.com/MDrummond95/status/1282354389366251523,1282340633164697600,1282340633164697600,,2026-10-08T14:59:21+00:00,2026-10-08T14:59:21+00:00,F20-02,keyword_search,1,1,,
1282358668613345280,2020-07-12T16:58:26+00:00,Florenceschatz7,1123607039081615362,"Yes, Ian reminded Jamie of who he is and what is expected of him. #ForYourConsiderationSamHeughan",en,x_quote,https://x.com/Florenceschatz7/status/1282358668613345280,1282358668613345280,,1282354389366251523,2026-10-08T14:59:21+00:00,2026-10-08T14:59:21+00:00,F20-02,keyword_search,1,1,,
1282361159153319936,2020-07-12T17:08:20+00:00,ISharvi,1643583644,@AsToldByKenya Florence and all the other women who were screaming were ACT TING!! That scene was so powerful to me,en,x_reply,https://x.com/ISharvi/status/1282361159153319936,1282360241506713602,1282360241506713602,,2026-10-08T14:59:21+00:00,2026-10-08T14:59:21+00:00,F20-02,keyword_search,1,1,,
1282387687371087872,2020-07-12T18:53:44+00:00,Florencecavpack,924025332847521792,"Cmon #cavpack anyone who wants to drop some clues or just a #choon for a song that represent der doggie personality, send yer tweets 👍🏻 #droptheneedle",en,x_post,https://x.com/Florencecavpack/status/1282387687371087872,1282387687371087872,,,2026-10-08T14:59:21+00:00,2026-10-08T14:59:21+00:00,F20-02,keyword_search,1,1,,
1282397722377478145,2020-07-12T19:33:37+00:00,Floawuor,889939884898648065,"@AjakuCatherine @HarrietKavere @otieno_b7 @E_Wambua @charity_sang @VellarDukunde @ColletaKeri @adenya_leah @DesireAsaba @AnnaAnttila1 GOD loved us even before HE created us

Loving and obeying HIM voluntarily is what HE seeks

HE can't force us. Those who are willing and go closer to HIM, HE rescues

#TheRevivalSunday",en,x_reply,https://x.com/Floawuor/status/1282397722377478145,1282369786249445377,1282390415853924352,,2026-10-08T14:59:08+00:00,2026-10-08T14:59:08+00:00,F20-02,keyword_search,1,1,,
1282419128498872321,2020-07-12T20:58:41+00:00,KySportsRadio,21920725,A Facebook post about the Florence Bar Owner who put out the video to the Governor https://t.co/StRAaZ1xCZ,en,x_post,https://x.com/KySportsRadio/status/1282419128498872321,1282419128498872321,,,2026-10-08T14:59:08+00:00,2026-10-08T14:59:08+00:00,F20-02,keyword_search,1,1,,
1282419773138239488,2020-07-12T21:01:14+00:00,TheNBR,19576432,"@Soulmachines builds @WHO's first digital health worker.

Soul Machines's Greg Cross told NBR, Covid-19 had created new demand for tech and the number of inquiries the company received for their digital workers had gone up.
🔗: https://t.co/bvYPjtjSoz https://t.co/FGYx5WSM96",en,x_post,https://x.com/TheNBR/status/1282419773138239488,1282419773138239488,,,2026-10-08T15:12:11+00:00,2026-10-08T15:12:11+00:00,F20-11,keyword_search,1,1,,
1282421466831740928,2020-07-12T21:07:58+00:00,musictakesbot,1008618108771332096,Florence + The Machine is Taylor Swift people who enjoy the Big Bang Theory,en,x_post,https://x.com/musictakesbot/status/1282421466831740928,1282421466831740928,,,2026-10-08T14:59:08+00:00,2026-10-08T14:59:08+00:00,F20-02,keyword_search,1,1,,
1282428997360668679,2020-07-12T21:37:54+00:00,Floawuor,889939884898648065,"@AjakuCatherine @otieno_b7 @E_Wambua @HarrietKavere @charity_sang @VellarDukunde @ColletaKeri @adenya_leah @DesireAsaba @AnnaAnttila1 I agree

They who obeyed THE LORD in the wilderness, made it into the promised land

I too want to enter the safety of THE LORD 
#TheRevivalSunday",en,x_reply,https://x.com/Floawuor/status/1282428997360668679,1282369786249445377,1282413370050838528,,2026-10-08T14:59:08+00:00,2026-10-08T14:59:08+00:00,F20-02,keyword_search,1,1,,
1282460770970763265,2020-07-12T23:44:09+00:00,fowflo,153365411,"My heart goes out to us all who really planned for this year to be their breakthrough: To start that new thing, To grow a business, to change jobs, to relocate etc. May Peace fill you up and may new doors that you never dreamed off open for you to walk in.",en,x_post,https://x.com/fowflo/status/1282460770970763265,1282460770970763265,,,2026-10-08T14:59:08+00:00,2026-10-08T14:59:08+00:00,F20-02,keyword_search,1,1,,
1282480057475358720,2020-07-13T01:00:47+00:00,Flobim1,1081991545497284608,"@ayemojubar @ade_ogbeni Honestly, people shouldn’t wait to be consulted/induced to participate in peaceful protests such as this. Who mobilized them for the SA xenophobic protests? I believe the obj is clear; however, most #Nigerians would rather remain in agony than take a step to demand our rights.",en,x_reply,https://x.com/Flobim1/status/1282480057475358720,1282433449643651073,1282433449643651073,,2026-10-08T14:59:08+00:00,2026-10-08T14:59:08+00:00,F20-02,keyword_search,1,0,,
1282510060598501376,2020-07-13T03:00:00+00:00,NZMorningReport,39352227,"The WHO has a new face on the front-line and her creators are Kiwi.

https://t.co/k54R73tB8I",en,x_post,https://x.com/NZMorningReport/status/1282510060598501376,1282510060598501376,,,2026-10-08T14:59:08+00:00,2026-10-08T15:12:11+00:00,"F20-02,F20-04,F20-11",keyword_search,3,1,,
1282514577389846528,2020-07-13T03:17:57+00:00,newsNZcn,1257910808433922048,世卫组织（WHO）的第一位“数字卫生工作者”是由新西兰人设计的。周末，世卫组织介绍了佛罗伦萨（Florence）一个AI机器人，用于对抗Covid-19的错误信息并倡导戒烟。独特的设计理念使得与佛罗伦萨的每一次互动都是独一无二的。格雷格·克罗斯（Greg Cross）是灵魂机器联合创始人。 https://t.co/w1Ah10xZT6,zh,x_post,https://x.com/newsNZcn/status/1282514577389846528,1282514577389846528,,,2026-10-08T14:59:08+00:00,2026-10-08T15:12:11+00:00,"F20-02,F20-04,F20-11",keyword_search,3,1,,
1282517580582879235,2020-07-13T03:29:53+00:00,AIForumNZ,864974905607045120,"Soul Machines Joins Forces with the World Health Organization to Combat COVID-19 Misinformation and Help More Than 1 Billion Tobacco Users Quit.
Meet Florence, the Digital Health Worker, Ready to Engage and Inform. 
https://t.co/jtFloxBW5G        https://t.co/AVT0BgSefl https://t.co/7ittkdxr7B",en,x_post,https://x.com/AIForumNZ/status/1282517580582879235,1282517580582879235,,,2026-10-08T14:53:16+00:00,2026-10-08T15:10:25+00:00,"F20-01,F20-04,F20-08,F20-09",keyword_search,4,1,,
1282525912039215104,2020-07-13T04:03:00+00:00,ONU_fr,259325103,"Ayez confiance en vous.

Vous êtes plus fort que votre dépendance au tabac. 

Les conseils de Florence, l'agent de santé numérique de l'@WHO, pour arrêter de fumer. https://t.co/31ztG1cwbg #NoTobacco https://t.co/pc4uz0PiZa",fr,x_post,https://x.com/ONU_fr/status/1282525912039215104,1282525912039215104,,,2026-10-08T14:59:08+00:00,2026-10-08T15:02:13+00:00,"F20-02,F20-03",keyword_search,2,1,,
1282546202844606464,2020-07-13T05:23:37+00:00,FactBuffet,3287269172,"There’s a World War I veteran who lived until the year 2012.
Her name was Florence Green.",en,x_post,https://x.com/FactBuffet/status/1282546202844606464,1282546202844606464,,,2026-10-08T14:59:08+00:00,2026-10-08T14:59:08+00:00,F20-02,keyword_search,1,0,,
1282555848343146496,2020-07-13T06:01:57+00:00,certifiedmoody,1227481742283563008,"@TeaPoweredHuman This is absolutely adorable. I don't know who Florence is (I'm guessing one of your cats, in which case I'd love to see a photo), but all I can say is AWWWWW",en,x_post,https://x.com/certifiedmoody/status/1282555848343146496,1282553753166544898,,,2026-10-08T14:59:08+00:00,2026-10-08T14:59:08+00:00,F20-02,keyword_search,1,0,,
1282575546208190470,2020-07-13T07:20:13+00:00,east_facts,1229049433549148162,"FACT: Florence Alice Lubega, was Uganda’s first ever female legislator, having joined the Legislative Council in 1957.

In 1920, the Legislative Council was formed by colonials and it only had five members who were all European. The first Ugandan members were admitted in 1945. https://t.co/JYTrsjo1lK",en,x_post,https://x.com/east_facts/status/1282575546208190470,1282575546208190470,,,2026-10-08T14:59:08+00:00,2026-10-08T14:59:08+00:00,F20-02,keyword_search,1,0,,
1282606094896914433,2020-07-13T09:21:37+00:00,peekaboo_jen,2298068528,"I shouldn't have had that curry.
#ForYourConsiderationSamHeughan",en,x_post,https://x.com/peekaboo_jen/status/1282606094896914433,1282606094896914433,,,2026-10-08T14:59:08+00:00,2026-10-08T14:59:08+00:00,F20-02,keyword_search,1,0,,
1282612136557125643,2020-07-13T09:45:37+00:00,KulikovUNIATF,737362108397060096,Soul Machines' 'Florence' enlisted by WHO to fight COVID-19 https://t.co/zVtqumN0lo,en,x_post,https://x.com/KulikovUNIATF/status/1282612136557125643,1282612136557125643,,,2026-10-08T14:59:08+00:00,2026-10-08T15:09:39+00:00,"F20-02,F20-08",keyword_search,2,1,,
1282634279479115777,2020-07-13T11:13:37+00:00,FloMchunu,1404392137,"@CyrilRamaphosa you addressed almost all issues except one, our children we are in top 10 worldwide and leading in Africa yet our kids must be at school facing this invisible monster, the president never said anything about learners who are infected and learners and teachers who died of covid.",en,x_reply,https://x.com/FloMchunu/status/1282634279479115777,1282603471615729664,1282603471615729664,,2026-10-08T14:59:08+00:00,2026-10-08T14:59:08+00:00,F20-02,keyword_search,1,0,,
1282636595351498758,2020-07-13T11:22:49+00:00,florence446,435508149,@zinz_sibisi Scary how most men's responses are blaming the victim...this are the same men who keep quiet wen their friends rape or abuse ...we have a long way to go with this Gbv...u did great @zinz_sibisi for standing up to this bully,en,x_reply,https://x.com/florence446/status/1282636595351498758,1282415409732476929,1282415409732476929,,2026-10-08T14:59:08+00:00,2026-10-08T14:59:08+00:00,F20-02,keyword_search,1,0,,
1282646020795453440,2020-07-13T12:00:16+00:00,iamenzovirtucio,1262499817596411904,"The greater the love you have for a person,

The greater the opportunity to break you apart.

Love wisely. 
Know who is worth your love and who is not.",en,x_post,https://x.com/iamenzovirtucio/status/1282646020795453440,1282646020795453440,,,2026-10-08T14:59:08+00:00,2026-10-08T14:59:08+00:00,F20-02,keyword_search,1,0,,
1282656638646788097,2020-07-13T12:42:27+00:00,Florenceschatz7,1123607039081615362,Who took my clothes?,en,x_quote,https://x.com/Florenceschatz7/status/1282656638646788097,1282656638646788097,,1282606094896914433,2026-10-08T14:59:08+00:00,2026-10-08T14:59:08+00:00,F20-02,keyword_search,1,0,,
1282665973582049281,2020-07-13T13:19:33+00:00,mrlurvy,283969541,"Dr Mrs Florence Ajimobi with The Commandant of Oyo State NSCDC, Alhaji Iskilu Adebayo who paid a condolence visit to the Ajimobi family https://t.co/ZSf8Cyz4p6",en,x_post,https://x.com/mrlurvy/status/1282665973582049281,1282665973582049281,,,2026-10-08T14:59:08+00:00,2026-10-08T14:59:08+00:00,F20-02,keyword_search,1,0,,
1282692204562124800,2020-07-13T15:03:47+00:00,SalonRebooted,864433854148485120,"Here is one of the many obituaries for Florence Smithson, who died in 1936 at the age of 52. It highlights her split of time between Britain and Australia.

#womensstories #salon #womeninmusic #musichistory #musicscores #womensingers https://t.co/an04lOe7CT",en,x_post,https://x.com/SalonRebooted/status/1282692204562124800,1282692204562124800,,,2026-10-08T14:59:08+00:00,2026-10-08T14:59:08+00:00,F20-02,keyword_search,1,0,,
1282696695973851136,2020-07-13T15:21:38+00:00,Floramano,1564320913,"And do not fear those who kill the body but cannot kill the soul. But rather fear Him who is able to destroy both soul and body in hell.

~ Matthew 10:28 NKJV",en,x_post,https://x.com/Floramano/status/1282696695973851136,1282696695973851136,,,2026-10-08T14:59:08+00:00,2026-10-08T14:59:08+00:00,F20-02,keyword_search,1,0,,
1282722661278404616,2020-07-13T17:04:48+00:00,florence_rattle,952528141116956672,"@pstalin16 I don’t think ugly as such, more feeling a disconnect from other teens who follow gender stereotypes. 
Toys and clothes are so much more gendered than they were even 20 years ago. Must be a nightmare for GNC children and teens now.",en,x_post,https://x.com/florence_rattle/status/1282722661278404616,1282649294110109696,,,2026-10-08T14:58:56+00:00,2026-10-08T14:58:56+00:00,F20-02,keyword_search,1,1,,
1282726823231717377,2020-07-13T17:21:21+00:00,Florence_Sethi,51149783,@smelbz i have no idea who you are but I have found you consistently funny.,en,x_post,https://x.com/Florence_Sethi/status/1282726823231717377,1282726823231717377,,,2026-10-08T14:58:56+00:00,2026-10-08T14:58:56+00:00,F20-02,keyword_search,1,1,,
1282734671588196353,2020-07-13T17:52:32+00:00,JoshBLevesque,21055909,"@goddammitsarah Not as scary as Hereditary (IMO, as someone who really liked Hereditary), but beautifully shot and Florence Pugh fucking crushes it. I really liked it.",en,x_reply,https://x.com/JoshBLevesque/status/1282734671588196353,1282731802260430848,1282732741725847552,,2026-10-08T14:58:56+00:00,2026-10-08T14:58:56+00:00,F20-02,keyword_search,1,1,,
1282735095334535171,2020-07-13T17:54:13+00:00,_nyhomie,826678350353608705,I need everybody who was in chamber winds at Mesa to give me the names of any songs you remember lol it’s important,en,x_post,https://x.com/_nyhomie/status/1282735095334535171,1282735095334535171,,,2026-10-08T14:58:56+00:00,2026-10-08T14:58:56+00:00,F20-02,keyword_search,1,1,,
1282740691655888900,2020-07-13T18:16:27+00:00,Dale___Roberts,1184534936621072384,"J &amp; J donate 1million US dollars worth of nicotine patches to the @who.
@who says to use their digital health worker and NRT's to quit smoking.
Yeap I can see where this is going.",en,x_reply,https://x.com/Dale___Roberts/status/1282740691655888900,1282740689693024261,1282740689693024261,,2026-10-08T15:12:11+00:00,2026-10-08T15:12:11+00:00,F20-11,keyword_search,1,1,,
1282742695304343553,2020-07-13T18:24:25+00:00,wormybel,1249091185915973633,"2) twin with ME , yes that's right, you get to twin with THE Bel Florence (as well as all of the other amazing people who have already ordered)",en,x_reply,https://x.com/wormybel/status/1282742695304343553,1282742277643927552,1282742485454934025,,2026-10-08T14:58:56+00:00,2026-10-08T14:58:56+00:00,F20-02,keyword_search,1,1,,
1282755227033104385,2020-07-13T19:14:13+00:00,florencemadenga,1009211625667260421,Still really wierd teaching high schoolers and being called “Ms. Flo.” But I do like feeling like an adult who knows something.,en,x_post,https://x.com/florencemadenga/status/1282755227033104385,1282755227033104385,,,2026-10-08T14:58:56+00:00,2026-10-08T14:58:56+00:00,F20-02,keyword_search,1,1,,
1282761011456389121,2020-07-13T19:37:12+00:00,YMLA_Florence,721824355819229184,"It is with a heavy heart that I inform you that our amazing PE Teacher/Coach, Jennifer Hickmon has died. This is a tragic loss for our school community. Please don’t hesitate to contact our campus counselors who are available for support. https://t.co/8lvWFzOihe",en,x_post,https://x.com/YMLA_Florence/status/1282761011456389121,1282761011456389121,,,2026-10-08T14:58:56+00:00,2026-10-08T14:58:56+00:00,F20-02,keyword_search,1,1,,
1282769743469043715,2020-07-13T20:11:54+00:00,Flomellynews,2994179314,"Just a little reminder, the children finish for the summer holidays on Thursday 16th July at 1:30pm, apart from our Year 6 pupils, who finish at 3:15pm. Both Wednesday 15th and Thursday 16th July will be non school uniform days! See below for more details: https://t.co/7Z2VdPGgWJ https://t.co/pUFsvrp1Nn",en,x_post,https://x.com/Flomellynews/status/1282769743469043715,1282769743469043715,,,2026-10-08T14:58:56+00:00,2026-10-08T14:58:56+00:00,F20-02,keyword_search,1,1,,
1282777175695867906,2020-07-13T20:41:26+00:00,AntiSulla,929566849875853312,@Slate I feel bad for the people who work there right now.,en,x_reply,https://x.com/AntiSulla/status/1282777175695867906,1282715929114284033,1282715929114284033,,2026-10-08T14:58:56+00:00,2026-10-08T14:58:56+00:00,F20-02,keyword_search,1,1,,
1282803650499194880,2020-07-13T22:26:38+00:00,stan4Legends,1229284816325160961,"so me and a few 5sos friends wanna do a dom gc

who wants in and simp over @yungblud?",en,x_post,https://x.com/stan4Legends/status/1282803650499194880,1282803650499194880,,,2026-10-08T14:58:56+00:00,2026-10-08T14:58:56+00:00,F20-02,keyword_search,1,1,,
1282821343457812481,2020-07-13T23:36:56+00:00,foxmuldervevo,3148057303,damn bein a nanny rly is a lifestyle choice the girl who lives next door to the house i work at who plays with my kids all the time just facetimed me during her vacation cuz she missed me......i’m not even her nanny................,en,x_post,https://x.com/foxmuldervevo/status/1282821343457812481,1282821343457812481,,,2026-10-08T14:58:56+00:00,2026-10-08T14:58:56+00:00,F20-02,keyword_search,1,1,,
1282822778240987136,2020-07-13T23:42:38+00:00,AntiSulla,929566849875853312,"@jasmine4vel @Juliet3director @AuthorKimberley My sincerest apologies to the good people who dress in drag. It’s just what the picture looks like to me, in a rather startling way, tbh.",en,x_reply,https://x.com/AntiSulla/status/1282822778240987136,1282717675781857280,1282815590931943424,,2026-10-08T14:58:56+00:00,2026-10-08T14:58:56+00:00,F20-02,keyword_search,1,1,,
1282829711182385154,2020-07-14T00:10:11+00:00,momma_floren_,1256837533201248256,"solte um ""."" e eu digo o que penso de você:

1 ⠁ 🥛    um bebê.
2 ⠁ 🖤    fav.
3 ⠁ ⛓    já stalkeei. 
4 ⠁ 🔌    famosinhe.
5 ⠁ ☁️    crush.
6 ⠁ 🔪    uma obra de arte. 
7 ⠁ 🍙    amo o perfil.
8 ⠁ 🗣    who are you?",pt,x_post,https://x.com/momma_floren_/status/1282829711182385154,1282829711182385154,,,2026-10-08T14:58:56+00:00,2026-10-08T14:58:56+00:00,F20-02,keyword_search,1,1,,
1282869982364229632,2020-07-14T02:50:13+00:00,YuchenFlorence,1260859821160402944,"Want to buy myself this new suit of MC 💝
To be honest, I'm pretty confident about my body 😝
But I don't know if I have time to wear them 😭😭 https://t.co/5mmuYe15BI",en,x_post,https://x.com/YuchenFlorence/status/1282869982364229632,1282869982364229632,,,2026-10-08T14:58:41+00:00,2026-10-08T14:58:41+00:00,F20-02,keyword_search,1,1,,
1282878501121667072,2020-07-14T03:24:04+00:00,Rani0714,1155861459131408385,"@westieTX @CABRAXAS10 Interesting thread re: Pelosi, Newsome, Florence Feng (her influence) &amp; her son who was a BART Board member. BART buses are bought/leased from BYD. The same BYD that was given $1billion  https://t.co/tZhVsYJcMf",en,x_reply,https://x.com/Rani0714/status/1282878501121667072,1282867859287236608,1282869178328809474,1252336711918432258,2026-10-08T14:58:56+00:00,2026-10-08T14:58:56+00:00,F20-02,keyword_search,1,1,,
1282879297544425472,2020-07-14T03:27:13+00:00,MCF6Reese,2441278684,2020 been hell but last year was the worst year of my fucc’n life! Ain’t even know who tf I was half the year! Thank you God for sparing me life that night I crashed out! Thank all y’all who counted me out &amp; gave up on me! I ain’t exactly where I wanna be yet but I’m otw!,en,x_post,https://x.com/MCF6Reese/status/1282879297544425472,1282879297544425472,,,2026-10-08T14:58:56+00:00,2026-10-08T14:58:56+00:00,F20-02,keyword_search,1,1,,
1282879854665363457,2020-07-14T03:29:26+00:00,inlovewithflo,1239131847604355074,@0CTAVlAS She always bring piece of Lincoln with her 😭 I wonder who did her braids now,en,x_reply,https://x.com/inlovewithflo/status/1282879854665363457,1282848569486172160,1282879307774406656,,2026-10-08T14:58:56+00:00,2026-10-08T14:58:56+00:00,F20-02,keyword_search,1,1,,
1282887247226908677,2020-07-14T03:58:49+00:00,EliFretes3,1221224524911403013,"Mirada que lo dicen todo!!! Dolor ...desesperanza.
#ForYourConsiderationSamHeughan 
#gorropardo #jamieelrojo https://t.co/bVpkSx8SSG",es,x_post,https://x.com/EliFretes3/status/1282887247226908677,1282887247226908677,,,2026-10-08T14:58:24+00:00,2026-10-08T14:58:24+00:00,F20-02,keyword_search,1,1,,
1282918932962332674,2020-07-14T06:04:43+00:00,vampflore,1013321524273602560,who is this white boy medic main,en,x_post,https://x.com/vampflore/status/1282918932962332674,1282918932962332674,,,2026-10-08T14:58:56+00:00,2026-10-08T14:58:56+00:00,F20-02,keyword_search,1,1,,
1282925817731768320,2020-07-14T06:32:05+00:00,ClueHeywood,27294328,"By Arizona quints, I mean they was born to a woman named Florence Arizona, as you might’ve guessed, she was the wife of Nathan Arizona, and hell, you know who he is",en,x_reply,https://x.com/ClueHeywood/status/1282925817731768320,1282922820884811776,1282922820884811776,,2026-10-08T14:58:56+00:00,2026-10-08T14:58:56+00:00,F20-02,keyword_search,1,1,,
1282933110808678400,2020-07-14T07:01:04+00:00,ArtTropeGallery,22647546,[#FlorenceSartori #ArtistArttrope]👩‍🎨✨Florence Sartori is a french #sculptor who places #women at the centre of her #aesthetic #universe 👉https://t.co/LdoSDHxzUu👈 #gallery #sculpture #contemporary #gallery #artist #art #artcollection #twitart #artgallery #artlovers #arttrope,en,x_post,https://x.com/ArtTropeGallery/status/1282933110808678400,1282933110808678400,,,2026-10-08T14:58:56+00:00,2026-10-08T14:58:56+00:00,F20-02,keyword_search,1,1,,
1282942446398136320,2020-07-14T07:38:09+00:00,cherubinvinuya,190226956,"Hello! Who uses an iPhone7/8 PLUS? I'm giving away a jelly(?)/rubber(?) phone case, mali ako naorder huhu. Sagot nyo na lang SF 😂 https://t.co/qCbOG90H1i",en,x_post,https://x.com/cherubinvinuya/status/1282942446398136320,1282942446398136320,,,2026-10-08T14:58:56+00:00,2026-10-08T14:58:56+00:00,F20-02,keyword_search,1,1,,
1282947944572952577,2020-07-14T08:00:00+00:00,BBCScotLearn,3223866177,"Who has been playing football over the summer holidays? ️⚽️🙋

Did you know that for a long time women weren't allowed to play football? That all changed when Lady Florence Dixie became the first president of the British Ladies Football Club. 

https://t.co/oU8gDiB8y3 https://t.co/ilgqN6gOEl",en,x_post,https://x.com/BBCScotLearn/status/1282947944572952577,1282947944572952577,,,2026-10-08T14:58:41+00:00,2026-10-08T14:58:41+00:00,F20-02,keyword_search,1,1,,
1282949698907787264,2020-07-14T08:06:58+00:00,robertflorence,31767312,"I don’t get the Deadly Premonition thing. The first game is terrible. And this is coming from someone who loves weird, quirky games. The sequel looks worse. And should NEVER have been approved for release in the shape it’s in. A disaster of a game series. Board game shite anaw.",en,x_post,https://x.com/robertflorence/status/1282949698907787264,1282949698907787264,,,2026-10-08T14:58:41+00:00,2026-10-08T14:58:41+00:00,F20-02,keyword_search,1,1,,
1282961222703427584,2020-07-14T08:52:46+00:00,florence_rattle,952528141116956672,"@srasac Disabled and black women as a subset of woman alongside transwomen, who are male?
Not only is that racist and ablist, it’s showing complete disregard to the women - that’s adult human females - who need to access your services.",en,x_post,https://x.com/florence_rattle/status/1282961222703427584,1282663698935549952,,,2026-10-08T14:58:41+00:00,2026-10-08T14:58:41+00:00,F20-02,keyword_search,1,1,,
1282963830319067137,2020-07-14T09:03:08+00:00,florence_rattle,952528141116956672,"@joncstone Ask a vague question, get an inaccurate reply. 

The majority of women, once they know what self id means, oppose it. 
I’ve yet to talk to any woman who thinks it’s a good idea.",en,x_reply,https://x.com/florence_rattle/status/1282963830319067137,1282673094516252677,1282673094516252677,,2026-10-08T14:58:41+00:00,2026-10-08T14:58:41+00:00,F20-02,keyword_search,1,1,,
1282970044033466369,2020-07-14T09:27:49+00:00,nonsmoking,31506579,Kan Florence hjälpa dig att bli tobaksfri? https://t.co/l4SQhEI9s3,sv,x_post,https://x.com/nonsmoking/status/1282970044033466369,1282970044033466369,,,2026-10-08T14:58:41+00:00,2026-10-08T15:11:24+00:00,"F20-02,F20-10",keyword_search,2,1,,
1282970591973134337,2020-07-14T09:30:00+00:00,_southstart,1567601732,"Incredible work from @gregcrossnz and @Soulmachines. They've teamed up with @WHO to create the world's first-ever digital health worker based on AI 👏
https://t.co/gM4QlLOeaZ",en,x_post,https://x.com/_southstart/status/1282970591973134337,1282970591973134337,,,2026-10-08T15:12:11+00:00,2026-10-08T15:12:11+00:00,F20-11,keyword_search,1,1,,
1282992019875532803,2020-07-14T10:55:09+00:00,twsallthrough,2342479320,"Thank you to The Mayor of Winchester who kindly visited us today to present The Mayor's Awards to four #Westgate pupils - Year 10 pupils Mair &amp; Orlando, Year 1 pupil Miles and Year 5 pupil Florence. Congratulations and well done! #Winchester #mayor @MayorWinchester https://t.co/1aVUo7KeM3",en,x_post,https://x.com/twsallthrough/status/1282992019875532803,1282992019875532803,,,2026-10-08T14:58:41+00:00,2026-10-08T14:58:41+00:00,F20-02,keyword_search,1,1,,
1283002614439915521,2020-07-14T11:37:14+00:00,CollingsBerry,104544412,"@taniakindersley @JohnWathenBerry The original Florence, my grandmother, with my mum, who would have been delighted to think of Dear Florence being not that far from Golspie. https://t.co/GvJV41eNcj",en,x_reply,https://x.com/CollingsBerry/status/1283002614439915521,1283000585365659648,1283000585365659648,,2026-10-08T14:58:41+00:00,2026-10-08T14:58:41+00:00,F20-02,keyword_search,1,1,,
1283006679047708674,2020-07-14T11:53:24+00:00,DPerwani,440246069,At #35 comes #guccio Gucci the #italian immigrant in #Paris who loved #luggage so much that he started his own brand #Gucci  #globalstyle for over 100 years #centuryofstyle #deepakperwani #pakistan #italy #fashion #history #florence https://t.co/bgojaY4EPt,en,x_post,https://x.com/DPerwani/status/1283006679047708674,1283006679047708674,,,2026-10-08T14:58:41+00:00,2026-10-08T14:58:41+00:00,F20-02,keyword_search,1,1,,
1283014365357191169,2020-07-14T12:23:56+00:00,Florenceschatz7,1123607039081615362,Guess who will NOT be watching any presentation of the Emmys this year if Sam is NOT even nominated! 👩‍🦳🤷‍♀️🤦🏼‍♀️😔,en,x_post,https://x.com/Florenceschatz7/status/1283014365357191169,1283014365357191169,,,2026-10-08T14:58:41+00:00,2026-10-08T14:58:41+00:00,F20-02,keyword_search,1,1,,
1283039363291590656,2020-07-14T14:03:16+00:00,YuchenFlorence,1260859821160402944,"I bought MC's new clothes and waited for them🥳
My purple hair has faded to brown, I should look more like MC now😎*kidding😂
When clothes arrive, I will try to pose like the new cards with my boyfriend who REALLY looks like Victor!
If it wasn't what I wanted, I wouldn't tweet😝 https://t.co/xkJwCUSXh3",en,x_quote,https://x.com/YuchenFlorence/status/1283039363291590656,1283039363291590656,,1282869982364229632,2026-10-08T14:58:41+00:00,2026-10-08T14:58:41+00:00,F20-02,keyword_search,1,1,,
1283040272625143809,2020-07-14T14:06:53+00:00,TheOneClub,19039713,".@TheOneClub has appointed @SVA_News' Gail Anderson + @Ogilvy's Sherina Florence to our National Board of Directors. The pair was nominated by Board Members David Baldwin + Steve Sandstrom, who have decided to step down after each serving The One Club Board for nearly 20 years.",en,x_post,https://x.com/TheOneClub/status/1283040272625143809,1283040272625143809,,,2026-10-08T14:58:41+00:00,2026-10-08T14:58:41+00:00,F20-02,keyword_search,1,1,,
1283041825587167235,2020-07-14T14:13:03+00:00,Palice1919,625257510,"@MollyJongFast Drawing blood to make money is literally in the trump gene pool, and no one knows that better than Cindy Adams (who is actually in the same racket herself).",en,x_reply,https://x.com/Palice1919/status/1283041825587167235,1283026449545519106,1283026449545519106,,2026-10-08T14:58:41+00:00,2026-10-08T14:58:41+00:00,F20-02,keyword_search,1,1,,
1283046195707994118,2020-07-14T14:30:25+00:00,RBVECharity,187649719,"“RBLI’s Thank You campaign, and its Florence Nightingale award is a truly fitting tribute to those who have battled on the front lines of Covid-19 in support of others.” 
Nadra Ahmed OBE, Chair @NationalCareAsc
Find out more: https://t.co/O0R5S2T4EX",en,x_post,https://x.com/RBVECharity/status/1283046195707994118,1283046195707994118,,,2026-10-08T14:58:41+00:00,2026-10-08T14:58:41+00:00,F20-02,keyword_search,1,1,,
1283063720562786304,2020-07-14T15:40:03+00:00,mississaugalib,95467487,"Melanie Florence is an award-winning writer of Cree and Scottish heritage based in Toronto who writes about Aboriginal themes and characters. Join us this Friday as she speaks with us about her teen novel ""Just Lucky""

Visit https://t.co/8kRe4cDFqa to register. https://t.co/lVy0dcE5L3",en,x_post,https://x.com/mississaugalib/status/1283063720562786304,1283063720562786304,,,2026-10-08T14:58:41+00:00,2026-10-08T14:58:41+00:00,F20-02,keyword_search,1,1,,
1283068412344901634,2020-07-14T15:58:42+00:00,ljordanmusic,262184640,"Thursday 2.30pm - join me and @ArtsAliveFlicks for an exclusive, first public sharing of an extract from brand new @ace_southwest funded who 'Florence'. You can listen again to yesterday's chat about Florence with Mark Elliott on @BBCShropshire https://t.co/JwoNGsew2j from 14.45",en,x_post,https://x.com/ljordanmusic/status/1283068412344901634,1283068412344901634,,,2026-10-08T14:58:41+00:00,2026-10-08T14:58:41+00:00,F20-02,keyword_search,1,1,,
1283073380749660162,2020-07-14T16:18:26+00:00,FlorenceCarmela,2568087150,"For those who love the written word, here it is. Florence Discusses Meeting Kelly Preston &amp; her thoughts on Kelly's Passing ❤ @JimJaxMedia 
https://t.co/zpJYxuaCv0 via @JimJaxMedia",en,x_post,https://x.com/FlorenceCarmela/status/1283073380749660162,1283073380749660162,,,2026-10-08T14:58:41+00:00,2026-10-08T14:58:41+00:00,F20-02,keyword_search,1,1,,
1283094230680969217,2020-07-14T17:41:17+00:00,Corneliocmc,184827510,"@barrylinson34 @F3Knoxville @F3Nation Brother from another region Cheatsheet, our very own “Kimchi” in F3 Florence is challenging you to a F3 Post Bootcamp Summer Pic Off. Let’s see who does the best! @F3Nation @F3Florence https://t.co/pAPw5cj7BV",en,x_reply,https://x.com/Corneliocmc/status/1283094230680969217,1283045491454939148,1283045491454939148,,2026-10-08T14:58:41+00:00,2026-10-08T14:58:41+00:00,F20-02,keyword_search,1,1,,
1283123132337979393,2020-07-14T19:36:08+00:00,MCF6Reese,2441278684,Last day smoking come fwm!,en,x_post,https://x.com/MCF6Reese/status/1283123132337979393,1283123132337979393,,,2026-10-08T15:11:24+00:00,2026-10-08T15:11:24+00:00,F20-10,keyword_search,1,1,,
1283129274384429063,2020-07-14T20:00:33+00:00,Palice1919,625257510,@TheChrisPitts @latafiolesucree @sullydish I just can't accept outright lying and rejection of evidence-based information. How can you trust a leader who is unceasingly dishonest? Not to mention disturbingly self-obsessed. You can't trust someone like that.,en,x_post,https://x.com/Palice1919/status/1283129274384429063,1283100440683479043,,,2026-10-08T14:58:41+00:00,2026-10-08T14:58:41+00:00,F20-02,keyword_search,1,1,,
1283142992111349762,2020-07-14T20:55:03+00:00,StanfordCDH,736430891346452480,"The World Health Organization has announced a new smoking cessation initiative that will combine free nicotine replacement therapies with an artificial intelligence-based ""virtual health worker."" https://t.co/LQjiIYkBii",en,x_post,https://x.com/StanfordCDH/status/1283142992111349762,1283142992111349762,,,2026-10-08T15:13:15+00:00,2026-10-08T15:13:15+00:00,F20-12,keyword_search,1,1,,
1283145492902313986,2020-07-14T21:04:59+00:00,artofflorence,3220698090,For those who want to see them in their individual glory! https://t.co/CsjHJwRkCo,en,x_reply,https://x.com/artofflorence/status/1283145492902313986,1283145486661296129,1283145486661296129,,2026-10-08T14:58:41+00:00,2026-10-08T14:58:41+00:00,F20-02,keyword_search,1,1,,
1283157885845897224,2020-07-14T21:54:14+00:00,OnahFlorenceI,826767320391548929,"@solaadio Toddlers dragging their father on twitter for a counsel he gave on his wife's birthday. Submission is risky and that's why you must be sure of who you are marrying.  
If you marry a man after God heart,  submission comes naturally. Dear lord pls give us sense in this generation.",en,x_reply,https://x.com/OnahFlorenceI/status/1283157885845897224,1283105184827285505,1283105184827285505,,2026-10-08T14:58:41+00:00,2026-10-08T14:58:41+00:00,F20-02,keyword_search,1,1,,
1283159157512658944,2020-07-14T21:59:17+00:00,fwithflorence,1429316916,@shaneberketa HahAhaha. So I’m not the only crazy persimmon who does this.,en,x_reply,https://x.com/fwithflorence/status/1283159157512658944,1283157214421635073,1283157214421635073,,2026-10-08T14:58:24+00:00,2026-10-08T14:58:24+00:00,F20-02,keyword_search,1,1,,
1283166028986380290,2020-07-14T22:26:36+00:00,Soulmachines,796297762283229184,"No one is better prepared to help 1.3 billion people quit smoking than Florence –– she's available anytime, anywhere. https://t.co/17hKTW3lrI",en,x_post,https://x.com/Soulmachines/status/1283166028986380290,1283166028986380290,,,2026-10-08T15:04:08+00:00,2026-10-08T15:11:24+00:00,"F20-05,F20-09,F20-10",keyword_search,3,1,,
1283166917604315142,2020-07-14T22:30:07+00:00,ItalyMagazine,17616232,"A wonderful gift for anyone who appreciates quality craftsmanship.
This brown/cognac lux laptop holder is produced in #Florence, a genuine hand-buffered leather masterpiece with a shoulder belt and metal zippers. It has been hand-dyed https://t.co/O2nHRgN5u0 #MadeinItaly https://t.co/zFzRz4IHn7",en,x_post,https://x.com/ItalyMagazine/status/1283166917604315142,1283166917604315142,,,2026-10-08T14:58:24+00:00,2026-10-08T14:58:24+00:00,F20-02,keyword_search,1,1,,
1283189576534831110,2020-07-15T00:00:10+00:00,Florenceschatz7,1123607039081615362,"This is Sam Heughan portraying Jamie Fraser, a broken-hearted man who intended to die at Culloden! You saw that on his face and in the way he walked and talked. This is a dedicated actor totally absorbed in the character.",en,x_quote,https://x.com/Florenceschatz7/status/1283189576534831110,1283189576534831110,,1282887247226908677,2026-10-08T14:58:24+00:00,2026-10-08T14:58:24+00:00,F20-02,keyword_search,1,1,,
1283246793598394371,2020-07-15T03:47:31+00:00,swankfox,2222453910,Climbed all the way up Bruno’s amazing dome in Florence with my wife and 5 month old baby — who screamed a fair bit — but it was worth it and I’d do it again,en,x_post,https://x.com/swankfox/status/1283246793598394371,1283246793598394371,,,2026-10-08T14:58:24+00:00,2026-10-08T14:58:24+00:00,F20-02,keyword_search,1,1,,
1283271382235844608,2020-07-15T05:25:14+00:00,eniolucherini,2355023489,"@RockyRuggiero @EustachyMotyka2 Perseus is, in symbol,  the power of Florence who don't fears any monstrous enemy",en,x_post,https://x.com/eniolucherini/status/1283271382235844608,1280656775851565056,,,2026-10-08T14:58:24+00:00,2026-10-08T14:58:24+00:00,F20-02,keyword_search,1,1,,
1283298501913391107,2020-07-15T07:13:00+00:00,IrvingSoc,2899635958,"#OTD 15 July 1869

Henry Irving married Florence O'Callaghan, daughter of an Indian Army Surgeon General, who didn't approve of her marrying an actor.

It wasn't the happiest of marriages.

She was pregnant with their 2nd child when, after the triumphant 1st night of The Bells... https://t.co/QgfDRIVDv7",en,x_post,https://x.com/IrvingSoc/status/1283298501913391107,1283298501913391107,,,2026-10-08T14:58:24+00:00,2026-10-08T14:58:24+00:00,F20-02,keyword_search,1,1,,
1283300403560484864,2020-07-15T07:20:33+00:00,florence_rattle,952528141116956672,"@PhoenixinLondon @GladKent @coopuk @Mermaids_Gender Mermaids are a lobby group who tell GNC kids they are hated and likely to kill themselves. 
Anything but 100% affirmation is seen as transphobic, even when 85+% of children desist post puberty.",en,x_post,https://x.com/florence_rattle/status/1283300403560484864,1282617828454146051,,,2026-10-08T14:58:24+00:00,2026-10-08T14:58:24+00:00,F20-02,keyword_search,1,1,,
1283343542665072641,2020-07-15T10:11:58+00:00,lawrence_flo,20131374,@queensofbravo Who cares 🙄,en,x_reply,https://x.com/lawrence_flo/status/1283343542665072641,1283134195628306432,1283134195628306432,,2026-10-08T14:58:24+00:00,2026-10-08T14:58:24+00:00,F20-02,keyword_search,1,1,,
1283356758308605952,2020-07-15T11:04:29+00:00,ABSCBNNews,15872418,ABS-CBN announces that it will layoff workers starting August 31 after 70 lawmakers voted to kill the Kapamilya network's broadcast franchise application. https://t.co/G80usNQMKH,en,x_post,https://x.com/ABSCBNNews/status/1283356758308605952,1283356758308605952,,,2026-10-08T14:58:24+00:00,2026-10-08T14:58:24+00:00,F20-02,keyword_search,1,1,,
1283358702439772160,2020-07-15T11:12:12+00:00,cherubinvinuya,190226956,"Sooooo. The work suspension did not push through and management opted for retrenchment... My dad is one of the employees who will be laid off.

SALAMAT SA MGA KONGRESISTANG HINDI BUMOTO PARA SA PAGRENEW NG PRANGKISA NG ABSCBN... Tunay ngang pinakinggan nyo ang boses namin.",tl,x_quote,https://x.com/cherubinvinuya/status/1283358702439772160,1283358702439772160,,1283356758308605952,2026-10-08T14:58:24+00:00,2026-10-08T14:58:24+00:00,F20-02,keyword_search,1,1,,
1283360733909196801,2020-07-15T11:20:17+00:00,shan_tahs,209090580,"@PantsuitPolitic I've been meaning to ask you guys to explore (Nuanced Life) why we as women accept that being a bridesmaid has to be an awful, expensive, and dramatic experience. From bridezillas to bach parties. As a gay woman who never thought about marriage i don't understand why many do this",en,x_reply,https://x.com/shan_tahs/status/1283360733909196801,1283354880439013377,1283354880439013377,,2026-10-08T14:58:24+00:00,2026-10-08T14:58:24+00:00,F20-02,keyword_search,1,1,,
1283364335402745863,2020-07-15T11:34:35+00:00,Moorfields,55317590,"Congratulations to the wonderful Florence Donovan, who has been recognised by the Healthcare Play Specialist Education Trust (HPSET) for going above &amp; beyond in providing exceptional play specialist services to our paediatric patients. #TeamMoorfields https://t.co/GcwclK9Ayh https://t.co/dSTE5SZul6",en,x_post,https://x.com/Moorfields/status/1283364335402745863,1283364335402745863,,,2026-10-08T14:58:24+00:00,2026-10-08T14:58:24+00:00,F20-02,keyword_search,1,1,,
1283368669964361728,2020-07-15T11:51:49+00:00,kittydoesemail,1197485503102234625,"@LWHmusictherapy @NatalieJayW_ It is! One of the most famous portraits of him 

1. Is Florence Nightingale, who the recent Nightingale hospitals were named after

And 4 is Marie Curie, who along with her husband Pierre, discovered the powers of uranium. Sadly she died before her studies could continue.",en,x_reply,https://x.com/kittydoesemail/status/1283368669964361728,1283117745295458305,1283119964220686336,,2026-10-08T14:58:24+00:00,2026-10-08T14:58:24+00:00,F20-02,keyword_search,1,1,,
1283370716738523136,2020-07-15T11:59:57+00:00,elementproject_,740182528837988352,"Today's #CreateDaily challenge is a guessing game from Maeve, our Head of Programmes and Network. Do you know who said these pieces of wisdom?

Incorrect (yet noble) guesses so far to cross off your list: Obama (Michelle or Barack), Florence Nightingale, Gandhi, Toni Morrison 🧐 https://t.co/oGtcMXUGLD",en,x_post,https://x.com/elementproject_/status/1283370716738523136,1283370716738523136,,,2026-10-08T14:58:24+00:00,2026-10-08T14:58:24+00:00,F20-02,keyword_search,1,1,,
1283373016492187648,2020-07-15T12:09:05+00:00,shan_tahs,209090580,@alise_napp @PantsuitPolitic I've escaped it weirdly as an adult and my recent one was a shock. Someone who isn't normally a me-me-me type started saying things like well i had to pay for this and do that. I feel like I'm being used as a pawn to justify getting back at past bridezillas in the bridal party.,en,x_reply,https://x.com/shan_tahs/status/1283373016492187648,1283354880439013377,1283371299226755076,,2026-10-08T14:58:24+00:00,2026-10-08T14:58:24+00:00,F20-02,keyword_search,1,1,,
1283382671612080128,2020-07-15T12:47:27+00:00,s4wonu,968395765960749057,"-there's not much information about this man except that he was a love child of the 'Duke of Florence' who fell in love with a poor gardener's daughter, she passed away at childbirth due to excessive bleeding leaving the child alone in this world, the child grew up to be +",en,x_reply,https://x.com/s4wonu/status/1283382671612080128,1283380700138233858,1283382526011039745,,2026-10-08T14:58:24+00:00,2026-10-08T14:58:24+00:00,F20-02,keyword_search,1,1,,
1283403947592626179,2020-07-15T14:12:00+00:00,aphillippy,52133120,"Throwback to 5 years ago when Tony Fauci, at 74 yo, was suiting up to treat an Ebola patient himself because he ""wanted to show his staff that he wouldn't ask them to do anything he wouldn't do himself"". This is what leadership looks like. https://t.co/QctW672ykC https://t.co/71j5qNWOsP",en,x_post,https://x.com/aphillippy/status/1283403947592626179,1283403947592626179,,,2026-10-08T14:57:59+00:00,2026-10-08T14:57:59+00:00,F20-02,keyword_search,1,1,,
1283429326751490053,2020-07-15T15:52:51+00:00,Iulian68,57126679,"@Al_Stoyanov @Purpura57912934 Ivan Sratsimir's son Constantine had been at it, too.

On the other hand Fruzhin's brother Alexander was the pasha of Smyrna. &amp; yet another (step?)bro of them might have been the Patriarch Joseph II who participated at the Florence Council...",en,x_reply,https://x.com/Iulian68/status/1283429326751490053,1283156510399291392,1283358674858184704,,2026-10-08T14:58:24+00:00,2026-10-08T14:58:24+00:00,F20-02,keyword_search,1,1,,
1283444142224400386,2020-07-15T16:51:43+00:00,FlorenceJeffr10,1013381191905546240,@lizbth_geeks @beethehutch @ben_bt @guardian Specific sentences paragraphs?  What or who is JKarenR and what are the two GRA's.,en,x_post,https://x.com/FlorenceJeffr10/status/1283444142224400386,1283351434717782016,,,2026-10-08T14:58:24+00:00,2026-10-08T14:58:24+00:00,F20-02,keyword_search,1,1,,
1283445586302136321,2020-07-15T16:57:27+00:00,willothewoods,762989243509665792,"@whyangelinawhy Who are they?? I must know O.O

Florence + the Machine comes to mind with that description, but I have no idea if that is accurate...?",en,x_reply,https://x.com/willothewoods/status/1283445586302136321,1283443595106832387,1283443595106832387,,2026-10-08T14:58:24+00:00,2026-10-08T14:58:24+00:00,F20-02,keyword_search,1,1,,
1283449653627949057,2020-07-15T17:13:37+00:00,bob_spangle,1236019184468885505,@MarkRic86059743 I thought that you had to apply for permits &amp; planning permission to put up a statue. If you don't then we could put up a statue of Winston Churchill or Florence nightingale someone more deserving who would not be so provokeitve,en,x_post,https://x.com/bob_spangle/status/1283449653627949057,1283439099777634306,,,2026-10-08T14:58:24+00:00,2026-10-08T14:58:24+00:00,F20-02,keyword_search,1,1,,
1283463405974814720,2020-07-15T18:08:16+00:00,Floawuor,889939884898648065,"GOD is so Holy and only they who are holy will get to one day be with HIM in the safety of heaven

#WednesdayGlobalRevival",en,x_post,https://x.com/Floawuor/status/1283463405974814720,1283463405974814720,,,2026-10-08T14:58:24+00:00,2026-10-08T14:58:24+00:00,F20-02,keyword_search,1,1,,
1283466862190383110,2020-07-15T18:22:00+00:00,henry_caring,1268213159522963456,"Abraham Lincoln, Mark Twain, and Florence Nightingale are just few of the people in history who love cats. Abraham Lincoln would often take stray cats in and play with them for hours.

#cat #cats #catlover #catlovers #kitten #kitty #catlife #meow #pet #cute https://t.co/oPu431ySlS",en,x_post,https://x.com/henry_caring/status/1283466862190383110,1283466862190383110,,,2026-10-08T14:58:11+00:00,2026-10-08T14:58:11+00:00,F20-02,keyword_search,1,1,,
1283475873459470337,2020-07-15T18:57:48+00:00,Floawuor,889939884898648065,"@ItsKollynes @RepentinCHRIST @zibiahkitur @OtengoHillary @PastorLee28 @ElizabethMugan6 @mwende_shalon @rispernnjoki @AbihailFaith @faithchirchir32 @Apples_fruity @Maitaai It's so sad that some are rejecting CHRIST JESUS, our Saviour, the only one who determines who enters heaven or hell

Informed decisions must now be made

#WednesdayGlobalRevival",en,x_reply,https://x.com/Floawuor/status/1283475873459470337,1283447332520984578,1283473765628874753,,2026-10-08T14:58:11+00:00,2026-10-08T14:58:11+00:00,F20-02,keyword_search,1,1,,
1283485302015889409,2020-07-15T19:35:16+00:00,lovelingrs,1180754478686965776,no one laughed https://t.co/0jChWkr9z9,en,x_post,https://x.com/lovelingrs/status/1283485302015889409,1283485302015889409,,,2026-10-08T14:57:59+00:00,2026-10-08T14:57:59+00:00,F20-02,keyword_search,1,1,,
1283488094839332871,2020-07-15T19:46:22+00:00,Flo_Kinnafick,300183662,@ElQuested @CurtinUni @Jo_McVeigh These sound like great projects El! Particularly interested in the first - you should chat to @EvaRogers94 who is designing online learning for HCA staff in secure psych units.,en,x_reply,https://x.com/Flo_Kinnafick/status/1283488094839332871,1283226297263505408,1283226297263505408,,2026-10-08T14:58:11+00:00,2026-10-08T14:58:11+00:00,F20-02,keyword_search,1,1,,
1283498660958023680,2020-07-15T20:28:21+00:00,Charlot21166609,1125135629812228099,@BBCBristol I think maybe put a statue of Florence nightingale instead or maybe one if the nurses who lost their life during this awful pandemic x,en,x_reply,https://x.com/Charlot21166609/status/1283498660958023680,1283482229360869378,1283482229360869378,,2026-10-08T14:58:11+00:00,2026-10-08T14:58:11+00:00,F20-02,keyword_search,1,1,,
1283522068760363008,2020-07-15T22:01:22+00:00,scfd_co,935559037906698241,"Every community needs a connector. That person who makes space where there wasn’t space before. Who creates opportunity out of whole cloth.

For the Black arts community, Florence Ayers is one of those people. Learn more about her impact here:
 https://t.co/l5iPR73Qer",en,x_post,https://x.com/scfd_co/status/1283522068760363008,1283522068760363008,,,2026-10-08T14:58:11+00:00,2026-10-08T14:58:11+00:00,F20-02,keyword_search,1,1,,
1283523666001698817,2020-07-15T22:07:43+00:00,_natassham_,1648673538,"Why are people obsessed with being the main character? Like lets asses the history, look at Vanessa Hudgens and Victoria Justice, who were the main characters but now are the villains. In Little Woman, Florence Pugh gets Timothée Chalamet. Rachel Berry!!! Need I say more?",en,x_post,https://x.com/_natassham_/status/1283523666001698817,1283523666001698817,,,2026-10-08T14:58:11+00:00,2026-10-08T14:58:11+00:00,F20-02,keyword_search,1,1,,
1283530827268120577,2020-07-15T22:36:10+00:00,nakomypace,2722997100,WHOにとって最初のバーチャルワーカー「Florence」 https://t.co/Myiu90rehw @医療とAIのニュース・最新記事 - The Medical AI Timesより,ja,x_post,https://x.com/nakomypace/status/1283530827268120577,1283530827268120577,,,2026-10-08T14:58:11+00:00,2026-10-08T14:58:11+00:00,F20-02,keyword_search,1,1,,
1283547210886664194,2020-07-15T23:41:16+00:00,RLC_SAfrica,756506843011317762,"Congratulations to #YALIRLCSA Alumnus Florence Muleya, who was recently appointed the Chief Executive Officer (CEO) of Zambia Association of Manufacturers (ZAM)! We wish you every success in your new duties Florence!  https://t.co/wMFQ3F977v https://t.co/NqmkmSNm16",en,x_post,https://x.com/RLC_SAfrica/status/1283547210886664194,1283547210886664194,,,2026-10-08T14:58:11+00:00,2026-10-08T14:58:11+00:00,F20-02,keyword_search,1,1,,
1283553527705620480,2020-07-16T00:06:22+00:00,RushmoreExt23,276236590,@mihotep @VapinSquirrel @WHO Maybe we can ask #Florence when she returns from her shareholders meeting?🤷 https://t.co/9EbtFnjKFM,en,x_reply,https://x.com/RushmoreExt23/status/1283553527705620480,1283142703379693569,1283142703379693569,,2026-10-08T14:58:11+00:00,2026-10-08T15:02:13+00:00,"F20-02,F20-03",keyword_search,2,1,,
1283566877399285760,2020-07-16T00:59:25+00:00,songsboutsummer,1243932343234179072,so you’re telling me there are people who don’t like florence + the machine…… like there are people who can’t stand them………… okay but like i don’t believe that for a moment,en,x_post,https://x.com/songsboutsummer/status/1283566877399285760,1283566877399285760,,,2026-10-08T14:58:11+00:00,2026-10-08T14:58:11+00:00,F20-02,keyword_search,1,1,,
1283586857771524096,2020-07-16T02:18:49+00:00,Epiloguers,1150967645631594496,"Fighting with My Family review (3/4):

The film has very likeable characters, mostly thanks to the cast's charm.

The big standouts are Florence Pugh, who obviously kills it, as always, while both, Lena Headey &amp; Nick Frost, are funny as hell. The Rock &amp; Vince Vaughn also appear. https://t.co/CJUZk9dCwn",en,x_reply,https://x.com/Epiloguers/status/1283586857771524096,1283586853820481539,1283586856001531906,,2026-10-08T14:58:11+00:00,2026-10-08T14:58:11+00:00,F20-02,keyword_search,1,1,,
1283607505550090241,2020-07-16T03:40:52+00:00,hmorley29,87663908,"@edavies @CheriJacobus Bill Stepien is also the asshole involved in Bridgegate, where ambulances were delayed for hours in traffic and possibly contributed to the death of Florence Genova. And Bill Stepien is the dipshit who let his ex girlfriend take all the blame despite the""emails"".",en,x_post,https://x.com/hmorley29/status/1283607505550090241,1283575814785728519,,,2026-10-08T14:58:11+00:00,2026-10-08T14:58:11+00:00,F20-02,keyword_search,1,1,,
1283639798641696768,2020-07-16T05:49:11+00:00,FrenchCoachFDdH,1266733631554441217,I'm one of the freelancers who makes British theatre happen. Who will secure our future? | Fiona Laird https://t.co/6dcDlWOic9,en,x_post,https://x.com/FrenchCoachFDdH/status/1283639798641696768,1283639798641696768,,,2026-10-08T14:58:11+00:00,2026-10-08T14:58:11+00:00,F20-02,keyword_search,1,1,,
1283642724760068097,2020-07-16T06:00:49+00:00,NationBreaking,1731878023,"HELB WAIVES Sh1,000 charge for issuing compliance certificates, says unemployed youth had complained that it was punitive. https://t.co/dtLqaduygt",en,x_post,https://x.com/NationBreaking/status/1283642724760068097,1283642724760068097,,,2026-10-08T14:58:11+00:00,2026-10-08T14:58:11+00:00,F20-02,keyword_search,1,1,,
1283646128353935362,2020-07-16T06:14:20+00:00,FlorenceShako,4168931357,An unprofessional organization @HELBpage. It needs people who can think through issues and provide real solutions. This is not a “favor” for anyone. Why did it exist in the first place?!,en,x_quote,https://x.com/FlorenceShako/status/1283646128353935362,1283646128353935362,,1283642724760068097,2026-10-08T14:58:11+00:00,2026-10-08T14:58:11+00:00,F20-02,keyword_search,1,1,,
1283651679494311938,2020-07-16T06:36:24+00:00,mssprovenance,3066020350,"@gundormr @vaticanlibrary The first MS fragment I ever acquired is an 11th-cent former pastedown. It was given to me by a book dealer in Florence (who I had just met), because he believed it to be 15th-cent., and thus worthless.",en,x_reply,https://x.com/mssprovenance/status/1283651679494311938,1283188670095331333,1283478592656203782,,2026-10-08T14:58:11+00:00,2026-10-08T14:58:11+00:00,F20-02,keyword_search,1,1,,
1283663593381273600,2020-07-16T07:23:44+00:00,florence_rattle,952528141116956672,"@Rachael27912572 @artymother @ripx4nutmeg Whilst we are making advances in recognising this, no advances are made in supporting such children, or autistic children who don’t fit the mould. 
More often than not it’s dismissed as “little shit” children and crap parents. 
As someone living this, it’s incredibly difficult.",en,x_reply,https://x.com/florence_rattle/status/1283663593381273600,1283649781160607744,1283662097004601344,,2026-10-08T14:58:11+00:00,2026-10-08T14:58:11+00:00,F20-02,keyword_search,1,1,,
1283668359649931264,2020-07-16T07:42:41+00:00,AgeUKBirmingham,1115258456,"We’re helping Florence who has early onset dementia. She’s worried about her mental health. A phone call really makes a difference. We responded swiftly to #Covid19. 
Please support our #Appeal so we can keep on protecting older people being shielded.
https://t.co/VTUnofHAg5 https://t.co/7JvIkl9pLD",en,x_post,https://x.com/AgeUKBirmingham/status/1283668359649931264,1283668359649931264,,,2026-10-08T14:58:11+00:00,2026-10-08T14:58:11+00:00,F20-02,keyword_search,1,1,,
1283673250401341442,2020-07-16T08:02:07+00:00,OnTheSauceAgain,3256233874,"There is a bit of a squabble around the details of who indeed invented this bright-red cocktail we all love so much, but many accept that it all took place in 1919 in Florence. 

#Cocktails #Gin #Italy #Negroni #HappyHour
https://t.co/e4MzrJDFlQ",en,x_post,https://x.com/OnTheSauceAgain/status/1283673250401341442,1283673250401341442,,,2026-10-08T14:58:11+00:00,2026-10-08T14:58:11+00:00,F20-02,keyword_search,1,1,,
1283673698902450177,2020-07-16T08:03:53+00:00,KulikovUNIATF,737362108397060096,Soul Machines' 'Florence' enlisted by WHO to fight COVID-19 https://t.co/zVtqumN0lo,en,x_post,https://x.com/KulikovUNIATF/status/1283673698902450177,1283673698902450177,,,2026-10-08T14:58:11+00:00,2026-10-08T15:09:39+00:00,"F20-02,F20-08",keyword_search,2,1,,
1283676609082470400,2020-07-16T08:15:27+00:00,robertflorence,31767312,@elitejcx @87th I didn’t even know anybody who owned one.,en,x_reply,https://x.com/robertflorence/status/1283676609082470400,1283667784782815233,1283676062292025344,,2026-10-08T14:58:11+00:00,2026-10-08T14:58:11+00:00,F20-02,keyword_search,1,1,,
1283681960687292417,2020-07-16T08:36:43+00:00,florencemuseum,87964393,"Big shout out to Sally who has decided to do a fundraising 10km run for the Museum and all proceeds will come to us! Thank you so much!

https://t.co/QKjPQYrujy https://t.co/oR0ZURmzwh",en,x_post,https://x.com/florencemuseum/status/1283681960687292417,1283681960687292417,,,2026-10-08T14:57:59+00:00,2026-10-08T14:57:59+00:00,F20-02,keyword_search,1,1,,
1283683110903787520,2020-07-16T08:41:17+00:00,stan4Legends,1229284816325160961,"Who tf thought that this would be funny?
Don't get me wrong I have a weird humour - it's dark and full of sarcasm. But joking about being ugly and alcoholism is not funny. And those topics shouldn't even be in jokes",en,x_quote,https://x.com/stan4Legends/status/1283683110903787520,1283683110903787520,,1283485302015889409,2026-10-08T14:57:59+00:00,2026-10-08T14:57:59+00:00,F20-02,keyword_search,1,1,,
1283699520853938177,2020-07-16T09:46:30+00:00,YCB_English,1066716962145865728,"We have chosen the winners from @YCB_Primary for the Get Caught Reading Challenge. Drum roll...
Foundation Phase - Nixon
KS2 - Florence
Siblings - Bella &amp; Blake
Staff - Mrs Edwards
Everyone who entered was brilliant! Well done to you all! Miss E. #keepreading #enjoysummersafely https://t.co/7X62KtvEgM",en,x_post,https://x.com/YCB_English/status/1283699520853938177,1283699520853938177,,,2026-10-08T14:57:59+00:00,2026-10-08T14:57:59+00:00,F20-02,keyword_search,1,1,,
1283699934835937281,2020-07-16T09:48:09+00:00,O_Longueville,118352551,"Andrea del Sarto, who was a celebrated Italian painter from Florence, was born on the 16th of July 1486.  His career flourished during the High #Renaissance and early #Mannerism.  
https://t.co/J0y7EzPhE8",en,x_post,https://x.com/O_Longueville/status/1283699934835937281,1283699934835937281,,,2026-10-08T14:57:59+00:00,2026-10-08T14:57:59+00:00,F20-02,keyword_search,1,1,,
1283700243343781888,2020-07-16T09:49:22+00:00,ReplicateEU,790617258175373312,"📩🗣A few days ago we launched our 7th #Newsletter. Once again, we interviewed partners related with each of our #LighthouseCities. 

🧡In the case of #Florence, we interviewed our partner #SPESConsulting who talks about its best contributions.

🔗https://t.co/5q8iBwjWRN https://t.co/SDO4wXCwKe",en,x_post,https://x.com/ReplicateEU/status/1283700243343781888,1283700243343781888,,,2026-10-08T14:57:59+00:00,2026-10-08T14:57:59+00:00,F20-02,keyword_search,1,1,,
1283706815784550401,2020-07-16T10:15:29+00:00,abusbri,80074235,"In a time where we urgently need leadership, here is an example. Put your trust in facts and those who will lead.",en,x_quote,https://x.com/abusbri/status/1283706815784550401,1283706815784550401,,1283403947592626179,2026-10-08T14:57:59+00:00,2026-10-08T14:57:59+00:00,F20-02,keyword_search,1,1,,
1283733262196568064,2020-07-16T12:00:34+00:00,iamenzovirtucio,1262499817596411904,"One day you'll find someone who doesn't care about your past, because they want to be your future, just believe.",en,x_post,https://x.com/iamenzovirtucio/status/1283733262196568064,1283733262196568064,,,2026-10-08T14:57:59+00:00,2026-10-08T14:57:59+00:00,F20-02,keyword_search,1,1,,
1283733264289718272,2020-07-16T12:00:35+00:00,NosyCrowBooks,453876996,"Today on #NosyCrowDiscover, we're learning about Florence Nightingale, otherwise known as the Lady with the Lamp! 👩‍⚕️✨  

What inspires you most about Florence? 

Discover more incredible women in #HerStory: 50 Women and Girls Who Shook the World: https://t.co/9T1bA1coTK https://t.co/az8CjtsXPV",en,x_post,https://x.com/NosyCrowBooks/status/1283733264289718272,1283733264289718272,,,2026-10-08T14:57:59+00:00,2026-10-08T14:57:59+00:00,F20-02,keyword_search,1,1,,
1283734391215267841,2020-07-16T12:05:04+00:00,MadonnaRecords,716302703282946048,"#Today July 16 2012, @Madonna’s music video for ""Turn Up The Radio"" was released. The video was directed by Tom Munro, it was shot in #Florence, #Italy on June 18 &amp; 19.
The video received favorable response from critics, who praised its simplicity.
#1 in the Hot Dance Club Songs. https://t.co/v8pzMDRBND",en,x_post,https://x.com/MadonnaRecords/status/1283734391215267841,1283734391215267841,,,2026-10-08T14:57:59+00:00,2026-10-08T14:57:59+00:00,F20-02,keyword_search,1,1,,
1283741774712889344,2020-07-16T12:34:24+00:00,FlorenceCarmela,2568087150,"Help me wish a very HAPPY BIRTHDAY to @JimJaxMedia a wonderful man who made all my dreams come true❤@ColinMacyOToole
@KathyIreland
@FunnyKeithLyle
@DebCarson
@EmmeLentino
@KnowSmallParts
@TheNolaGirl
@Aspen_Bassett
@Jlrothstein1
@OurInnerSparks
@LaraAnnDominick 
@MikeZimmersEars https://t.co/LKdfqkas9C",en,x_post,https://x.com/FlorenceCarmela/status/1283741774712889344,1283741774712889344,,,2026-10-08T14:57:59+00:00,2026-10-08T14:57:59+00:00,F20-02,keyword_search,1,1,,
1283742134026285056,2020-07-16T12:35:50+00:00,DrFlo6,871651401176317952,"@paul_sherlock @IrlEmbTanzania Paul, your warmth, generousity and love to the Tanzanian fraternity will always be treasured by many of us who happened to meet and interact with you. Asante sana for all your support to @AmrefTanzania and communities at large. Best wishes. @Aisa_Muya @daktari1 @IrlEmbTanzania",en,x_reply,https://x.com/DrFlo6/status/1283742134026285056,1283267021707382791,1283267021707382791,,2026-10-08T14:57:59+00:00,2026-10-08T14:57:59+00:00,F20-02,keyword_search,1,1,,
1283775678257782785,2020-07-16T14:49:07+00:00,XarxaCHsF,1002105970317721600,"La #inteligenciaartificial ajudarà a #deixardefumar a través de Florence. 
Gran iniciativa de la OMS @WHO 👏👏👏 #tabaCOVID https://t.co/9SWrDjmj6I",ca,x_post,https://x.com/XarxaCHsF/status/1283775678257782785,1283775678257782785,,,2026-10-08T14:57:59+00:00,2026-10-08T15:02:13+00:00,"F20-02,F20-03",keyword_search,2,1,,
1283778222740475905,2020-07-16T14:59:14+00:00,inlovewithflo,1239131847604355074,@IlymorethanO @otvblakes Omg who is she? Does she stan Octavia? Does she have taste? I don't think i want to follow if she doesn't.,en,x_reply,https://x.com/inlovewithflo/status/1283778222740475905,1283775234454290439,1283775234454290439,,2026-10-08T14:57:59+00:00,2026-10-08T14:57:59+00:00,F20-02,keyword_search,1,1,,
1283779378305028096,2020-07-16T15:03:49+00:00,WonderfulwomanK,165088789,"@RobertinNKy Heard Cameron is ANTI-women's rights to control their own lady parts without governmental interference. But, he sides with people who find mask wearing too intrusive?  How about we prohibit Cameron from wearing a mask and let him hang out at that bar in Florence for 2 days.",en,x_post,https://x.com/WonderfulwomanK/status/1283779378305028096,1283770196860309505,,,2026-10-08T14:57:59+00:00,2026-10-08T14:57:59+00:00,F20-02,keyword_search,1,1,,
1283800468678782976,2020-07-16T16:27:38+00:00,Welnesschick,29506193,"@chrisvanderveen They wear masks and understand that’s part of keeping transmission low, they don’t have people there who don’t believe science, period. My friend from Florence said everyone wears masks there and they are sad for us.",en,x_reply,https://x.com/Welnesschick/status/1283800468678782976,1283750311945924608,1283750311945924608,,2026-10-08T14:57:59+00:00,2026-10-08T14:57:59+00:00,F20-02,keyword_search,1,1,,
1283805251922001922,2020-07-16T16:46:38+00:00,EnbieFlorence,1282798686121189376,"Hey, as monosexual queer people, can we stop vilifying the genitals of which we’re not attracted to? Not only is it incredibly exclusionary to any bi+ people, but anyone in our camp who IS bi+ will have a hard time figuring it out when they’ve ingrained the idea that 1/2",en,x_post,https://x.com/EnbieFlorence/status/1283805251922001922,1283805251922001922,,,2026-10-08T14:57:59+00:00,2026-10-08T14:57:59+00:00,F20-02,keyword_search,1,1,,
1283815569687543808,2020-07-16T17:27:38+00:00,Floramano,1564320913,"And Jesus said to them, “I am the bread of life.  He who comes to Me shall never hunger, and he who believes in Me shall never thirst.

~ John 6:35 NKJV",en,x_post,https://x.com/Floramano/status/1283815569687543808,1283815569687543808,,,2026-10-08T14:57:59+00:00,2026-10-08T14:57:59+00:00,F20-02,keyword_search,1,1,,
1283830158244352005,2020-07-16T18:25:36+00:00,horatihoe,1274153313785843713,"At certain times I can only do my homework when listening to music from/associated with my current hyperfixation. Yes, that meant Disney music at one point. A few months ago it was doctor who soundtracks. Right now it’s Florence + the machine for shakespeare reasons.",en,x_reply,https://x.com/horatihoe/status/1283830158244352005,1283826827765719040,1283830156495331328,,2026-10-08T14:57:59+00:00,2026-10-08T14:57:59+00:00,F20-02,keyword_search,1,1,,
1283864104248246273,2020-07-16T20:40:30+00:00,alfredzefir,1059924617626816524,"@Black_cold_coat vance joy - riptide
selena gomez - who says
1d - walking in the wind
florence and machine - dog days are over 
glee cast - best day of my life
onerepublic - good life
ajr - I'm not famous
imagine dragons - on top of the world
macklemore - glorious
famy - ava 
sweet disposition 🤧",en,x_reply,https://x.com/alfredzefir/status/1283864104248246273,1283862159781437443,1283862159781437443,,2026-10-08T14:57:59+00:00,2026-10-08T14:57:59+00:00,F20-02,keyword_search,1,1,,
1283869615861444613,2020-07-16T21:02:24+00:00,Wrathzorro,478780413,"@thekjohnston Their mastery of symbolism is practically Jungian. That would be Sam Jungian, who sells hot dogs down the block from me.",en,x_post,https://x.com/Wrathzorro/status/1283869615861444613,1283867286961483778,,,2026-10-08T14:57:59+00:00,2026-10-08T14:57:59+00:00,F20-02,keyword_search,1,1,,
1283873879467982852,2020-07-16T21:19:20+00:00,atmartelli,1316936408,"Everyone who has a brain: we should all stay home to slow down the spread of Covid

Florence: what about a carnival?",en,x_post,https://x.com/atmartelli/status/1283873879467982852,1283873879467982852,,,2026-10-08T14:57:48+00:00,2026-10-08T14:57:48+00:00,F20-02,keyword_search,1,1,,
1283884208650358784,2020-07-16T22:00:23+00:00,Florencelrk,618268022,Comments like this break my heart. I can guarantee they are all from either fat sweaty men or people who post ‘Be kind’ and pipe up the minute someone takes their life saying what an awful loss it is asking how was someone driven to suicide. Makes my blood boil.,en,x_post,https://x.com/Florencelrk/status/1283884208650358784,1283884208650358784,,,2026-10-08T14:57:48+00:00,2026-10-08T14:57:48+00:00,F20-02,keyword_search,1,1,,
1283887558032797697,2020-07-16T22:13:41+00:00,fabutton,1257746306,"@sharonspictures I wonder how the person who did this to the puppies, would feel if he were forced to swing helplessly while wearing a melon? Not cute.",en,x_reply,https://x.com/fabutton/status/1283887558032797697,1283762478002900992,1283762478002900992,,2026-10-08T14:57:48+00:00,2026-10-08T14:57:48+00:00,F20-02,keyword_search,1,1,,
1283894489250017283,2020-07-16T22:41:14+00:00,MerrilynRowler,1456550630,"Please Sam fans, surely you wouldn't fall for this scam. Sam would never ask any of that kind of information. Actually Sam doesn't make direct contact with fans, so as much as we would all love it to be true, it's NOT",en,x_post,https://x.com/MerrilynRowler/status/1283894489250017283,1283894489250017283,,,2026-10-08T14:57:48+00:00,2026-10-08T14:57:48+00:00,F20-02,keyword_search,1,1,,
1283896495205421056,2020-07-16T22:49:12+00:00,FloAZBlade,3137399497,Arizonans who can't pay their rent will get a little more time before they face eviction. https://t.co/uG1kcymicQ,en,x_post,https://x.com/FloAZBlade/status/1283896495205421056,1283896495205421056,,,2026-10-08T14:57:48+00:00,2026-10-08T14:57:48+00:00,F20-02,keyword_search,1,1,,
1283898381614686208,2020-07-16T22:56:42+00:00,muf_FiNn11,949027620582232064,@misterbabadork I got my boy Florence who is a detective witch boy and kale whose a siren and peach who is a feral baby and then Benni who is a reaper dude https://t.co/cYIkvLJznD,en,x_post,https://x.com/muf_FiNn11/status/1283898381614686208,1283645153261973504,,,2026-10-08T14:57:48+00:00,2026-10-08T14:57:48+00:00,F20-02,keyword_search,1,1,,
1283901274413572096,2020-07-16T23:08:12+00:00,Florenceschatz7,1123607039081615362,Who would even fall for that?,en,x_quote,https://x.com/Florenceschatz7/status/1283901274413572096,1283901274413572096,,1283894489250017283,2026-10-08T14:57:48+00:00,2026-10-08T14:57:48+00:00,F20-02,keyword_search,1,1,,
1283918143979761668,2020-07-17T00:15:14+00:00,GRickHall1,968114686288740354,"Dennis Morgan of Florence, Alabama, a great friend and better man, died today after a sudden illness. Dennis was the quintessential home-town banker who cared about and looked out for his customers. I already miss his kind southern voice counseling me. He was the best.",en,x_post,https://x.com/GRickHall1/status/1283918143979761668,1283918143979761668,,,2026-10-08T14:57:48+00:00,2026-10-08T14:57:48+00:00,F20-02,keyword_search,1,0,,
1283919865305280512,2020-07-17T00:22:04+00:00,marsrader,1087860428,"There are over a million asteroids in our solar system more than a mile across. This one is Florence, who zooms by every once in a while on an orbit crossing both Earth and Mars. (🎥 Arecibo animation) https://t.co/wrlR10S6Fk",en,x_post,https://x.com/marsrader/status/1283919865305280512,1283919865305280512,,,2026-10-08T14:57:48+00:00,2026-10-08T14:57:48+00:00,F20-02,keyword_search,1,0,,
1284011001579372546,2020-07-17T06:24:13+00:00,NZinIndia,3003011065,"It's a health worker . . . It’s a robot . . .  It's Florence! #NewZealand company @Soulmachines has created Florence, a virtual health worker launched by @WHO to counter misinformation about #COVID19 and help smokers kick the butt. #digitalperson
https://t.co/KAbufVMmdv",en,x_post,https://x.com/NZinIndia/status/1284011001579372546,1284011001579372546,,,2026-10-08T14:57:48+00:00,2026-10-08T15:04:08+00:00,"F20-02,F20-03,F20-05",keyword_search,3,0,,
1284011198694875142,2020-07-17T06:25:00+00:00,WelshBiography,758638839162437632,"The nurse Betsi Cadwaladr, who worked with Florence Nightingale in the #Crimea, died in #London #onthisday 1860 https://t.co/lWXxRx46FZ #WelshHistory #Wales @BCUHB https://t.co/vrfrTCyj9x",en,x_post,https://x.com/WelshBiography/status/1284011198694875142,1284011198694875142,,,2026-10-08T14:57:48+00:00,2026-10-08T14:57:48+00:00,F20-02,keyword_search,1,0,,
1284014144270692352,2020-07-17T06:36:42+00:00,inlovewithflo,1239131847604355074,"@MJDraperBlake Yah, i understand. Any guy that came after him don't measure up but i kinda accepted Levitt because he saw all her experiences first hand(i still have doubt about him tho) btw as someone who watched her scenes repeatedly, she only gave the ""thousands sun"" look to Lincoln only. https://t.co/5xpJ0c3sWq",en,x_post,https://x.com/inlovewithflo/status/1284014144270692352,1283941619939463169,,,2026-10-08T14:57:48+00:00,2026-10-08T14:57:48+00:00,F20-02,keyword_search,1,0,,
1284023132383313920,2020-07-17T07:12:25+00:00,florence_rattle,952528141116956672,"@NickDra16071318 @ben_bt Weird that you see women standing up for who they are as the same as the vicious death threats, rape threats and porn that TRAs sent. 
It almost looks like misogyny...",en,x_reply,https://x.com/florence_rattle/status/1284023132383313920,1283704333977223169,1283828848753246212,,2026-10-08T14:57:48+00:00,2026-10-08T14:57:48+00:00,F20-02,keyword_search,1,0,,
1284027392160342016,2020-07-17T07:29:21+00:00,CollingsBerry,104544412,Half-brothers Dereham and Delatite wondering how it is that their sister Dear Florence was the lucky one who ended up in a Scottish paradise @taniakindersley https://t.co/6XVMGa24dx,en,x_post,https://x.com/CollingsBerry/status/1284027392160342016,1284027392160342016,,,2026-10-08T14:57:48+00:00,2026-10-08T14:57:48+00:00,F20-02,keyword_search,1,0,,
1284036199930384385,2020-07-17T08:04:20+00:00,MzalendoWatch,115016265,"The 11 MPs include:-
-Hon. Florence Mutua (Busia County) who has only attended three sittings yet she is being touted to chair the departmental committee on Education
-Hon. Munyua Waititu (Juja) has attended three sittings because he has been unwell.",en,x_reply,https://x.com/MzalendoWatch/status/1284036199930384385,1284036179726413824,1284036197636071424,,2026-10-08T14:57:48+00:00,2026-10-08T14:57:48+00:00,F20-02,keyword_search,1,0,,
1284054824179453959,2020-07-17T09:18:21+00:00,Nikky_flo,825745675,"How do you moisturise your hair? Is it the best way for your hair type?

Moisturising 4B/4C hair|| LCO vs LOC vs LB 
https://t.co/nyU2u03jcM

This is the battle of moisturising techniques, who wins???",en,x_reply,https://x.com/Nikky_flo/status/1284054824179453959,1270003001114136576,1270003001114136576,,2026-10-08T14:57:48+00:00,2026-10-08T14:57:48+00:00,F20-02,keyword_search,1,0,,
1284059593086242817,2020-07-17T09:37:18+00:00,PriceLaurence,573418175,"@bcgray Also: an approach to ecumenism that consists of rubbing the edges of churches together doesn't work. There will always be a fringe who eagerly look beyond their own church. But as at Arcic 2 in the 1980s or the Council of Florence in the 1430s, the centres just push back.",en,x_post,https://x.com/PriceLaurence/status/1284059593086242817,1284045847924269056,,,2026-10-08T14:57:48+00:00,2026-10-08T14:57:48+00:00,F20-02,keyword_search,1,0,,
1284101805836836865,2020-07-17T12:25:02+00:00,Walks,263038694,"In our Guide Spotlight Series we’re joined by one of our Florence guides, Giada Papini, who shares tips for the city including her favorite neighborhood, a hidden gem, along with places around the world to inspire your travel bucket list https://t.co/2hvKMfSC0S #takewalks https://t.co/F7jliTIGhL",en,x_post,https://x.com/Walks/status/1284101805836836865,1284101805836836865,,,2026-10-08T14:57:48+00:00,2026-10-08T14:57:48+00:00,F20-02,keyword_search,1,0,,
1284119063778615296,2020-07-17T13:33:37+00:00,inlovewithflo,1239131847604355074,"@MJDraperBlake I can't even ship in peace. I just got called biphobic by niytavia shipper in my tmblr gc 😭. Bitch, if they were in the same room I'll be shipping them too, idgaf who my girl shagging, as long as she got some.",en,x_post,https://x.com/inlovewithflo/status/1284119063778615296,1284114232858955776,,,2026-10-08T14:57:48+00:00,2026-10-08T14:57:48+00:00,F20-02,keyword_search,1,0,,
1284140017242300416,2020-07-17T14:56:52+00:00,DianaJFlorence,69011001,"Read @CatalinaCruzNY and my @CityLimitsNews op-ed📰
""Prosecutors, civil regulators, unions, and community groups must partner together to target the most shameless offenders who exploit their workforces repeatedly.""
https://t.co/Ar9euM3ZsR https://t.co/aot9mErnqR",en,x_post,https://x.com/DianaJFlorence/status/1284140017242300416,1284140017242300416,,,2026-10-08T14:57:48+00:00,2026-10-08T14:57:48+00:00,F20-02,keyword_search,1,0,,
1284149406338621441,2020-07-17T15:34:11+00:00,bestofpugh,1191025593913090049,get you someone who can do both https://t.co/w1CtV0NsTc,en,x_post,https://x.com/bestofpugh/status/1284149406338621441,1284149406338621441,,,2026-10-08T14:57:48+00:00,2026-10-08T14:57:48+00:00,F20-02,keyword_search,1,0,,
1775244003484532917,2024-04-02T19:28:47+00:00,GlobalPHObserv,2565865626,"WHO unveils a digital health promoter harnessing generative AI for public health
S.A.R.A.H. Smart AI Resource Assistant for Health https://t.co/GD7seIaiEm
News:
https://t.co/Iji8CgY3kT",en,x_post,,1775244003484532917,,,2026-10-08T09:42:31+00:00,2026-10-08T09:42:31+00:00,formal_name,search,1,1,,
1775248317049413726,2024-04-02T19:45:55+00:00,el_pais,7996082,"La OMS lanza Sarah, un avatar de inteligencia artificial sobre temas de salud, pero advierte que “es posible que las respuestas no siempre sean precisas” y no se hace responsable de sus respuestas https://t.co/R0Kf1ywDTy",es,x_post,,1775248317049413726,,,2026-10-08T09:42:31+00:00,2026-10-08T09:42:31+00:00,formal_name,search,1,1,,
1775407253215957424,2024-04-03T06:17:29+00:00,AnaCorojan,84702117,"🤖 “#Sarah” ('Smart AI Resource Assistant for Health') es la primera apuesta de la OMS @WHO para promover la salud digital a través de #IA #InteligenciaArtificial 🧠‼️

🚺 “Bienvenida” al grupo de asistentes virtuales femeninas #Alexa, #Siri, #Cortana, #Bixby... 🤦🏼‍♀️ 💜",es,x_post,,1775407253215957424,,1775248317049413726,2026-10-08T09:42:31+00:00,2026-10-08T09:42:31+00:00,formal_name,search,1,1,,
1775506710179819846,2024-04-03T12:52:41+00:00,sarahfhoffman,43968854,"Meet S.A.R.A.H.
A Smart AI Resource Assistant for Health (I had to share this one!) https://t.co/POyVoU3rQm",en,x_post,,1775506710179819846,,,2026-10-08T09:42:31+00:00,2026-10-08T09:42:31+00:00,formal_name,search,1,1,,
1775666660449419708,2024-04-03T23:28:16+00:00,waltercurioso,191475413,"Conoce a S.A.R.A.H. (A Smart AI Resource Assistant for Health) de @WHO. #Sarah es un prototipo de promotora digital de la salud que interactúa con los usuarios gracias a la inteligencia artificial generativa. Disponible en español, 24/7, via video o texto.
https://t.co/79LDHnuw1r https://t.co/RqoL3ij1DG",es,x_post,,1775666660449419708,,,2026-10-08T09:42:31+00:00,2026-10-08T09:42:31+00:00,formal_name,search,1,1,,
1775805784741331127,2024-04-04T08:41:06+00:00,scafato,482984532,"S.A.R.A.H. (Smart AI Resource Assistant for Health) L'intelligenza artificiale OMS per guidare verso stili più salutari di vita. Fate domande e ricevete risposte , anche sull'alcol  https://t.co/Ax30umMGdN https://t.co/211kk1lU2q",it,x_post,,1775805784741331127,,,2026-10-08T09:42:31+00:00,2026-10-08T09:42:31+00:00,formal_name,search,1,1,,
1775902008932790552,2024-04-04T15:03:28+00:00,Nurse24it,526557515,"In occasione del World Health Day dal tema “My Health, My Right”, l’#OMS annuncia il lancio di S.A.R.A.H. (Smart AI Resource Assistant for Health), il prototipo di AI generativa di un promotore di salute digitale con risposta empatica potenziata.
https://t.co/KqXo88Aipe",it,x_post,,1775902008932790552,,,2026-10-08T09:42:31+00:00,2026-10-08T09:42:31+00:00,formal_name,search,1,1,,
1775981260675981334,2024-04-04T20:18:23+00:00,carens8892,399071713,#CGEA2024 is abuzz about #GPT in #MedEd   And I found this amazing ‘new’ thing…https://t.co/V2CLqcehVH  a Smart AI Resource Assistant for Health,en,x_post,,1775981260675981334,,,2026-10-08T09:42:31+00:00,2026-10-08T09:42:31+00:00,formal_name,search,1,1,,
1776736972632973522,2024-04-06T22:21:19+00:00,lacin_mirza,98456551,"Dünya Sağlık Örgütü , İngilizce, Rusça, Çince, İspanyolca, Fransızca, Portekizce, Arapça ve Hintçe dillerinde sağlık bilgisi sağlayan S.A.R.A.H. Sağlık için Akıllı Yapay Zeka Asistanını tanıttı: 
S.A.R.A.H, a Smart AI Resource Assistant for Health
https://t.co/nHxUfEk2gm",tr,x_post,,1776736972632973522,,,2026-10-08T09:42:31+00:00,2026-10-08T09:42:31+00:00,formal_name,search,1,1,,
1777281287549513774,2024-04-08T10:24:13+00:00,Xx17965797N,1552407495255199745,"🙄Meet S.A.R.A.H.
A Smart AI Resource Assistant for Health https://t.co/5aTof5tFj3",en,x_post,,1777281287549513774,,,2026-10-08T09:42:31+00:00,2026-10-08T09:42:31+00:00,formal_name,search,1,1,,
1778722225207582759,2024-04-12T09:50:00+00:00,NewTimesRwanda,191478785,"To enable authentic interaction with S.A.R.A.H., users grant access to their device's microphone and camera, allowing her 'Digital Brain' to capture expressions during interactions.

Here are five things to know about WHO's first AI health promoter.
https://t.co/56vVItTqfU",en,x_post,,1778722225207582759,,,2026-10-08T09:42:53+00:00,2026-10-08T09:42:53+00:00,health_promoter,search,1,1,,
1779355033915556323,2024-04-14T03:44:33+00:00,FPetersenA,1079819255036678144,"Sarah, es un acrónimo para Smart AI Resource Assistant for Health  que significa Asistente Inteligente de Recursos de IA para la Salud y se basa en Inteligencia Artificial generativa arrojando una guía de prevención para cuidar de tu salud disponible las 24 horas del día
2",es,x_post,,1779355031885492701,1779355031885492701,,2026-10-08T09:42:33+00:00,2026-10-08T09:42:33+00:00,formal_name,search,1,1,,
1779543190187413804,2024-04-14T16:12:13+00:00,saludjalisco,343798475,"¡El futuro de la salud, también es digital! 

Sarah, es un acrónimo para Smart AI Resource Assistant for Health  que significa Asistente Inteligente de Recursos de IA para la Salud creada por la Organización Mundial de la Salud y se basa en Inteligencia Artificial generativa https://t.co/2ExJq6uRtq",es,x_post,,1779543190187413804,,,2026-10-08T09:42:33+00:00,2026-10-08T09:42:33+00:00,formal_name,search,1,1,,
1781250123890057445,2024-04-19T09:14:58+00:00,OEIAC_UdG,1317142153462796289,"📢Definició de cap de setmana📢

🗨️ Sabeu què significa SARAH?

Doncs és l’acrònim de Smart AI Resource Assistant for Health i es tracta d’un chatbot de l'Organització Mundial de la Salut (OMS) que ofereix als seus usuaris informació relacionada amb la salut en vuit idiomes 1/",ca,x_post,,1781250123890057445,,,2026-10-08T09:42:35+00:00,2026-10-08T09:42:35+00:00,formal_name,search,1,1,,
1782529843659178278,2024-04-22T22:00:07+00:00,ajc,4170491,"Short for Smart AI Resource Assistant for Health, it serves as a virtual health worker who can speak with online visitors in eight languages about everything from mental health to dieting. https://t.co/wz2Dl8bi5n",en,x_post,,1782529843659178278,,,2026-10-08T09:42:35+00:00,2026-10-08T09:42:36+00:00,formal_name,search,2,1,,
