snapshot_id,user_id,post_id,run_id,job_key,response_id,retrieved_at,username,display_name,description,location,followers_count,following_count,statuses_count,verified,protected,profile_json
1,1552407495255199745,1777281287549513774,,,,2026-10-08T09:42:31+00:00,Xx17965797N,Truthseeker,Everything i post is for entertainment purposes only of course….,,460076,2467,47426,0,0,"{""_type"": ""snscrape.modules.twitter.User"", ""blue"": true, ""blueType"": null, ""created"": ""2022-07-27 21:36:15+00:00"", ""descriptionLinks"": [], ""displayname"": ""Truthseeker"", ""favouritesCount"": 4734, ""followersCount"": 460076, ""friendsCount"": 2467, ""id"": 1552407495255199745, ""id_str"": ""1552407495255199745"", ""listedCount"": 0, ""location"": """", ""mediaCount"": 29959, ""pinnedIds"": [1891487577003229672], ""profileBannerUrl"": """", ""profileImageUrl"": ""https://pbs.twimg.com/profile_images/1552408984824516610/alsEPf46_normal.jpg"", ""protected"": false, ""rawDescription"": ""Everything i post is for entertainment purposes only of course…."", ""statusesCount"": 47426, ""url"": ""https://x.com/Xx17965797N"", ""username"": ""Xx17965797N"", ""verified"": false}"
2,98456551,1776736972632973522,,,,2026-10-08T09:42:31+00:00,lacin_mirza,Laçin Mirza ♞ 🇹🇷,"#Turizmci @lacinmirza 🇹🇷 #FahriKonsolos 🇧🇾 #Antalya
#diplomasi #spor #satranç:  https://t.co/sUNjlsG7IK 🦁",Antalya,1113,100,1450,0,0,"{""_type"": ""snscrape.modules.twitter.User"", ""blue"": true, ""blueType"": null, ""created"": ""2009-12-21 19:49:53+00:00"", ""descriptionLinks"": [{""tcourl"": ""https://t.co/sUNjlsG7IK"", ""text"": ""lichess.org/@/lacin_mirza"", ""url"": ""http://lichess.org/@/lacin_mirza""}, {""tcourl"": ""https://t.co/eUAsgrCleN"", ""text"": ""aldetours.com"", ""url"": ""https://www.aldetours.com/""}], ""displayname"": ""Laçin Mirza ♞ 🇹🇷"", ""favouritesCount"": 5989, ""followersCount"": 1113, ""friendsCount"": 100, ""id"": 98456551, ""id_str"": ""98456551"", ""listedCount"": 0, ""location"": ""Antalya"", ""mediaCount"": 465, ""pinnedIds"": [], ""profileBannerUrl"": ""https://pbs.twimg.com/profile_banners/98456551/1745947637"", ""profileImageUrl"": ""https://pbs.twimg.com/profile_images/1609905043813109764/bEDWyNg6_normal.jpg"", ""protected"": false, ""rawDescription"": ""#Turizmci @lacinmirza 🇹🇷 #FahriKonsolos 🇧🇾 #Antalya\n#diplomasi #spor #satranç:  https://t.co/sUNjlsG7IK 🦁"", ""statusesCount"": 1450, ""url"": ""https://x.com/lacin_mirza"", ""username"": ""lacin_mirza"", ""verified"": false}"
3,399071713,1775981260675981334,,,,2026-10-08T09:42:31+00:00,carens8892,C Stalburg,"My own views, opinions, and general ""wisdom"".",,661,892,3249,0,0,"{""_type"": ""snscrape.modules.twitter.User"", ""blue"": false, ""blueType"": null, ""created"": ""2011-10-26 23:21:16+00:00"", ""descriptionLinks"": [], ""displayname"": ""C Stalburg"", ""favouritesCount"": 7301, ""followersCount"": 661, ""friendsCount"": 892, ""id"": 399071713, ""id_str"": ""399071713"", ""listedCount"": 0, ""location"": """", ""mediaCount"": 380, ""pinnedIds"": [], ""profileBannerUrl"": ""https://pbs.twimg.com/profile_banners/399071713/1425593437"", ""profileImageUrl"": ""https://pbs.twimg.com/profile_images/2103039903/books_normal.jpg"", ""protected"": false, ""rawDescription"": ""My own views, opinions, and general \""wisdom\""."", ""statusesCount"": 3249, ""url"": ""https://x.com/carens8892"", ""username"": ""carens8892"", ""verified"": false}"
4,526557515,1775902008932790552,,,,2026-10-08T09:42:31+00:00,Nurse24it,Nurse24.it,Quotidiano online | INFERMIERI - OSS - SALUTE - SANITÀ. Facebook https://t.co/xQbJBHuIT8 Instagram https://t.co/80m6MIaNg4,Rimini,7005,592,24295,0,0,"{""_type"": ""snscrape.modules.twitter.User"", ""blue"": false, ""blueType"": null, ""created"": ""2012-03-16 16:26:38+00:00"", ""descriptionLinks"": [{""tcourl"": ""https://t.co/xQbJBHuIT8"", ""text"": ""facebook.com/nurse24.it"", ""url"": ""http://www.facebook.com/nurse24.it""}, {""tcourl"": ""https://t.co/80m6MIaNg4"", ""text"": ""instagram.com/nurse24it/"", ""url"": ""http://www.instagram.com/nurse24it/""}, {""tcourl"": ""https://t.co/UdI7k86zAx"", ""text"": ""nurse24.it"", ""url"": ""http://www.nurse24.it/""}], ""displayname"": ""Nurse24.it"", ""favouritesCount"": 1987, ""followersCount"": 7005, ""friendsCount"": 592, ""id"": 526557515, ""id_str"": ""526557515"", ""listedCount"": 0, ""location"": ""Rimini"", ""mediaCount"": 919, ""pinnedIds"": [], ""profileBannerUrl"": ""https://pbs.twimg.com/profile_banners/526557515/1550683965"", ""profileImageUrl"": ""https://pbs.twimg.com/profile_images/538840543032139776/RCJbyjfK_normal.jpeg"", ""protected"": false, ""rawDescription"": ""Quotidiano online | INFERMIERI - OSS - SALUTE - SANITÀ. Facebook https://t.co/xQbJBHuIT8 Instagram https://t.co/80m6MIaNg4"", ""statusesCount"": 24295, ""url"": ""https://x.com/Nurse24it"", ""username"": ""Nurse24it"", ""verified"": false}"
5,482984532,1775805784741331127,,,,2026-10-08T09:42:31+00:00,scafato,Emanuele Scafato,Epidemiologo Gastroenterologo Dir. Centro OMS Research on Alcohol e Osservat. Naz. Alcol ISS Ist. Sup. Sanità tweets reflect my views rtws are not endorsement,Roma,839,402,16786,0,0,"{""_type"": ""snscrape.modules.twitter.User"", ""blue"": false, ""blueType"": null, ""created"": ""2012-02-04 14:30:40+00:00"", ""descriptionLinks"": [{""tcourl"": ""https://t.co/7VrwAoWdS2"", ""text"": ""epicentro.iss.it/alcol/osservat…"", ""url"": ""https://www.epicentro.iss.it/alcol/osservatorio-nazionale-alcol""}], ""displayname"": ""Emanuele Scafato"", ""favouritesCount"": 11089, ""followersCount"": 839, ""friendsCount"": 402, ""id"": 482984532, ""id_str"": ""482984532"", ""listedCount"": 0, ""location"": ""Roma"", ""mediaCount"": 2426, ""pinnedIds"": [791239232782209024], ""profileBannerUrl"": ""https://pbs.twimg.com/profile_banners/482984532/1474913290"", ""profileImageUrl"": ""https://pbs.twimg.com/profile_images/378800000689821254/f010fa755a1d8547b02fbc36f63ef382_normal.jpeg"", ""protected"": false, ""rawDescription"": ""Epidemiologo Gastroenterologo Dir. Centro OMS Research on Alcohol e Osservat. Naz. Alcol ISS Ist. Sup. Sanità tweets reflect my views rtws are not endorsement"", ""statusesCount"": 16786, ""url"": ""https://x.com/scafato"", ""username"": ""scafato"", ""verified"": false}"
6,191475413,1775666660449419708,,,,2026-10-08T09:42:31+00:00,waltercurioso,Walter H. Curioso,"Médico, Máster en Salud Pública, PhD Informática Biomédica University of Washington @UW | Experto en #SaludDigital",Peru,5592,1947,13748,0,0,"{""_type"": ""snscrape.modules.twitter.User"", ""blue"": false, ""blueType"": null, ""created"": ""2010-09-16 15:05:59+00:00"", ""descriptionLinks"": [{""tcourl"": ""https://t.co/e2ZgccsPl5"", ""text"": ""waltercurioso.com"", ""url"": ""http://waltercurioso.com/""}], ""displayname"": ""Walter H. Curioso"", ""favouritesCount"": 58080, ""followersCount"": 5592, ""friendsCount"": 1947, ""id"": 191475413, ""id_str"": ""191475413"", ""listedCount"": 0, ""location"": ""Peru"", ""mediaCount"": 1400, ""pinnedIds"": [2068125580227121446], ""profileBannerUrl"": ""https://pbs.twimg.com/profile_banners/191475413/1774050836"", ""profileImageUrl"": ""https://pbs.twimg.com/profile_images/2035142474440531968/LJWezvm6_normal.jpg"", ""protected"": false, ""rawDescription"": ""Médico, Máster en Salud Pública, PhD Informática Biomédica University of Washington @UW | Experto en #SaludDigital"", ""statusesCount"": 13748, ""url"": ""https://x.com/waltercurioso"", ""username"": ""waltercurioso"", ""verified"": false}"
7,43968854,1775506710179819846,,,,2026-10-08T09:42:31+00:00,sarahfhoffman,Sarah F. Hoffman,"#AI Strategist, Futurist, Writer, Speaker. Passionate about #innovation #technology #generativeAI Views are my own.",New York,601,1585,2078,0,0,"{""_type"": ""snscrape.modules.twitter.User"", ""blue"": false, ""blueType"": null, ""created"": ""2009-06-01 20:47:53+00:00"", ""descriptionLinks"": [], ""displayname"": ""Sarah F. Hoffman"", ""favouritesCount"": 8109, ""followersCount"": 601, ""friendsCount"": 1585, ""id"": 43968854, ""id_str"": ""43968854"", ""listedCount"": 0, ""location"": ""New York"", ""mediaCount"": 74, ""pinnedIds"": [2067689987462529361], ""profileBannerUrl"": ""https://pbs.twimg.com/profile_banners/43968854/1402450421"", ""profileImageUrl"": ""https://pbs.twimg.com/profile_images/1174734166325436416/1o9pO6Qu_normal.jpg"", ""protected"": false, ""rawDescription"": ""#AI Strategist, Futurist, Writer, Speaker. Passionate about #innovation #technology #generativeAI Views are my own."", ""statusesCount"": 2078, ""url"": ""https://x.com/sarahfhoffman"", ""username"": ""sarahfhoffman"", ""verified"": false}"
8,84702117,1775407253215957424,,,,2026-10-08T09:42:31+00:00,AnaCorojan,Ana Corojan 🦁🐝👨‍👩‍👧‍👦💜,"🧩Politóloga
🫆Responsable de Comunicación y Relaciones Institucionales 🩵 @TISpain @anticorruption 🩵

🍿Opiniones a título personal.

🧬🚺 @redpolitologas",,1289,2908,9084,0,0,"{""_type"": ""snscrape.modules.twitter.User"", ""blue"": false, ""blueType"": null, ""created"": ""2009-10-23 22:09:36+00:00"", ""descriptionLinks"": [], ""displayname"": ""Ana Corojan 🦁🐝👨‍👩‍👧‍👦💜"", ""favouritesCount"": 15405, ""followersCount"": 1289, ""friendsCount"": 2908, ""id"": 84702117, ""id_str"": ""84702117"", ""listedCount"": 0, ""location"": """", ""mediaCount"": 1040, ""pinnedIds"": [2107886170546077797], ""profileBannerUrl"": ""https://pbs.twimg.com/profile_banners/84702117/1623790193"", ""profileImageUrl"": ""https://pbs.twimg.com/profile_images/2094071676174499841/2ukQkhk__normal.jpg"", ""protected"": false, ""rawDescription"": ""🧩Politóloga\n🫆Responsable de Comunicación y Relaciones Institucionales 🩵 @TISpain @anticorruption 🩵\n\n🍿Opiniones a título personal.\n\n🧬🚺 @redpolitologas"", ""statusesCount"": 9084, ""url"": ""https://x.com/AnaCorojan"", ""username"": ""AnaCorojan"", ""verified"": false}"
9,7996082,1775248317049413726,,,,2026-10-08T09:42:31+00:00,el_pais,EL PAÍS,"La mejor información en español. Con nuestra mirada puesta en España, Europa y América. Aquí tienes nuestra política de privacidad https://t.co/1J0jyff6Da",Madrid,8397416,849,896555,0,0,"{""_type"": ""snscrape.modules.twitter.User"", ""blue"": true, ""blueType"": ""Business"", ""created"": ""2007-08-06 16:20:09+00:00"", ""descriptionLinks"": [{""tcourl"": ""https://t.co/1J0jyff6Da"", ""text"": ""tinyurl.com/32dnhzc9"", ""url"": ""https://tinyurl.com/32dnhzc9""}, {""tcourl"": ""https://t.co/6g5qG3Lgo3"", ""text"": ""elpais.com"", ""url"": ""https://elpais.com/""}], ""displayname"": ""EL PAÍS"", ""favouritesCount"": 1970, ""followersCount"": 8397416, ""friendsCount"": 849, ""id"": 7996082, ""id_str"": ""7996082"", ""listedCount"": 0, ""location"": ""Madrid"", ""mediaCount"": 96137, ""pinnedIds"": [], ""profileBannerUrl"": ""https://pbs.twimg.com/profile_banners/7996082/1768474674"", ""profileImageUrl"": ""https://pbs.twimg.com/profile_images/2013261416153722880/TqlL1GLg_normal.jpg"", ""protected"": false, ""rawDescription"": ""La mejor información en español. Con nuestra mirada puesta en España, Europa y América. Aquí tienes nuestra política de privacidad https://t.co/1J0jyff6Da"", ""statusesCount"": 896555, ""url"": ""https://x.com/el_pais"", ""username"": ""el_pais"", ""verified"": false}"
10,2565865626,1775244003484532917,,,,2026-10-08T09:42:31+00:00,GlobalPHObserv,Global Health Observ,The Johns Hopkins University - School of Public Health - Academic-based public health observatory - operational research & training  - Epidemiology Methods,Baltimore MD USA,6679,548,91776,0,0,"{""_type"": ""snscrape.modules.twitter.User"", ""blue"": false, ""blueType"": null, ""created"": ""2014-06-13 20:40:04+00:00"", ""descriptionLinks"": [{""tcourl"": ""https://t.co/IsNUvWBuB5"", ""text"": ""bit.ly/3qRyYiA"", ""url"": ""https://bit.ly/3qRyYiA""}], ""displayname"": ""Global Health Observ"", ""favouritesCount"": 9193, ""followersCount"": 6679, ""friendsCount"": 548, ""id"": 2565865626, ""id_str"": ""2565865626"", ""listedCount"": 0, ""location"": ""Baltimore MD USA"", ""mediaCount"": 6828, ""pinnedIds"": [], ""profileBannerUrl"": ""https://pbs.twimg.com/profile_banners/2565865626/1559767145"", ""profileImageUrl"": ""https://pbs.twimg.com/profile_images/1624510245094535179/n0AFb6Z4_normal.jpg"", ""protected"": false, ""rawDescription"": ""The Johns Hopkins University - School of Public Health - Academic-based public health observatory - operational research & training  - Epidemiology Methods"", ""statusesCount"": 91776, ""url"": ""https://x.com/GlobalPHObserv"", ""username"": ""GlobalPHObserv"", ""verified"": false}"
11,343798475,1779543190187413804,,,,2026-10-08T09:42:33+00:00,saludjalisco,Secretaría de Salud Jalisco,"Nos encargamos de la salud en Jalisco, coordinamos los programas de promoción, prevención, fomento, regulación sanitaria y de servicios de salud a las personas.","Guadalajara, Jalisco",89895,628,41979,0,0,"{""_type"": ""snscrape.modules.twitter.User"", ""blue"": false, ""blueType"": ""Government"", ""created"": ""2011-07-28 03:00:14+00:00"", ""descriptionLinks"": [{""tcourl"": ""https://t.co/TDl0nIxgIK"", ""text"": ""ssj.jalisco.gob.mx"", ""url"": ""http://ssj.jalisco.gob.mx/""}], ""displayname"": ""Secretaría de Salud Jalisco"", ""favouritesCount"": 1262, ""followersCount"": 89895, ""friendsCount"": 628, ""id"": 343798475, ""id_str"": ""343798475"", ""listedCount"": 0, ""location"": ""Guadalajara, Jalisco"", ""mediaCount"": 25093, ""pinnedIds"": [], ""profileBannerUrl"": ""https://pbs.twimg.com/profile_banners/343798475/1791415495"", ""profileImageUrl"": ""https://pbs.twimg.com/profile_images/1865978359391363072/MJIDXw9l_normal.jpg"", ""protected"": false, ""rawDescription"": ""Nos encargamos de la salud en Jalisco, coordinamos los programas de promoción, prevención, fomento, regulación sanitaria y de servicios de salud a las personas."", ""statusesCount"": 41979, ""url"": ""https://x.com/saludjalisco"", ""username"": ""saludjalisco"", ""verified"": false}"
12,1079819255036678144,1779355033915556323,,,,2026-10-08T09:42:33+00:00,FPetersenA,Fernando Petersen,Médico . Investigador . Docente,"Jalisco, México",7216,121,3365,0,0,"{""_type"": ""snscrape.modules.twitter.User"", ""blue"": false, ""blueType"": null, ""created"": ""2018-12-31 19:19:07+00:00"", ""descriptionLinks"": [], ""displayname"": ""Fernando Petersen"", ""favouritesCount"": 916, ""followersCount"": 7216, ""friendsCount"": 121, ""id"": 1079819255036678144, ""id_str"": ""1079819255036678144"", ""listedCount"": 0, ""location"": ""Jalisco, México"", ""mediaCount"": 2706, ""pinnedIds"": [], ""profileBannerUrl"": ""https://pbs.twimg.com/profile_banners/1079819255036678144/1733777779"", ""profileImageUrl"": ""https://pbs.twimg.com/profile_images/1890852905642545153/mQHx153s_normal.jpg"", ""protected"": false, ""rawDescription"": ""Médico . Investigador . Docente"", ""statusesCount"": 3365, ""url"": ""https://x.com/FPetersenA"", ""username"": ""FPetersenA"", ""verified"": false}"
13,4170491,1782529843659178278,,,,2026-10-08T09:42:36+00:00,ajc,Atlanta Journal-Constitution,"Our mission is to be the most essential and engaging source of news for the people of Atlanta, Georgia and the South. 
For news tips and FAQs: https://t.co/syAWi1x4IM","Atlanta, GA",981742,121,379984,0,0,"{""_type"": ""snscrape.modules.twitter.User"", ""blue"": true, ""blueType"": null, ""created"": ""2007-04-11 12:50:15+00:00"", ""descriptionLinks"": [{""tcourl"": ""https://t.co/syAWi1x4IM"", ""text"": ""ajc.com/contacts"", ""url"": ""http://ajc.com/contacts""}, {""tcourl"": ""https://t.co/dTTp5675KT"", ""text"": ""ajc.com"", ""url"": ""http://www.ajc.com""}], ""displayname"": ""Atlanta Journal-Constitution"", ""favouritesCount"": 2447, ""followersCount"": 981742, ""friendsCount"": 121, ""id"": 4170491, ""id_str"": ""4170491"", ""listedCount"": 0, ""location"": ""Atlanta, GA"", ""mediaCount"": 91291, ""pinnedIds"": [], ""profileBannerUrl"": ""https://pbs.twimg.com/profile_banners/4170491/1744741596"", ""profileImageUrl"": ""https://pbs.twimg.com/profile_images/1747093995585425408/icKWS_ER_normal.png"", ""protected"": false, ""rawDescription"": ""Our mission is to be the most essential and engaging source of news for the people of Atlanta, Georgia and the South. \nFor news tips and FAQs: https://t.co/syAWi1x4IM"", ""statusesCount"": 379984, ""url"": ""https://x.com/ajc"", ""username"": ""ajc"", ""verified"": false}"
14,1317142153462796289,1781250123890057445,,,,2026-10-08T09:42:35+00:00,OEIAC_UdG,OEIAC 💭,"L'OEIAC promou l'ús responsable de la intel·ligència artificial i és pioner a fer-ho a través dels seus Models PIO sobre Principis, Indicadors i Observables.",Universitat de Girona,2194,1254,38271,0,0,"{""_type"": ""snscrape.modules.twitter.User"", ""blue"": false, ""blueType"": null, ""created"": ""2020-10-16 16:36:17+00:00"", ""descriptionLinks"": [{""tcourl"": ""https://t.co/nBGHhRmFYy"", ""text"": ""oeiac.cat"", ""url"": ""https://oeiac.cat/""}], ""displayname"": ""OEIAC 💭"", ""favouritesCount"": 60293, ""followersCount"": 2194, ""friendsCount"": 1254, ""id"": 1317142153462796289, ""id_str"": ""1317142153462796289"", ""listedCount"": 0, ""location"": ""Universitat de Girona"", ""mediaCount"": 862, ""pinnedIds"": [1806248063670890755], ""profileBannerUrl"": ""https://pbs.twimg.com/profile_banners/1317142153462796289/1715957814"", ""profileImageUrl"": ""https://pbs.twimg.com/profile_images/1791377627053264896/L8V6sN-1_normal.png"", ""protected"": false, ""rawDescription"": ""L'OEIAC promou l'ús responsable de la intel·ligència artificial i és pioner a fer-ho a través dels seus Models PIO sobre Principis, Indicadors i Observables."", ""statusesCount"": 38271, ""url"": ""https://x.com/OEIAC_UdG"", ""username"": ""OEIAC_UdG"", ""verified"": false}"
15,191478785,1778722225207582759,,,,2026-10-08T09:42:53+00:00,NewTimesRwanda,The New Times (Rwanda),Reliable• Responsible• Credible• Follow @TimesSportRW for sports news.,"Kigali, Rwanda",585135,451,134642,0,0,"{""_type"": ""snscrape.modules.twitter.User"", ""blue"": true, ""blueType"": null, ""created"": ""2010-09-16 15:15:50+00:00"", ""descriptionLinks"": [{""tcourl"": ""https://t.co/zSodXQ5Oqh"", ""text"": ""newtimes.co.rw"", ""url"": ""https://www.newtimes.co.rw""}], ""displayname"": ""The New Times (Rwanda)"", ""favouritesCount"": 5937, ""followersCount"": 585135, ""friendsCount"": 451, ""id"": 191478785, ""id_str"": ""191478785"", ""listedCount"": 0, ""location"": ""Kigali, Rwanda"", ""mediaCount"": 39768, ""pinnedIds"": [], ""profileBannerUrl"": ""https://pbs.twimg.com/profile_banners/191478785/1779466631"", ""profileImageUrl"": ""https://pbs.twimg.com/profile_images/2057795692156911616/mmenAzhv_normal.jpg"", ""protected"": false, ""rawDescription"": ""Reliable• Responsible• Credible• Follow @TimesSportRW for sports news."", ""statusesCount"": 134642, ""url"": ""https://x.com/NewTimesRwanda"", ""username"": ""NewTimesRwanda"", ""verified"": false}"
16,864974905607045120,1282517580582879235,a0a6c4a3b11623f928d7c75a,144c03699631693552dd8f334134afdd,11,2026-10-08T14:53:16+00:00,AIForumNZ,AI Forum NZ,"The Artificial Intelligence Forum of New Zealand (Te Kāhui Atamai Iahiko o Aotearoa) is here to connect, promote and advance New Zealand's AI ecosystem.",New Zealand,1809,433,2951,0,0,"{""_type"": ""snscrape.modules.twitter.User"", ""blue"": false, ""blueType"": null, ""created"": ""2017-05-17 22:44:22+00:00"", ""descriptionLinks"": [{""tcourl"": ""https://t.co/nZfoKZNDLO"", ""text"": ""aiforum.org.nz"", ""url"": ""http://aiforum.org.nz""}], ""displayname"": ""AI Forum NZ"", ""favouritesCount"": 2267, ""followersCount"": 1809, ""friendsCount"": 433, ""id"": 864974905607045120, ""id_str"": ""864974905607045120"", ""listedCount"": 0, ""location"": ""New Zealand"", ""mediaCount"": 379, ""pinnedIds"": [], ""profileBannerUrl"": ""https://pbs.twimg.com/profile_banners/864974905607045120/1570069535"", ""profileImageUrl"": ""https://pbs.twimg.com/profile_images/1711575630209576960/tSnf-zCG_normal.jpg"", ""protected"": false, ""rawDescription"": ""The Artificial Intelligence Forum of New Zealand (Te Kāhui Atamai Iahiko o Aotearoa) is here to connect, promote and advance New Zealand's AI ecosystem."", ""statusesCount"": 2951, ""url"": ""https://x.com/AIForumNZ"", ""username"": ""AIForumNZ"", ""verified"": false}"
17,14499829,1281647485014941697,a0a6c4a3b11623f928d7c75a,144c03699631693552dd8f334134afdd,11,2026-10-08T14:53:16+00:00,WHO,World Health Organization (WHO),"We are the @UN’s health agency working for #HealthForAll
Always check our latest tweets for updated advice/information.","Geneva, Switzerland",12669854,1734,83434,0,0,"{""_type"": ""snscrape.modules.twitter.User"", ""blue"": true, ""blueType"": ""Government"", ""created"": ""2008-04-23 19:56:27+00:00"", ""descriptionLinks"": [{""tcourl"": ""https://t.co/28yN4nSRNK"", ""text"": ""who.int"", ""url"": ""http://www.who.int""}], ""displayname"": ""World Health Organization (WHO)"", ""favouritesCount"": 13969, ""followersCount"": 12669854, ""friendsCount"": 1734, ""id"": 14499829, ""id_str"": ""14499829"", ""listedCount"": 0, ""location"": ""Geneva, Switzerland"", ""mediaCount"": 26313, ""pinnedIds"": [2107852059706114345], ""profileBannerUrl"": ""https://pbs.twimg.com/profile_banners/14499829/1715598334"", ""profileImageUrl"": ""https://pbs.twimg.com/profile_images/1572512818796335105/YF_H68EL_normal.jpg"", ""protected"": false, ""rawDescription"": ""We are the @UN’s health agency working for #HealthForAll\nAlways check our latest tweets for updated advice/information."", ""statusesCount"": 83434, ""url"": ""https://x.com/WHO"", ""username"": ""WHO"", ""verified"": false}"
28,1191025593913090049,1284149406338621441,e5421ef2b751488bd684e8f3,a79dad57476e0704b5b7f94ea444fd2a,18,2026-10-08T14:57:48+00:00,bestofpugh,Best of Florence Pugh,Fan account for Academy Award nominee Florence Pugh since 2019. Follow us for daily posts and updates! — Backup: @FPDMedia,Contact: DM for inquiries,141287,57,7169,0,0,"{""_type"": ""snscrape.modules.twitter.User"", ""blue"": true, ""blueType"": null, ""created"": ""2019-11-03 16:14:23+00:00"", ""descriptionLinks"": [{""tcourl"": ""https://t.co/VJ9LQKHnOW"", ""text"": ""instagram.com/bestofpugh_"", ""url"": ""http://instagram.com/bestofpugh_""}], ""displayname"": ""Best of Florence Pugh"", ""favouritesCount"": 2027, ""followersCount"": 141287, ""friendsCount"": 57, ""id"": 1191025593913090049, ""id_str"": ""1191025593913090049"", ""listedCount"": 0, ""location"": ""Contact: DM for inquiries"", ""mediaCount"": 4883, ""pinnedIds"": [1771683053586280681], ""profileBannerUrl"": ""https://pbs.twimg.com/profile_banners/1191025593913090049/1789153137"", ""profileImageUrl"": ""https://pbs.twimg.com/profile_images/2098486103523389440/OWidJAxf_normal.jpg"", ""protected"": false, ""rawDescription"": ""Fan account for Academy Award nominee Florence Pugh since 2019. Follow us for daily posts and updates! — Backup: @FPDMedia"", ""statusesCount"": 7169, ""url"": ""https://x.com/bestofpugh"", ""username"": ""bestofpugh"", ""verified"": false}"
29,69011001,1284140017242300416,e5421ef2b751488bd684e8f3,a79dad57476e0704b5b7f94ea444fd2a,18,2026-10-08T14:57:48+00:00,DianaJFlorence,Diana Florence,"Sports Lawyer • Former Candidate for Manhattan DA • Fearless Litigator • Unapologetic lover of cappuccino, rom coms, and standing up for everyday people.","New York, NY",1061,566,1490,0,0,"{""_type"": ""snscrape.modules.twitter.User"", ""blue"": false, ""blueType"": null, ""created"": ""2009-08-26 15:29:13+00:00"", ""descriptionLinks"": [{""tcourl"": ""https://t.co/ZFptTHIydi"", ""text"": ""dianaforda.com"", ""url"": ""http://dianaforda.com""}], ""displayname"": ""Diana Florence"", ""favouritesCount"": 6012, ""followersCount"": 1061, ""friendsCount"": 566, ""id"": 69011001, ""id_str"": ""69011001"", ""listedCount"": 0, ""location"": ""New York, NY"", ""mediaCount"": 262, ""pinnedIds"": [1920881465740374373], ""profileBannerUrl"": ""https://pbs.twimg.com/profile_banners/69011001/1746739936"", ""profileImageUrl"": ""https://pbs.twimg.com/profile_images/1920592567088922624/FkHHg2FR_normal.jpg"", ""protected"": false, ""rawDescription"": ""Sports Lawyer • Former Candidate for Manhattan DA • Fearless Litigator • Unapologetic lover of cappuccino, rom coms, and standing up for everyday people."", ""statusesCount"": 1490, ""url"": ""https://x.com/DianaJFlorence"", ""username"": ""DianaJFlorence"", ""verified"": false}"
30,1239131847604355074,1284119063778615296,e5421ef2b751488bd684e8f3,a79dad57476e0704b5b7f94ea444fd2a,18,2026-10-08T14:57:48+00:00,inlovewithflo,florence pugh enthusiast,From The River To The Sea Palestine Will Be Free 🇵🇸🇵🇸🇵🇸🇵🇸,she/her dec02' mixed,1320,1104,22775,0,0,"{""_type"": ""snscrape.modules.twitter.User"", ""blue"": false, ""blueType"": null, ""created"": ""2020-03-15 10:10:38+00:00"", ""descriptionLinks"": [], ""displayname"": ""florence pugh enthusiast"", ""favouritesCount"": 70436, ""followersCount"": 1320, ""friendsCount"": 1104, ""id"": 1239131847604355074, ""id_str"": ""1239131847604355074"", ""listedCount"": 0, ""location"": ""she/her dec02' mixed"", ""mediaCount"": 2463, ""pinnedIds"": [1968446821006520412], ""profileBannerUrl"": ""https://pbs.twimg.com/profile_banners/1239131847604355074/1758155355"", ""profileImageUrl"": ""https://pbs.twimg.com/profile_images/1968720742717255680/DKxFvO-L_normal.jpg"", ""protected"": false, ""rawDescription"": ""From The River To The Sea Palestine Will Be Free 🇵🇸🇵🇸🇵🇸🇵🇸"", ""statusesCount"": 22775, ""url"": ""https://x.com/inlovewithflo"", ""username"": ""inlovewithflo"", ""verified"": false}"
31,263038694,1284101805836836865,e5421ef2b751488bd684e8f3,a79dad57476e0704b5b7f94ea444fd2a,18,2026-10-08T14:57:48+00:00,Walks,Walks,The world’s best travel experiences & guided tours led by fascinating storytellers. TikTok: walkstours  #Takewalks | Part of @CityExperiences ⚓,"Italy, France, Spain, UK, USA",45572,6862,52511,0,0,"{""_type"": ""snscrape.modules.twitter.User"", ""blue"": false, ""blueType"": null, ""created"": ""2011-03-09 07:26:16+00:00"", ""descriptionLinks"": [{""tcourl"": ""https://t.co/CSHMbMb7Wu"", ""text"": ""takewalks.com"", ""url"": ""https://www.takewalks.com""}], ""displayname"": ""Walks"", ""favouritesCount"": 23397, ""followersCount"": 45572, ""friendsCount"": 6862, ""id"": 263038694, ""id_str"": ""263038694"", ""listedCount"": 0, ""location"": ""Italy, France, Spain, UK, USA"", ""mediaCount"": 21327, ""pinnedIds"": [1598331184597065730], ""profileBannerUrl"": ""https://pbs.twimg.com/profile_banners/263038694/1533902322"", ""profileImageUrl"": ""https://pbs.twimg.com/profile_images/1519956267191648256/FviaOZ4F_normal.jpg"", ""protected"": false, ""rawDescription"": ""The world’s best travel experiences & guided tours led by fascinating storytellers. TikTok: walkstours  #Takewalks | Part of @CityExperiences ⚓"", ""statusesCount"": 52511, ""url"": ""https://x.com/Walks"", ""username"": ""Walks"", ""verified"": false}"
32,573418175,1284059593086242817,e5421ef2b751488bd684e8f3,a79dad57476e0704b5b7f94ea444fd2a,18,2026-10-08T14:57:48+00:00,PriceLaurence,Laurence Price,,"Wantage, England",1188,1687,14871,0,0,"{""_type"": ""snscrape.modules.twitter.User"", ""blue"": false, ""blueType"": null, ""created"": ""2012-05-07 08:16:17+00:00"", ""descriptionLinks"": [{""tcourl"": ""https://t.co/867lvB9E6C"", ""text"": ""soundcloud.app.goo.gl/3Cj2B"", ""url"": ""https://soundcloud.app.goo.gl/3Cj2B""}], ""displayname"": ""Laurence Price"", ""favouritesCount"": 70849, ""followersCount"": 1188, ""friendsCount"": 1687, ""id"": 573418175, ""id_str"": ""573418175"", ""listedCount"": 0, ""location"": ""Wantage, England"", ""mediaCount"": 2473, ""pinnedIds"": [], ""profileBannerUrl"": ""https://pbs.twimg.com/profile_banners/573418175/1790515195"", ""profileImageUrl"": ""https://pbs.twimg.com/profile_images/1508135688625135624/ishlY_uB_normal.jpg"", ""protected"": false, ""rawDescription"": """", ""statusesCount"": 14871, ""url"": ""https://x.com/PriceLaurence"", ""username"": ""PriceLaurence"", ""verified"": false}"
33,825745675,1284054824179453959,e5421ef2b751488bd684e8f3,a79dad57476e0704b5b7f94ea444fd2a,18,2026-10-08T14:57:48+00:00,Nikky_flo,The Florence Adenike,"Medical doctor/Health Manager in view| Youtuber| Lover girl| Vice President,UIMSA(17/18)//Blogger @ https://t.co/gLWOIuumAt|socials-TheFlorenceAdenike",Ibadan,643,453,1325,0,0,"{""_type"": ""snscrape.modules.twitter.User"", ""blue"": false, ""blueType"": null, ""created"": ""2012-09-15 18:28:33+00:00"", ""descriptionLinks"": [{""tcourl"": ""https://t.co/gLWOIuumAt"", ""text"": ""naturallyflo.wordpress.com"", ""url"": ""http://naturallyflo.wordpress.com""}, {""tcourl"": ""https://t.co/uFuIOekzAJ"", ""text"": ""youtu.be/wloR-o_h4d4"", ""url"": ""https://youtu.be/wloR-o_h4d4""}], ""displayname"": ""The Florence Adenike"", ""favouritesCount"": 1481, ""followersCount"": 643, ""friendsCount"": 453, ""id"": 825745675, ""id_str"": ""825745675"", ""listedCount"": 0, ""location"": ""Ibadan"", ""mediaCount"": 104, ""pinnedIds"": [1710713966429605955], ""profileBannerUrl"": ""https://pbs.twimg.com/profile_banners/825745675/1578912987"", ""profileImageUrl"": ""https://pbs.twimg.com/profile_images/978797865463099392/P8Fmxsgz_normal.jpg"", ""protected"": false, ""rawDescription"": ""Medical doctor/Health Manager in view| Youtuber| Lover girl| Vice President,UIMSA(17/18)//Blogger @ https://t.co/gLWOIuumAt|socials-TheFlorenceAdenike"", ""statusesCount"": 1325, ""url"": ""https://x.com/Nikky_flo"", ""username"": ""Nikky_flo"", ""verified"": false}"
34,115016265,1284036199930384385,e5421ef2b751488bd684e8f3,a79dad57476e0704b5b7f94ea444fd2a,18,2026-10-08T14:57:48+00:00,MzalendoWatch,Mzalendo,"Mzalendo is a Kenyan, non-partisan Parliamentary Monitoring Organisation (PMO) that promotes open, inclusive and accountable Parliaments across Kenya and Africa","Nairobi, Kenya",63826,1213,139120,0,0,"{""_type"": ""snscrape.modules.twitter.User"", ""blue"": true, ""blueType"": null, ""created"": ""2010-02-17 10:07:18+00:00"", ""descriptionLinks"": [{""tcourl"": ""https://t.co/GtKdqSPo5Z"", ""text"": ""mzalendo.com"", ""url"": ""http://www.mzalendo.com""}], ""displayname"": ""Mzalendo"", ""favouritesCount"": 2867, ""followersCount"": 63826, ""friendsCount"": 1213, ""id"": 115016265, ""id_str"": ""115016265"", ""listedCount"": 0, ""location"": ""Nairobi, Kenya"", ""mediaCount"": 42064, ""pinnedIds"": [], ""profileBannerUrl"": ""https://pbs.twimg.com/profile_banners/115016265/1644221248"", ""profileImageUrl"": ""https://pbs.twimg.com/profile_images/1998679191223414784/_Xaj-rOh_normal.jpg"", ""protected"": false, ""rawDescription"": ""Mzalendo is a Kenyan, non-partisan Parliamentary Monitoring Organisation (PMO) that promotes open, inclusive and accountable Parliaments across Kenya and Africa"", ""statusesCount"": 139120, ""url"": ""https://x.com/MzalendoWatch"", ""username"": ""MzalendoWatch"", ""verified"": false}"
35,104544412,1284027392160342016,e5421ef2b751488bd684e8f3,a79dad57476e0704b5b7f94ea444fd2a,18,2026-10-08T14:57:48+00:00,CollingsBerry,Emma Berry,"Chief correspondent @TheTDN, @BritishEBF chair, Beverley House Stables dogsbody. Words/photos via Collings Berry Media.",Suffolk or Sutherland,18508,1454,39623,0,0,"{""_type"": ""snscrape.modules.twitter.User"", ""blue"": false, ""blueType"": null, ""created"": ""2010-01-13 17:12:55+00:00"", ""descriptionLinks"": [{""tcourl"": ""https://t.co/S9RuinKIza"", ""text"": ""johnberryracing.com"", ""url"": ""http://www.johnberryracing.com""}], ""displayname"": ""Emma Berry"", ""favouritesCount"": 53116, ""followersCount"": 18508, ""friendsCount"": 1454, ""id"": 104544412, ""id_str"": ""104544412"", ""listedCount"": 0, ""location"": ""Suffolk or Sutherland"", ""mediaCount"": 6772, ""pinnedIds"": [1380779956238700546], ""profileBannerUrl"": ""https://pbs.twimg.com/profile_banners/104544412/1711562108"", ""profileImageUrl"": ""https://pbs.twimg.com/profile_images/1857034347934633984/0JUmZuOl_normal.jpg"", ""protected"": false, ""rawDescription"": ""Chief correspondent @TheTDN, @BritishEBF chair, Beverley House Stables dogsbody. Words/photos via Collings Berry Media."", ""statusesCount"": 39623, ""url"": ""https://x.com/CollingsBerry"", ""username"": ""CollingsBerry"", ""verified"": false}"
36,952528141116956672,1284023132383313920,e5421ef2b751488bd684e8f3,a79dad57476e0704b5b7f94ea444fd2a,18,2026-10-08T14:57:48+00:00,florence_rattle,Florence Rattle 💚🤍💜,"Sex is observed at birth. Gender is the problem, not the solution. #Womenwontwheesht",,987,1108,9080,0,0,"{""_type"": ""snscrape.modules.twitter.User"", ""blue"": false, ""blueType"": null, ""created"": ""2018-01-14 13:09:40+00:00"", ""descriptionLinks"": [], ""displayname"": ""Florence Rattle 💚🤍💜"", ""favouritesCount"": 66327, ""followersCount"": 987, ""friendsCount"": 1108, ""id"": 952528141116956672, ""id_str"": ""952528141116956672"", ""listedCount"": 0, ""location"": """", ""mediaCount"": 238, ""pinnedIds"": [], ""profileBannerUrl"": ""https://pbs.twimg.com/profile_banners/952528141116956672/1623011096"", ""profileImageUrl"": ""https://pbs.twimg.com/profile_images/1400539573298634752/RkkTEqhv_normal.jpg"", ""protected"": false, ""rawDescription"": ""Sex is observed at birth. Gender is the problem, not the solution. #Womenwontwheesht"", ""statusesCount"": 9080, ""url"": ""https://x.com/florence_rattle"", ""username"": ""florence_rattle"", ""verified"": false}"
38,758638839162437632,1284011198694875142,e5421ef2b751488bd684e8f3,a79dad57476e0704b5b7f94ea444fd2a,18,2026-10-08T14:57:48+00:00,WelshBiography,Welsh Biography,"Dictionary of Welsh Biography containing over 5,000 biographies of prominent Welsh people. Trydar Cymraeg: https://t.co/Nyk5DDzcIq @NLWales @Ganolfan","Aberystwyth, Wales",3431,628,16262,0,0,"{""_type"": ""snscrape.modules.twitter.User"", ""blue"": false, ""blueType"": null, ""created"": ""2016-07-28 12:22:48+00:00"", ""descriptionLinks"": [{""tcourl"": ""https://t.co/Nyk5DDzcIq"", ""text"": ""twitter.com/Bywgraffiadur"", ""url"": ""https://twitter.com/Bywgraffiadur""}, {""tcourl"": ""https://t.co/EU6hGsFdHN"", ""text"": ""biography.wales"", ""url"": ""https://biography.wales/""}], ""displayname"": ""Welsh Biography"", ""favouritesCount"": 7188, ""followersCount"": 3431, ""friendsCount"": 628, ""id"": 758638839162437632, ""id_str"": ""758638839162437632"", ""listedCount"": 0, ""location"": ""Aberystwyth, Wales"", ""mediaCount"": 6008, ""pinnedIds"": [1060636736378884096], ""profileBannerUrl"": ""https://pbs.twimg.com/profile_banners/758638839162437632/1540543042"", ""profileImageUrl"": ""https://pbs.twimg.com/profile_images/1055740338671968261/cWo22u8h_normal.jpg"", ""protected"": false, ""rawDescription"": ""Dictionary of Welsh Biography containing over 5,000 biographies of prominent Welsh people. Trydar Cymraeg: https://t.co/Nyk5DDzcIq @NLWales @Ganolfan"", ""statusesCount"": 16262, ""url"": ""https://x.com/WelshBiography"", ""username"": ""WelshBiography"", ""verified"": false}"
39,3003011065,1284011001579372546,e5421ef2b751488bd684e8f3,a79dad57476e0704b5b7f94ea444fd2a,18,2026-10-08T14:57:48+00:00,NZinIndia,NZ in India,The New Zealand High Commission in New Delhi advances New Zealand's interests in India and Nepal.,New Delhi,6794,440,4799,0,0,"{""_type"": ""snscrape.modules.twitter.User"", ""blue"": false, ""blueType"": null, ""created"": ""2015-01-30 07:20:27+00:00"", ""descriptionLinks"": [{""tcourl"": ""https://t.co/BmvIYR011s"", ""text"": ""facebook.com/newzealandhigh…"", ""url"": ""http://www.facebook.com/newzealandhighcommissionindia""}], ""displayname"": ""NZ in India"", ""favouritesCount"": 801, ""followersCount"": 6794, ""friendsCount"": 440, ""id"": 3003011065, ""id_str"": ""3003011065"", ""listedCount"": 0, ""location"": ""New Delhi"", ""mediaCount"": 1666, ""pinnedIds"": [], ""profileBannerUrl"": ""https://pbs.twimg.com/profile_banners/3003011065/1743570592"", ""profileImageUrl"": ""https://pbs.twimg.com/profile_images/1215179196479066113/si2TjZFc_normal.jpg"", ""protected"": false, ""rawDescription"": ""The New Zealand High Commission in New Delhi advances New Zealand's interests in India and Nepal."", ""statusesCount"": 4799, ""url"": ""https://x.com/NZinIndia"", ""username"": ""NZinIndia"", ""verified"": false}"
40,1087860428,1283919865305280512,e5421ef2b751488bd684e8f3,a79dad57476e0704b5b7f94ea444fd2a,18,2026-10-08T14:57:48+00:00,marsrader,Andrew Rader,"SpaceX Engineer, MIT PhD, TV Know-it-All  🚀  New book 'Beyond the Known' is available now: https://t.co/sM0v6vs2DY  📖  Audiobook: https://t.co/4lI48gFaFX",Planet Earth (for now),761232,35137,11196,0,0,"{""_type"": ""snscrape.modules.twitter.User"", ""blue"": true, ""blueType"": null, ""created"": ""2013-01-14 03:05:08+00:00"", ""descriptionLinks"": [{""tcourl"": ""https://t.co/sM0v6vs2DY"", ""text"": ""bit.ly/2lJb4WQ"", ""url"": ""http://bit.ly/2lJb4WQ""}, {""tcourl"": ""https://t.co/4lI48gFaFX"", ""text"": ""adbl.co/2VqoTrb"", ""url"": ""https://adbl.co/2VqoTrb""}, {""tcourl"": ""https://t.co/PgljWay80a"", ""text"": ""andrew-rader.com"", ""url"": ""http://www.andrew-rader.com""}], ""displayname"": ""Andrew Rader"", ""favouritesCount"": 15404, ""followersCount"": 761232, ""friendsCount"": 35137, ""id"": 1087860428, ""id_str"": ""1087860428"", ""listedCount"": 0, ""location"": ""Planet Earth (for now)"", ""mediaCount"": 6970, ""pinnedIds"": [1855626870319886734], ""profileBannerUrl"": ""https://pbs.twimg.com/profile_banners/1087860428/1602528046"", ""profileImageUrl"": ""https://pbs.twimg.com/profile_images/711802332405628928/J3PKBwPj_normal.jpg"", ""protected"": false, ""rawDescription"": ""SpaceX Engineer, MIT PhD, TV Know-it-All  🚀  New book 'Beyond the Known' is available now: https://t.co/sM0v6vs2DY  📖  Audiobook: https://t.co/4lI48gFaFX"", ""statusesCount"": 11196, ""url"": ""https://x.com/marsrader"", ""username"": ""marsrader"", ""verified"": false}"
41,968114686288740354,1283918143979761668,e5421ef2b751488bd684e8f3,a79dad57476e0704b5b7f94ea444fd2a,18,2026-10-08T14:57:48+00:00,GRickHall1,G. Rick Hall,"Husband to gracious Cindy. Father to two strong, principled daughters. Lawyer, cattle farmer, husky cyclist. Fellow, American College of Trial Lawyers."," Muscle Shoals, Alabama",288,345,10129,0,0,"{""_type"": ""snscrape.modules.twitter.User"", ""blue"": false, ""blueType"": null, ""created"": ""2018-02-26 13:25:02+00:00"", ""descriptionLinks"": [], ""displayname"": ""G. Rick Hall"", ""favouritesCount"": 24388, ""followersCount"": 288, ""friendsCount"": 345, ""id"": 968114686288740354, ""id_str"": ""968114686288740354"", ""listedCount"": 0, ""location"": "" Muscle Shoals, Alabama"", ""mediaCount"": 184, ""pinnedIds"": [1140339482895495174], ""profileBannerUrl"": ""https://pbs.twimg.com/profile_banners/968114686288740354/1523131691"", ""profileImageUrl"": ""https://pbs.twimg.com/profile_images/982706093120897024/EQgbWcx7_normal.jpg"", ""protected"": false, ""rawDescription"": ""Husband to gracious Cindy. Father to two strong, principled daughters. Lawyer, cattle farmer, husky cyclist. Fellow, American College of Trial Lawyers."", ""statusesCount"": 10129, ""url"": ""https://x.com/GRickHall1"", ""username"": ""GRickHall1"", ""verified"": false}"
42,1123607039081615362,1283901274413572096,e5421ef2b751488bd684e8f3,a79dad57476e0704b5b7f94ea444fd2a,18,2026-10-08T14:57:48+00:00,Florenceschatz7,Florence schatz,Fell in love with Outlander the TV series and Diana Gabaldon’s books and have been hooked ever since. Love Sam’s and Caitriona’s work on TV and in movies.,👩‍🦳🌈🇺🇸😀,759,533,87790,0,0,"{""_type"": ""snscrape.modules.twitter.User"", ""blue"": false, ""blueType"": null, ""created"": ""2019-05-01 15:16:08+00:00"", ""descriptionLinks"": [], ""displayname"": ""Florence schatz"", ""favouritesCount"": 161428, ""followersCount"": 759, ""friendsCount"": 533, ""id"": 1123607039081615362, ""id_str"": ""1123607039081615362"", ""listedCount"": 0, ""location"": ""👩‍🦳🌈🇺🇸😀"", ""mediaCount"": 93, ""pinnedIds"": [], ""profileBannerUrl"": """", ""profileImageUrl"": ""https://pbs.twimg.com/profile_images/1388140655835295751/BKmxolTX_normal.jpg"", ""protected"": false, ""rawDescription"": ""Fell in love with Outlander the TV series and Diana Gabaldon’s books and have been hooked ever since. Love Sam’s and Caitriona’s work on TV and in movies."", ""statusesCount"": 87790, ""url"": ""https://x.com/Florenceschatz7"", ""username"": ""Florenceschatz7"", ""verified"": false}"
43,1456550630,1283894489250017283,e5421ef2b751488bd684e8f3,a79dad57476e0704b5b7f94ea444fd2a,18,2026-10-08T14:57:48+00:00,MerrilynRowler,Merrilyn Rowler:: Clan Graham,Retired from accounting and book keeping working life. Also stepped down from 35 years of volunteer community services management and now some me time,"Queensland, Australia",1110,756,120971,0,0,"{""_type"": ""snscrape.modules.twitter.User"", ""blue"": false, ""blueType"": null, ""created"": ""2013-05-25 10:25:39+00:00"", ""descriptionLinks"": [], ""displayname"": ""Merrilyn Rowler:: Clan Graham"", ""favouritesCount"": 184267, ""followersCount"": 1110, ""friendsCount"": 756, ""id"": 1456550630, ""id_str"": ""1456550630"", ""listedCount"": 0, ""location"": ""Queensland, Australia"", ""mediaCount"": 3153, ""pinnedIds"": [], ""profileBannerUrl"": """", ""profileImageUrl"": ""https://pbs.twimg.com/profile_images/1592419272784900097/NX1meG8__normal.jpg"", ""protected"": false, ""rawDescription"": ""Retired from accounting and book keeping working life. Also stepped down from 35 years of volunteer community services management and now some me time"", ""statusesCount"": 120971, ""url"": ""https://x.com/MerrilynRowler"", ""username"": ""MerrilynRowler"", ""verified"": false}"
44,949027620582232064,1283898381614686208,e5421ef2b751488bd684e8f3,a79dad57476e0704b5b7f94ea444fd2a,18,2026-10-08T14:57:48+00:00,muf_FiNn11,mufFiNn ✨🦉,art,Why would I tell you?,95,261,4777,0,0,"{""_type"": ""snscrape.modules.twitter.User"", ""blue"": false, ""blueType"": null, ""created"": ""2018-01-04 21:19:51+00:00"", ""descriptionLinks"": [{""tcourl"": ""https://t.co/UV8xCFZ6LC"", ""text"": ""webtoons.com/en/challenge/r…"", ""url"": ""https://www.webtoons.com/en/challenge/rain-kid/list?title_no=328429""}], ""displayname"": ""mufFiNn ✨🦉"", ""favouritesCount"": 9406, ""followersCount"": 95, ""friendsCount"": 261, ""id"": 949027620582232064, ""id_str"": ""949027620582232064"", ""listedCount"": 0, ""location"": ""Why would I tell you?"", ""mediaCount"": 866, ""pinnedIds"": [], ""profileBannerUrl"": ""https://pbs.twimg.com/profile_banners/949027620582232064/1610239365"", ""profileImageUrl"": ""https://pbs.twimg.com/profile_images/1385148263519727617/HQ_SsXZC_normal.jpg"", ""protected"": false, ""rawDescription"": ""art"", ""statusesCount"": 4777, ""url"": ""https://x.com/muf_FiNn11"", ""username"": ""muf_FiNn11"", ""verified"": false}"
45,3137399497,1283896495205421056,e5421ef2b751488bd684e8f3,a79dad57476e0704b5b7f94ea444fd2a,18,2026-10-08T14:57:48+00:00,FloAZBlade,Florence Reminder & Blade-Tribune,This is now an archived page. Please follow @PinalCentral and @PinalSports for all the latest Florence news!,"Florence, Arizona",475,28,8002,0,0,"{""_type"": ""snscrape.modules.twitter.User"", ""blue"": false, ""blueType"": null, ""created"": ""2015-04-03 18:52:50+00:00"", ""descriptionLinks"": [{""tcourl"": ""https://t.co/vpaeyOENfu"", ""text"": ""PinalCentral.com"", ""url"": ""http://PinalCentral.com""}], ""displayname"": ""Florence Reminder & Blade-Tribune"", ""favouritesCount"": 5, ""followersCount"": 475, ""friendsCount"": 28, ""id"": 3137399497, ""id_str"": ""3137399497"", ""listedCount"": 0, ""location"": ""Florence, Arizona"", ""mediaCount"": 1021, ""pinnedIds"": [1722753863168729423], ""profileBannerUrl"": ""https://pbs.twimg.com/profile_banners/3137399497/1611607337"", ""profileImageUrl"": ""https://pbs.twimg.com/profile_images/783007728046223360/_HPrcnDx_normal.jpg"", ""protected"": false, ""rawDescription"": ""This is now an archived page. Please follow @PinalCentral and @PinalSports for all the latest Florence news!"", ""statusesCount"": 8002, ""url"": ""https://x.com/FloAZBlade"", ""username"": ""FloAZBlade"", ""verified"": false}"
46,1257746306,1283887558032797697,e5421ef2b751488bd684e8f3,a79dad57476e0704b5b7f94ea444fd2a,18,2026-10-08T14:57:48+00:00,fabutton,Florence,❤️Skies & Ocean. There’s only now.,"Carbonear,Newfoundland, Canada",3250,3319,39122,0,0,"{""_type"": ""snscrape.modules.twitter.User"", ""blue"": false, ""blueType"": null, ""created"": ""2013-03-10 19:08:28+00:00"", ""descriptionLinks"": [], ""displayname"": ""Florence"", ""favouritesCount"": 118709, ""followersCount"": 3250, ""friendsCount"": 3319, ""id"": 1257746306, ""id_str"": ""1257746306"", ""listedCount"": 0, ""location"": ""Carbonear,Newfoundland, Canada"", ""mediaCount"": 3877, ""pinnedIds"": [], ""profileBannerUrl"": ""https://pbs.twimg.com/profile_banners/1257746306/1458852654"", ""profileImageUrl"": ""https://pbs.twimg.com/profile_images/378800000271646168/f6b5e82010691bd565dda0a021c799c1_normal.jpeg"", ""protected"": false, ""rawDescription"": ""❤️Skies & Ocean. There’s only now."", ""statusesCount"": 39122, ""url"": ""https://x.com/fabutton"", ""username"": ""fabutton"", ""verified"": false}"
47,618268022,1283884208650358784,e5421ef2b751488bd684e8f3,a79dad57476e0704b5b7f94ea444fd2a,18,2026-10-08T14:57:48+00:00,Florencelrk,FLORENCE,dorset // glasgow ✨ 23 woo,,287,234,5632,0,0,"{""_type"": ""snscrape.modules.twitter.User"", ""blue"": false, ""blueType"": null, ""created"": ""2012-06-25 17:18:32+00:00"", ""descriptionLinks"": [], ""displayname"": ""FLORENCE"", ""favouritesCount"": 18667, ""followersCount"": 287, ""friendsCount"": 234, ""id"": 618268022, ""id_str"": ""618268022"", ""listedCount"": 0, ""location"": """", ""mediaCount"": 158, ""pinnedIds"": [1050777155184005121], ""profileBannerUrl"": ""https://pbs.twimg.com/profile_banners/618268022/1647380315"", ""profileImageUrl"": ""https://pbs.twimg.com/profile_images/1438257390240083970/Dh8bMnNo_normal.jpg"", ""protected"": false, ""rawDescription"": ""dorset // glasgow ✨ 23 woo"", ""statusesCount"": 5632, ""url"": ""https://x.com/Florencelrk"", ""username"": ""Florencelrk"", ""verified"": false}"
48,1316936408,1283873879467982852,e5421ef2b751488bd684e8f3,a79dad57476e0704b5b7f94ea444fd2a,18,2026-10-08T14:57:48+00:00,atmartelli,tony,idk,,1653,1776,25040,0,0,"{""_type"": ""snscrape.modules.twitter.User"", ""blue"": false, ""blueType"": null, ""created"": ""2013-03-30 18:13:48+00:00"", ""descriptionLinks"": [], ""displayname"": ""tony"", ""favouritesCount"": 102917, ""followersCount"": 1653, ""friendsCount"": 1776, ""id"": 1316936408, ""id_str"": ""1316936408"", ""listedCount"": 0, ""location"": """", ""mediaCount"": 1261, ""pinnedIds"": [1160200615202631680], ""profileBannerUrl"": ""https://pbs.twimg.com/profile_banners/1316936408/1593194866"", ""profileImageUrl"": ""https://pbs.twimg.com/profile_images/1998644225831751680/utXdK_Nf_normal.jpg"", ""protected"": false, ""rawDescription"": ""idk"", ""statusesCount"": 25040, ""url"": ""https://x.com/atmartelli"", ""username"": ""atmartelli"", ""verified"": false}"
49,478780413,1283869615861444613,e5421ef2b751488bd684e8f3,a79dad57476e0704b5b7f94ea444fd2a,19,2026-10-08T14:57:59+00:00,Wrathzorro,Wrath of Zorro(ADX Florence Welcome Wagon),"Where the Patriot Rubber hits the road. 75 yo father of 5, grandfather of 12. Their freedom and safety is job 1 These are my opinions and mine alone",Beautiful Downtown Long Island,2031,2395,58563,0,0,"{""_type"": ""snscrape.modules.twitter.User"", ""blue"": false, ""blueType"": null, ""created"": ""2012-01-30 17:15:41+00:00"", ""descriptionLinks"": [], ""displayname"": ""Wrath of Zorro(ADX Florence Welcome Wagon)"", ""favouritesCount"": 18636, ""followersCount"": 2031, ""friendsCount"": 2395, ""id"": 478780413, ""id_str"": ""478780413"", ""listedCount"": 0, ""location"": ""Beautiful Downtown Long Island"", ""mediaCount"": 5146, ""pinnedIds"": [1009513315859615744], ""profileBannerUrl"": ""https://pbs.twimg.com/profile_banners/478780413/1595909199"", ""profileImageUrl"": ""https://pbs.twimg.com/profile_images/787128518782119936/3R203H8L_normal.jpg"", ""protected"": false, ""rawDescription"": ""Where the Patriot Rubber hits the road. 75 yo father of 5, grandfather of 12. Their freedom and safety is job 1 These are my opinions and mine alone"", ""statusesCount"": 58563, ""url"": ""https://x.com/Wrathzorro"", ""username"": ""Wrathzorro"", ""verified"": false}"
50,1059924617626816524,1283864104248246273,e5421ef2b751488bd684e8f3,a79dad57476e0704b5b7f94ea444fd2a,19,2026-10-08T14:57:59+00:00,alfredzefir,Alfred,🌎🌍🌏,,87,1,8677,0,0,"{""_type"": ""snscrape.modules.twitter.User"", ""blue"": false, ""blueType"": null, ""created"": ""2018-11-06 21:44:56+00:00"", ""descriptionLinks"": [], ""displayname"": ""Alfred"", ""favouritesCount"": 19068, ""followersCount"": 87, ""friendsCount"": 1, ""id"": 1059924617626816524, ""id_str"": ""1059924617626816524"", ""listedCount"": 0, ""location"": """", ""mediaCount"": 1397, ""pinnedIds"": [1498545109973049353], ""profileBannerUrl"": """", ""profileImageUrl"": ""https://pbs.twimg.com/profile_images/1600852984572829696/JPlhy6bI_normal.jpg"", ""protected"": false, ""rawDescription"": ""🌎🌍🌏"", ""statusesCount"": 8677, ""url"": ""https://x.com/alfredzefir"", ""username"": ""alfredzefir"", ""verified"": false}"
51,1274153313785843713,1283830158244352005,e5421ef2b751488bd684e8f3,a79dad57476e0704b5b7f94ea444fd2a,19,2026-10-08T14:57:59+00:00,horatihoe,bird app is bad. leave,the instructions weren’t clear enough. I got my dick caught in a ceiling fan,any pronouns || minor,67,144,2955,0,0,"{""_type"": ""snscrape.modules.twitter.User"", ""blue"": false, ""blueType"": null, ""created"": ""2020-06-20 01:33:29+00:00"", ""descriptionLinks"": [], ""displayname"": ""bird app is bad. leave"", ""favouritesCount"": 1750, ""followersCount"": 67, ""friendsCount"": 144, ""id"": 1274153313785843713, ""id_str"": ""1274153313785843713"", ""listedCount"": 0, ""location"": ""any pronouns || minor"", ""mediaCount"": 198, ""pinnedIds"": [1391460131280465923], ""profileBannerUrl"": ""https://pbs.twimg.com/profile_banners/1274153313785843713/1613622693"", ""profileImageUrl"": ""https://pbs.twimg.com/profile_images/1362258423295918081/BltcRGLr_normal.jpg"", ""protected"": false, ""rawDescription"": ""the instructions weren’t clear enough. I got my dick caught in a ceiling fan"", ""statusesCount"": 2955, ""url"": ""https://x.com/horatihoe"", ""username"": ""horatihoe"", ""verified"": false}"
52,1564320913,1283815569687543808,e5421ef2b751488bd684e8f3,a79dad57476e0704b5b7f94ea444fd2a,19,2026-10-08T14:57:59+00:00,Floramano,Florence Mano,"Through it all I have learnt to trust in God and to depend upon His word. Edify, Teach and Encourage believers. 🚫NO DM please.",,5763,3634,5258,0,0,"{""_type"": ""snscrape.modules.twitter.User"", ""blue"": false, ""blueType"": null, ""created"": ""2013-07-02 22:58:06+00:00"", ""descriptionLinks"": [], ""displayname"": ""Florence Mano"", ""favouritesCount"": 24100, ""followersCount"": 5763, ""friendsCount"": 3634, ""id"": 1564320913, ""id_str"": ""1564320913"", ""listedCount"": 0, ""location"": """", ""mediaCount"": 33, ""pinnedIds"": [1650785247259246596], ""profileBannerUrl"": ""https://pbs.twimg.com/profile_banners/1564320913/1547274371"", ""profileImageUrl"": ""https://pbs.twimg.com/profile_images/1448697119704068103/bF_7Yd3R_normal.jpg"", ""protected"": false, ""rawDescription"": ""Through it all I have learnt to trust in God and to depend upon His word. Edify, Teach and Encourage believers. 🚫NO DM please."", ""statusesCount"": 5258, ""url"": ""https://x.com/Floramano"", ""username"": ""Floramano"", ""verified"": false}"
53,1282798686121189376,1283805251922001922,e5421ef2b751488bd684e8f3,a79dad57476e0704b5b7f94ea444fd2a,19,2026-10-08T14:57:59+00:00,EnbieFlorence,Florence🍁,She/her. 22. free palestine🇵🇸,pfp by @lougouvea,957,400,52238,0,0,"{""_type"": ""snscrape.modules.twitter.User"", ""blue"": false, ""blueType"": null, ""created"": ""2020-07-13 22:07:17+00:00"", ""descriptionLinks"": [], ""displayname"": ""Florence🍁"", ""favouritesCount"": 148591, ""followersCount"": 957, ""friendsCount"": 400, ""id"": 1282798686121189376, ""id_str"": ""1282798686121189376"", ""listedCount"": 0, ""location"": ""pfp by @lougouvea"", ""mediaCount"": 3790, ""pinnedIds"": [], ""profileBannerUrl"": ""https://pbs.twimg.com/profile_banners/1282798686121189376/1706751662"", ""profileImageUrl"": ""https://pbs.twimg.com/profile_images/1782166378935382016/qDxcwAvF_normal.jpg"", ""protected"": false, ""rawDescription"": ""She/her. 22. free palestine🇵🇸"", ""statusesCount"": 52238, ""url"": ""https://x.com/EnbieFlorence"", ""username"": ""EnbieFlorence"", ""verified"": false}"
54,29506193,1283800468678782976,e5421ef2b751488bd684e8f3,a79dad57476e0704b5b7f94ea444fd2a,19,2026-10-08T14:57:59+00:00,Welnesschick,Pureology,Wellnesschick was taken. If I wanted the gov in my uterus I’d bang a senator. 😷 Covid isn’t over! I swear a lot.,,2615,4262,50169,0,0,"{""_type"": ""snscrape.modules.twitter.User"", ""blue"": false, ""blueType"": null, ""created"": ""2009-04-07 18:17:13+00:00"", ""descriptionLinks"": [], ""displayname"": ""Pureology"", ""favouritesCount"": 207634, ""followersCount"": 2615, ""friendsCount"": 4262, ""id"": 29506193, ""id_str"": ""29506193"", ""listedCount"": 0, ""location"": """", ""mediaCount"": 2961, ""pinnedIds"": [], ""profileBannerUrl"": ""https://pbs.twimg.com/profile_banners/29506193/1592231144"", ""profileImageUrl"": ""https://pbs.twimg.com/profile_images/1524789823629762561/YxeUNYXE_normal.jpg"", ""protected"": false, ""rawDescription"": ""Wellnesschick was taken. If I wanted the gov in my uterus I’d bang a senator. 😷 Covid isn’t over! I swear a lot."", ""statusesCount"": 50169, ""url"": ""https://x.com/Welnesschick"", ""username"": ""Welnesschick"", ""verified"": false}"
55,165088789,1283779378305028096,e5421ef2b751488bd684e8f3,a79dad57476e0704b5b7f94ea444fd2a,19,2026-10-08T14:57:59+00:00,WonderfulwomanK,Dr. Vicki Hayes,Love overcomes hate. Love has no color. Love has no orientation. All is Love.   ~   Adam Lambert,,2721,2611,255549,0,0,"{""_type"": ""snscrape.modules.twitter.User"", ""blue"": false, ""blueType"": null, ""created"": ""2010-07-10 15:26:40+00:00"", ""descriptionLinks"": [], ""displayname"": ""Dr. Vicki Hayes"", ""favouritesCount"": 108992, ""followersCount"": 2721, ""friendsCount"": 2611, ""id"": 165088789, ""id_str"": ""165088789"", ""listedCount"": 0, ""location"": """", ""mediaCount"": 4484, ""pinnedIds"": [], ""profileBannerUrl"": ""https://pbs.twimg.com/profile_banners/165088789/1434304054"", ""profileImageUrl"": ""https://pbs.twimg.com/profile_images/1136089443/Adam_with_Angels_s_wings_from_People_s_Most_Beautiful_Profile_Eyes_Shut_normal.jpg"", ""protected"": false, ""rawDescription"": ""Love overcomes hate. Love has no color. Love has no orientation. All is Love.   ~   Adam Lambert"", ""statusesCount"": 255549, ""url"": ""https://x.com/WonderfulwomanK"", ""username"": ""WonderfulwomanK"", ""verified"": false}"
56,1239131847604355074,1283778222740475905,e5421ef2b751488bd684e8f3,a79dad57476e0704b5b7f94ea444fd2a,19,2026-10-08T14:57:59+00:00,inlovewithflo,florence pugh enthusiast,From The River To The Sea Palestine Will Be Free 🇵🇸🇵🇸🇵🇸🇵🇸,she/her dec02' mixed,1320,1104,22775,0,0,"{""_type"": ""snscrape.modules.twitter.User"", ""blue"": false, ""blueType"": null, ""created"": ""2020-03-15 10:10:38+00:00"", ""descriptionLinks"": [], ""displayname"": ""florence pugh enthusiast"", ""favouritesCount"": 70436, ""followersCount"": 1320, ""friendsCount"": 1104, ""id"": 1239131847604355074, ""id_str"": ""1239131847604355074"", ""listedCount"": 0, ""location"": ""she/her dec02' mixed"", ""mediaCount"": 2463, ""pinnedIds"": [1968446821006520412], ""profileBannerUrl"": ""https://pbs.twimg.com/profile_banners/1239131847604355074/1758155355"", ""profileImageUrl"": ""https://pbs.twimg.com/profile_images/1968720742717255680/DKxFvO-L_normal.jpg"", ""protected"": false, ""rawDescription"": ""From The River To The Sea Palestine Will Be Free 🇵🇸🇵🇸🇵🇸🇵🇸"", ""statusesCount"": 22775, ""url"": ""https://x.com/inlovewithflo"", ""username"": ""inlovewithflo"", ""verified"": false}"
57,1002105970317721600,1283775678257782785,e5421ef2b751488bd684e8f3,a79dad57476e0704b5b7f94ea444fd2a,19,2026-10-08T14:57:59+00:00,XarxaCHsF,Xarxa Catalana d'Hospitals sense Fum,A la Xarxa treballem per avançar en el control del tabac en els 90 hospitals de Catalunya adherits. Ubicats a l'@ICO_oncologia amb el recolzament de @salutcat,Catalonia,487,212,1957,0,0,"{""_type"": ""snscrape.modules.twitter.User"", ""blue"": false, ""blueType"": null, ""created"": ""2018-05-31 08:34:16+00:00"", ""descriptionLinks"": [{""tcourl"": ""https://t.co/OXFWMvJN8n"", ""text"": ""xchsf.cat"", ""url"": ""http://www.xchsf.cat""}], ""displayname"": ""Xarxa Catalana d'Hospitals sense Fum"", ""favouritesCount"": 1797, ""followersCount"": 487, ""friendsCount"": 212, ""id"": 1002105970317721600, ""id_str"": ""1002105970317721600"", ""listedCount"": 0, ""location"": ""Catalonia"", ""mediaCount"": 411, ""pinnedIds"": [], ""profileBannerUrl"": ""https://pbs.twimg.com/profile_banners/1002105970317721600/1527756457"", ""profileImageUrl"": ""https://pbs.twimg.com/profile_images/1002108373821743104/IdQ7BGKz_normal.jpg"", ""protected"": false, ""rawDescription"": ""A la Xarxa treballem per avançar en el control del tabac en els 90 hospitals de Catalunya adherits. Ubicats a l'@ICO_oncologia amb el recolzament de @salutcat"", ""statusesCount"": 1957, ""url"": ""https://x.com/XarxaCHsF"", ""username"": ""XarxaCHsF"", ""verified"": false}"
58,871651401176317952,1283742134026285056,e5421ef2b751488bd684e8f3,a79dad57476e0704b5b7f94ea444fd2a,19,2026-10-08T14:57:59+00:00,DrFlo6,Dr. Florence Temu,"Country Director, Amref Health Africa Tanzania.","Dar es Salaam, Tanzania",2955,296,586,0,0,"{""_type"": ""snscrape.modules.twitter.User"", ""blue"": false, ""blueType"": null, ""created"": ""2017-06-05 08:54:23+00:00"", ""descriptionLinks"": [], ""displayname"": ""Dr. Florence Temu"", ""favouritesCount"": 1464, ""followersCount"": 2955, ""friendsCount"": 296, ""id"": 871651401176317952, ""id_str"": ""871651401176317952"", ""listedCount"": 0, ""location"": ""Dar es Salaam, Tanzania"", ""mediaCount"": 125, ""pinnedIds"": [], ""profileBannerUrl"": ""https://pbs.twimg.com/profile_banners/871651401176317952/1496734048"", ""profileImageUrl"": ""https://pbs.twimg.com/profile_images/872031376790474753/jQepYsem_normal.jpg"", ""protected"": false, ""rawDescription"": ""Country Director, Amref Health Africa Tanzania."", ""statusesCount"": 586, ""url"": ""https://x.com/DrFlo6"", ""username"": ""DrFlo6"", ""verified"": false}"
59,2568087150,1283741774712889344,e5421ef2b751488bd684e8f3,a79dad57476e0704b5b7f94ea444fd2a,19,2026-10-08T14:57:59+00:00,FlorenceCarmela,Florence Carmela,Nationally Credentialed Broadcaster @TMZLive @FoxTV @NFL @CumulusMedia @WEBE108Radio @ESPN @TheVoiceofCT @iHeartRadio Founder & On-Air Host @_TheForumMedia,Connecticut ✈️ California,21571,2997,86429,0,0,"{""_type"": ""snscrape.modules.twitter.User"", ""blue"": true, ""blueType"": null, ""created"": ""2014-06-15 01:38:26+00:00"", ""descriptionLinks"": [{""tcourl"": ""https://t.co/vOcl901hnr"", ""text"": ""YOUTUBE.com/@TheForumMedia…"", ""url"": ""http://YOUTUBE.com/@TheForumMediaNetwork?si=liWri0lrWYxtx0dH""}], ""displayname"": ""Florence Carmela"", ""favouritesCount"": 321618, ""followersCount"": 21571, ""friendsCount"": 2997, ""id"": 2568087150, ""id_str"": ""2568087150"", ""listedCount"": 0, ""location"": ""Connecticut ✈️ California"", ""mediaCount"": 14947, ""pinnedIds"": [1746520623436759116], ""profileBannerUrl"": ""https://pbs.twimg.com/profile_banners/2568087150/1786741455"", ""profileImageUrl"": ""https://pbs.twimg.com/profile_images/2085038237446250497/d8smqL7g_normal.jpg"", ""protected"": false, ""rawDescription"": ""Nationally Credentialed Broadcaster @TMZLive @FoxTV @NFL @CumulusMedia @WEBE108Radio @ESPN @TheVoiceofCT @iHeartRadio Founder & On-Air Host @_TheForumMedia"", ""statusesCount"": 86429, ""url"": ""https://x.com/FlorenceCarmela"", ""username"": ""FlorenceCarmela"", ""verified"": false}"
60,716302703282946048,1283734391215267841,e5421ef2b751488bd684e8f3,a79dad57476e0704b5b7f94ea444fd2a,19,2026-10-08T14:57:59+00:00,MadonnaRecords,Madonna Records,@Madonna The Queen Of Pop! (Fan Account not affiliated with Madonna or her team) No Copyright Infringement Intended.,Madonna 🇩🇴,32402,10108,20254,0,0,"{""_type"": ""snscrape.modules.twitter.User"", ""blue"": true, ""blueType"": null, ""created"": ""2016-04-02 16:34:07+00:00"", ""descriptionLinks"": [{""tcourl"": ""https://t.co/9L1m9xKS71"", ""text"": ""instagram.com/madonnachartsww"", ""url"": ""https://www.instagram.com/madonnachartsww""}], ""displayname"": ""Madonna Records"", ""favouritesCount"": 35050, ""followersCount"": 32402, ""friendsCount"": 10108, ""id"": 716302703282946048, ""id_str"": ""716302703282946048"", ""listedCount"": 0, ""location"": ""Madonna 🇩🇴"", ""mediaCount"": 8471, ""pinnedIds"": [2104533559969284239], ""profileBannerUrl"": ""https://pbs.twimg.com/profile_banners/716302703282946048/1790812149"", ""profileImageUrl"": ""https://pbs.twimg.com/profile_images/2105269057909870592/3jY6mwbw_normal.jpg"", ""protected"": false, ""rawDescription"": ""@Madonna The Queen Of Pop! (Fan Account not affiliated with Madonna or her team) No Copyright Infringement Intended."", ""statusesCount"": 20254, ""url"": ""https://x.com/MadonnaRecords"", ""username"": ""MadonnaRecords"", ""verified"": false}"
61,453876996,1283733264289718272,e5421ef2b751488bd684e8f3,a79dad57476e0704b5b7f94ea444fd2a,19,2026-10-08T14:57:59+00:00,NosyCrowBooks,Nosy Crow Books,We're no longer tweeting from this account! Please find us on @NosyCrow.,London,22812,1051,16026,0,0,"{""_type"": ""snscrape.modules.twitter.User"", ""blue"": false, ""blueType"": null, ""created"": ""2012-01-03 11:25:10+00:00"", ""descriptionLinks"": [{""tcourl"": ""https://t.co/DCR6b7R5St"", ""text"": ""nosycrow.com"", ""url"": ""http://nosycrow.com""}], ""displayname"": ""Nosy Crow Books"", ""favouritesCount"": 8980, ""followersCount"": 22812, ""friendsCount"": 1051, ""id"": 453876996, ""id_str"": ""453876996"", ""listedCount"": 0, ""location"": ""London"", ""mediaCount"": 2714, ""pinnedIds"": [1355091761903898624], ""profileBannerUrl"": """", ""profileImageUrl"": ""https://pbs.twimg.com/profile_images/1410882733983866880/0p10j7T8_normal.jpg"", ""protected"": false, ""rawDescription"": ""We're no longer tweeting from this account! Please find us on @NosyCrow."", ""statusesCount"": 16026, ""url"": ""https://x.com/NosyCrowBooks"", ""username"": ""NosyCrowBooks"", ""verified"": false}"
62,1262499817596411904,1283733262196568064,e5421ef2b751488bd684e8f3,a79dad57476e0704b5b7f94ea444fd2a,19,2026-10-08T14:57:59+00:00,iamenzovirtucio,Florence Peter D. Virtucio,Wellness | Travel | Lifestyle | Events,"Manila, Philippines",124273,14,606,0,0,"{""_type"": ""snscrape.modules.twitter.User"", ""blue"": false, ""blueType"": null, ""created"": ""2020-05-18 21:46:52+00:00"", ""descriptionLinks"": [{""tcourl"": ""https://t.co/QPYqBWMu9G"", ""text"": ""instagram.com/iamenzovirtucio"", ""url"": ""http://instagram.com/iamenzovirtucio""}], ""displayname"": ""Florence Peter D. Virtucio"", ""favouritesCount"": 16, ""followersCount"": 124273, ""friendsCount"": 14, ""id"": 1262499817596411904, ""id_str"": ""1262499817596411904"", ""listedCount"": 0, ""location"": ""Manila, Philippines"", ""mediaCount"": 380, ""pinnedIds"": [1455140554656804867], ""profileBannerUrl"": ""https://pbs.twimg.com/profile_banners/1262499817596411904/1589838694"", ""profileImageUrl"": ""https://pbs.twimg.com/profile_images/1382002952949231619/Xw-cP0gc_normal.jpg"", ""protected"": false, ""rawDescription"": ""Wellness | Travel | Lifestyle | Events"", ""statusesCount"": 606, ""url"": ""https://x.com/iamenzovirtucio"", ""username"": ""iamenzovirtucio"", ""verified"": false}"
63,80074235,1283706815784550401,e5421ef2b751488bd684e8f3,a79dad57476e0704b5b7f94ea444fd2a,19,2026-10-08T14:57:59+00:00,abusbri,Brian Florence,Aviator. Steeler Fan. Man of Faith. Thoughts are my own.,"Ashburn, VA",200,189,1824,0,0,"{""_type"": ""snscrape.modules.twitter.User"", ""blue"": false, ""blueType"": null, ""created"": ""2009-10-05 17:13:24+00:00"", ""descriptionLinks"": [], ""displayname"": ""Brian Florence"", ""favouritesCount"": 3346, ""followersCount"": 200, ""friendsCount"": 189, ""id"": 80074235, ""id_str"": ""80074235"", ""listedCount"": 0, ""location"": ""Ashburn, VA"", ""mediaCount"": 72, ""pinnedIds"": [], ""profileBannerUrl"": ""https://pbs.twimg.com/profile_banners/80074235/1377733060"", ""profileImageUrl"": ""https://pbs.twimg.com/profile_images/1514962995771809792/VxCWhJ8S_normal.jpg"", ""protected"": false, ""rawDescription"": ""Aviator. Steeler Fan. Man of Faith. Thoughts are my own."", ""statusesCount"": 1824, ""url"": ""https://x.com/abusbri"", ""username"": ""abusbri"", ""verified"": false}"
64,52133120,1283403947592626179,e5421ef2b751488bd684e8f3,a79dad57476e0704b5b7f94ea444fd2a,19,2026-10-08T14:57:59+00:00,aphillippy,Adam Phillippy,"Finished a human genome, working on a few more 👨‍💻 Posts are my own","Maryland, USA",16175,904,6271,0,0,"{""_type"": ""snscrape.modules.twitter.User"", ""blue"": false, ""blueType"": null, ""created"": ""2009-06-29 18:01:12+00:00"", ""descriptionLinks"": [{""tcourl"": ""https://t.co/cG9OwQj9eg"", ""text"": ""genomeinformatics.github.io"", ""url"": ""https://genomeinformatics.github.io""}], ""displayname"": ""Adam Phillippy"", ""favouritesCount"": 4279, ""followersCount"": 16175, ""friendsCount"": 904, ""id"": 52133120, ""id_str"": ""52133120"", ""listedCount"": 0, ""location"": ""Maryland, USA"", ""mediaCount"": 163, ""pinnedIds"": [1699908819474903459], ""profileBannerUrl"": """", ""profileImageUrl"": ""https://pbs.twimg.com/profile_images/1281589227952779266/GxVzZtCD_normal.jpg"", ""protected"": false, ""rawDescription"": ""Finished a human genome, working on a few more 👨‍💻 Posts are my own"", ""statusesCount"": 6271, ""url"": ""https://x.com/aphillippy"", ""username"": ""aphillippy"", ""verified"": false}"
65,790617258175373312,1283700243343781888,e5421ef2b751488bd684e8f3,a79dad57476e0704b5b7f94ea444fd2a,19,2026-10-08T14:57:59+00:00,ReplicateEU,Replicate Project,REnaissance of PLaces with Innovative Citizenship And TEchnology. #SanSebastian #Florence #Bristol #Essen #Nilüfer #Laussane Co-funded by Horizon2020 programme,,976,249,1545,0,0,"{""_type"": ""snscrape.modules.twitter.User"", ""blue"": false, ""blueType"": null, ""created"": ""2016-10-24 18:13:38+00:00"", ""descriptionLinks"": [{""tcourl"": ""https://t.co/lcnlC80rc0"", ""text"": ""replicate-project.eu"", ""url"": ""http://replicate-project.eu/""}], ""displayname"": ""Replicate Project"", ""favouritesCount"": 1851, ""followersCount"": 976, ""friendsCount"": 249, ""id"": 790617258175373312, ""id_str"": ""790617258175373312"", ""listedCount"": 0, ""location"": """", ""mediaCount"": 436, ""pinnedIds"": [908341981440507904], ""profileBannerUrl"": ""https://pbs.twimg.com/profile_banners/790617258175373312/1479138973"", ""profileImageUrl"": ""https://pbs.twimg.com/profile_images/880440032074616833/f-HE_rqd_normal.jpg"", ""protected"": false, ""rawDescription"": ""REnaissance of PLaces with Innovative Citizenship And TEchnology. #SanSebastian #Florence #Bristol #Essen #Nilüfer #Laussane Co-funded by Horizon2020 programme"", ""statusesCount"": 1545, ""url"": ""https://x.com/ReplicateEU"", ""username"": ""ReplicateEU"", ""verified"": false}"
66,118352551,1283699934835937281,e5421ef2b751488bd684e8f3,a79dad57476e0704b5b7f94ea444fd2a,19,2026-10-08T14:57:59+00:00,O_Longueville,Olivia Longueville,"#Author focused on #Medieval, #Tudor, #Renaissance eras.  https://t.co/9GDZWjaghe #HistoricalFiction #Fiction #WritingCommunity #Poetry #Arts",,5685,5901,5081,0,0,"{""_type"": ""snscrape.modules.twitter.User"", ""blue"": false, ""blueType"": null, ""created"": ""2010-02-28 11:51:16+00:00"", ""descriptionLinks"": [{""tcourl"": ""https://t.co/9GDZWjaghe"", ""text"": ""olivialongueville.com"", ""url"": ""http://olivialongueville.com""}, {""tcourl"": ""https://t.co/9GDZWjaghe"", ""text"": ""olivialongueville.com"", ""url"": ""http://olivialongueville.com""}], ""displayname"": ""Olivia Longueville"", ""favouritesCount"": 5306, ""followersCount"": 5685, ""friendsCount"": 5901, ""id"": 118352551, ""id_str"": ""118352551"", ""listedCount"": 0, ""location"": """", ""mediaCount"": 805, ""pinnedIds"": [1335274548485382152], ""profileBannerUrl"": ""https://pbs.twimg.com/profile_banners/118352551/1607168008"", ""profileImageUrl"": ""https://pbs.twimg.com/profile_images/1091419266614738946/V7BRR4SF_normal.jpg"", ""protected"": false, ""rawDescription"": ""#Author focused on #Medieval, #Tudor, #Renaissance eras.  https://t.co/9GDZWjaghe #HistoricalFiction #Fiction #WritingCommunity #Poetry #Arts"", ""statusesCount"": 5081, ""url"": ""https://x.com/O_Longueville"", ""username"": ""O_Longueville"", ""verified"": false}"
67,1066716962145865728,1283699520853938177,e5421ef2b751488bd684e8f3,a79dad57476e0704b5b7f94ea444fd2a,19,2026-10-08T14:57:59+00:00,YCB_English,Ysgol Cwm Brombil - English & Library,This account is no longer operational so will not be monitored. Please contact the school via phone or email with any queries.,"Margam, Wales",557,235,631,0,0,"{""_type"": ""snscrape.modules.twitter.User"", ""blue"": false, ""blueType"": null, ""created"": ""2018-11-25 15:35:17+00:00"", ""descriptionLinks"": [{""tcourl"": ""https://t.co/v2T735Qpvk"", ""text"": ""ysgolcwmbrombil.co.uk"", ""url"": ""http://ysgolcwmbrombil.co.uk""}], ""displayname"": ""Ysgol Cwm Brombil - English & Library"", ""favouritesCount"": 397, ""followersCount"": 557, ""friendsCount"": 235, ""id"": 1066716962145865728, ""id_str"": ""1066716962145865728"", ""listedCount"": 0, ""location"": ""Margam, Wales"", ""mediaCount"": 255, ""pinnedIds"": [], ""profileBannerUrl"": ""https://pbs.twimg.com/profile_banners/1066716962145865728/1584741382"", ""profileImageUrl"": ""https://pbs.twimg.com/profile_images/1066718095132241920/vEO5cAYr_normal.jpg"", ""protected"": false, ""rawDescription"": ""This account is no longer operational so will not be monitored. Please contact the school via phone or email with any queries."", ""statusesCount"": 631, ""url"": ""https://x.com/YCB_English"", ""username"": ""YCB_English"", ""verified"": false}"
68,1229284816325160961,1283683110903787520,e5421ef2b751488bd684e8f3,a79dad57476e0704b5b7f94ea444fd2a,19,2026-10-08T14:57:59+00:00,stan4Legends,Florence🥀,"Rip my heart out and leave On the floor, watch me bleed🥀",she/her,1050,1427,10434,0,0,"{""_type"": ""snscrape.modules.twitter.User"", ""blue"": false, ""blueType"": null, ""created"": ""2020-02-17 06:02:04+00:00"", ""descriptionLinks"": [{""tcourl"": ""https://t.co/IIHNEFo3xC"", ""text"": ""suicide.org/international-…"", ""url"": ""http://www.suicide.org/international-suicide-hotlines.html""}], ""displayname"": ""Florence🥀"", ""favouritesCount"": 9846, ""followersCount"": 1050, ""friendsCount"": 1427, ""id"": 1229284816325160961, ""id_str"": ""1229284816325160961"", ""listedCount"": 0, ""location"": ""she/her"", ""mediaCount"": 382, ""pinnedIds"": [1253853074613026816], ""profileBannerUrl"": ""https://pbs.twimg.com/profile_banners/1229284816325160961/1619373310"", ""profileImageUrl"": ""https://pbs.twimg.com/profile_images/1386377739297505284/FMAY6AXp_normal.jpg"", ""protected"": false, ""rawDescription"": ""Rip my heart out and leave On the floor, watch me bleed🥀"", ""statusesCount"": 10434, ""url"": ""https://x.com/stan4Legends"", ""username"": ""stan4Legends"", ""verified"": false}"
69,1180754478686965776,1283485302015889409,e5421ef2b751488bd684e8f3,a79dad57476e0704b5b7f94ea444fd2a,19,2026-10-08T14:57:59+00:00,lovelingrs,vena ⭑,,she • 22,2205,972,69883,0,0,"{""_type"": ""snscrape.modules.twitter.User"", ""blue"": false, ""blueType"": null, ""created"": ""2019-10-06 08:00:06+00:00"", ""descriptionLinks"": [], ""displayname"": ""vena ⭑"", ""favouritesCount"": 173275, ""followersCount"": 2205, ""friendsCount"": 972, ""id"": 1180754478686965776, ""id_str"": ""1180754478686965776"", ""listedCount"": 0, ""location"": ""she • 22"", ""mediaCount"": 10874, ""pinnedIds"": [1551966262649147393], ""profileBannerUrl"": ""https://pbs.twimg.com/profile_banners/1180754478686965776/1790450034"", ""profileImageUrl"": ""https://pbs.twimg.com/profile_images/2103926004355846144/E0IYaYAz_normal.jpg"", ""protected"": false, ""rawDescription"": """", ""statusesCount"": 69883, ""url"": ""https://x.com/lovelingrs"", ""username"": ""lovelingrs"", ""verified"": false}"
70,87964393,1283681960687292417,e5421ef2b751488bd684e8f3,a79dad57476e0704b5b7f94ea444fd2a,19,2026-10-08T14:57:59+00:00,florencemuseum,Florence Nightingale Museum 💙,Celebrating the life and legacy of the Lady with the Lamp!,"Lambeth Palace Road, London",9671,2099,11660,0,0,"{""_type"": ""snscrape.modules.twitter.User"", ""blue"": false, ""blueType"": null, ""created"": ""2009-11-06 15:34:45+00:00"", ""descriptionLinks"": [{""tcourl"": ""https://t.co/qccshYqRQm"", ""text"": ""linktr.ee/florencemuseum"", ""url"": ""https://linktr.ee/florencemuseum""}], ""displayname"": ""Florence Nightingale Museum 💙"", ""favouritesCount"": 10492, ""followersCount"": 9671, ""friendsCount"": 2099, ""id"": 87964393, ""id_str"": ""87964393"", ""listedCount"": 0, ""location"": ""Lambeth Palace Road, London"", ""mediaCount"": 4290, ""pinnedIds"": [1707426717579567328], ""profileBannerUrl"": ""https://pbs.twimg.com/profile_banners/87964393/1605916917"", ""profileImageUrl"": ""https://pbs.twimg.com/profile_images/1550499106828820482/WfK4DnT6_normal.jpg"", ""protected"": false, ""rawDescription"": ""Celebrating the life and legacy of the Lady with the Lamp!"", ""statusesCount"": 11660, ""url"": ""https://x.com/florencemuseum"", ""username"": ""florencemuseum"", ""verified"": false}"
71,31767312,1283676609082470400,e5421ef2b751488bd684e8f3,a79dad57476e0704b5b7f94ea444fd2a,20,2026-10-08T14:58:11+00:00,robertflorence,RAB FLORENCE,a writer,"Brooklyn, NY",47771,1687,125962,0,0,"{""_type"": ""snscrape.modules.twitter.User"", ""blue"": false, ""blueType"": null, ""created"": ""2009-04-16 13:01:01+00:00"", ""descriptionLinks"": [{""tcourl"": ""https://t.co/Sl88fw4O4p"", ""text"": ""linktr.ee/robertflorence"", ""url"": ""https://linktr.ee/robertflorence""}], ""displayname"": ""RAB FLORENCE"", ""favouritesCount"": 7375, ""followersCount"": 47771, ""friendsCount"": 1687, ""id"": 31767312, ""id_str"": ""31767312"", ""listedCount"": 0, ""location"": ""Brooklyn, NY"", ""mediaCount"": 8601, ""pinnedIds"": [], ""profileBannerUrl"": ""https://pbs.twimg.com/profile_banners/31767312/1500627190"", ""profileImageUrl"": ""https://pbs.twimg.com/profile_images/1632488668886622208/7qcmJ8B5_normal.jpg"", ""protected"": false, ""rawDescription"": ""a writer"", ""statusesCount"": 125962, ""url"": ""https://x.com/robertflorence"", ""username"": ""robertflorence"", ""verified"": false}"
72,737362108397060096,1283673698902450177,e5421ef2b751488bd684e8f3,a79dad57476e0704b5b7f94ea444fd2a,20,2026-10-08T14:58:11+00:00,KulikovUNIATF,Dr Alexey Kulikov,"Head of Partnerships and Operations, Deputy Head of Secretariat, @UN Task Force on #NCDs. Support @WHO countries achieve  #health related #SDGs. PhD MPH MD.","Geneva, Switzerland",63349,51764,13075,0,0,"{""_type"": ""snscrape.modules.twitter.User"", ""blue"": true, ""blueType"": null, ""created"": ""2016-05-30 19:16:41+00:00"", ""descriptionLinks"": [], ""displayname"": ""Dr Alexey Kulikov"", ""favouritesCount"": 48689, ""followersCount"": 63349, ""friendsCount"": 51764, ""id"": 737362108397060096, ""id_str"": ""737362108397060096"", ""listedCount"": 0, ""location"": ""Geneva, Switzerland"", ""mediaCount"": 6645, ""pinnedIds"": [], ""profileBannerUrl"": ""https://pbs.twimg.com/profile_banners/737362108397060096/1556271627"", ""profileImageUrl"": ""https://pbs.twimg.com/profile_images/1786303176557121536/fuzbfD6I_normal.jpg"", ""protected"": false, ""rawDescription"": ""Head of Partnerships and Operations, Deputy Head of Secretariat, @UN Task Force on #NCDs. Support @WHO countries achieve  #health related #SDGs. PhD MPH MD."", ""statusesCount"": 13075, ""url"": ""https://x.com/KulikovUNIATF"", ""username"": ""KulikovUNIATF"", ""verified"": false}"
73,3256233874,1283673250401341442,e5421ef2b751488bd684e8f3,a79dad57476e0704b5b7f94ea444fd2a,20,2026-10-08T14:58:11+00:00,OnTheSauceAgain,Inka Larissa,"Glassware obsessed Negroni snob.❤️ 
Co-host @whiskysisters🥃 Tequila sipper, Martini drinker 🍸 Freelance spirits writer & blogger ✍️",,60644,7535,59292,0,0,"{""_type"": ""snscrape.modules.twitter.User"", ""blue"": false, ""blueType"": null, ""created"": ""2015-05-15 11:07:13+00:00"", ""descriptionLinks"": [{""tcourl"": ""https://t.co/BgAQPPNnas"", ""text"": ""onthesauceagain.com"", ""url"": ""http://www.onthesauceagain.com""}], ""displayname"": ""Inka Larissa"", ""favouritesCount"": 41146, ""followersCount"": 60644, ""friendsCount"": 7535, ""id"": 3256233874, ""id_str"": ""3256233874"", ""listedCount"": 0, ""location"": """", ""mediaCount"": 5769, ""pinnedIds"": [2095508460146225180], ""profileBannerUrl"": ""https://pbs.twimg.com/profile_banners/3256233874/1602667230"", ""profileImageUrl"": ""https://pbs.twimg.com/profile_images/1783845074238853120/pwZU9v_-_normal.jpg"", ""protected"": false, ""rawDescription"": ""Glassware obsessed Negroni snob.❤️ \nCo-host @whiskysisters🥃 Tequila sipper, Martini drinker 🍸 Freelance spirits writer & blogger ✍️"", ""statusesCount"": 59292, ""url"": ""https://x.com/OnTheSauceAgain"", ""username"": ""OnTheSauceAgain"", ""verified"": false}"
74,1115258456,1283668359649931264,e5421ef2b751488bd684e8f3,a79dad57476e0704b5b7f94ea444fd2a,20,2026-10-08T14:58:11+00:00,AgeUKBirmingham,Age UK Birmingham,"Information & Advice; and other services plus Charity Shop, etc for the over 50s in Birmingham",Birmingham,1552,1131,2340,0,0,"{""_type"": ""snscrape.modules.twitter.User"", ""blue"": false, ""blueType"": null, ""created"": ""2013-01-23 20:40:42+00:00"", ""descriptionLinks"": [{""tcourl"": ""https://t.co/1JbARjKiIy"", ""text"": ""ageukbirmingham.org.uk"", ""url"": ""http://www.ageukbirmingham.org.uk""}], ""displayname"": ""Age UK Birmingham"", ""favouritesCount"": 481, ""followersCount"": 1552, ""friendsCount"": 1131, ""id"": 1115258456, ""id_str"": ""1115258456"", ""listedCount"": 0, ""location"": ""Birmingham"", ""mediaCount"": 861, ""pinnedIds"": [1666411237993742337], ""profileBannerUrl"": ""https://pbs.twimg.com/profile_banners/1115258456/1641469379"", ""profileImageUrl"": ""https://pbs.twimg.com/profile_images/918779188152274944/R2KovT6L_normal.jpg"", ""protected"": false, ""rawDescription"": ""Information & Advice; and other services plus Charity Shop, etc for the over 50s in Birmingham"", ""statusesCount"": 2340, ""url"": ""https://x.com/AgeUKBirmingham"", ""username"": ""AgeUKBirmingham"", ""verified"": false}"
75,952528141116956672,1283663593381273600,e5421ef2b751488bd684e8f3,a79dad57476e0704b5b7f94ea444fd2a,20,2026-10-08T14:58:11+00:00,florence_rattle,Florence Rattle 💚🤍💜,"Sex is observed at birth. Gender is the problem, not the solution. #Womenwontwheesht",,987,1108,9080,0,0,"{""_type"": ""snscrape.modules.twitter.User"", ""blue"": false, ""blueType"": null, ""created"": ""2018-01-14 13:09:40+00:00"", ""descriptionLinks"": [], ""displayname"": ""Florence Rattle 💚🤍💜"", ""favouritesCount"": 66327, ""followersCount"": 987, ""friendsCount"": 1108, ""id"": 952528141116956672, ""id_str"": ""952528141116956672"", ""listedCount"": 0, ""location"": """", ""mediaCount"": 238, ""pinnedIds"": [], ""profileBannerUrl"": ""https://pbs.twimg.com/profile_banners/952528141116956672/1623011096"", ""profileImageUrl"": ""https://pbs.twimg.com/profile_images/1400539573298634752/RkkTEqhv_normal.jpg"", ""protected"": false, ""rawDescription"": ""Sex is observed at birth. Gender is the problem, not the solution. #Womenwontwheesht"", ""statusesCount"": 9080, ""url"": ""https://x.com/florence_rattle"", ""username"": ""florence_rattle"", ""verified"": false}"
76,3066020350,1283651679494311938,e5421ef2b751488bd684e8f3,a79dad57476e0704b5b7f94ea444fd2a,20,2026-10-08T14:58:11+00:00,mssprovenance,@mssprovenance@mastodon.world,"I'M NOW ALMOST EXCLUSIVELY ON MASTODON AND BLUESKY: @mssprovenance.bsky.social
I just come here occasionally to dump on Musk",,5375,0,1610,0,0,"{""_type"": ""snscrape.modules.twitter.User"", ""blue"": false, ""blueType"": null, ""created"": ""2015-03-02 12:56:40+00:00"", ""descriptionLinks"": [{""tcourl"": ""https://t.co/g2GzdF3L4a"", ""text"": ""mssprovenance.blogspot.co.uk"", ""url"": ""http://mssprovenance.blogspot.co.uk""}], ""displayname"": ""@mssprovenance@mastodon.world"", ""favouritesCount"": 2041, ""followersCount"": 5375, ""friendsCount"": 0, ""id"": 3066020350, ""id_str"": ""3066020350"", ""listedCount"": 0, ""location"": """", ""mediaCount"": 592, ""pinnedIds"": [], ""profileBannerUrl"": ""https://pbs.twimg.com/profile_banners/3066020350/1768898229"", ""profileImageUrl"": ""https://pbs.twimg.com/profile_images/572381052937592832/bE9K4lqD_normal.jpeg"", ""protected"": false, ""rawDescription"": ""I'M NOW ALMOST EXCLUSIVELY ON MASTODON AND BLUESKY: @mssprovenance.bsky.social\nI just come here occasionally to dump on Musk"", ""statusesCount"": 1610, ""url"": ""https://x.com/mssprovenance"", ""username"": ""mssprovenance"", ""verified"": false}"
77,4168931357,1283646128353935362,e5421ef2b751488bd684e8f3,a79dad57476e0704b5b7f94ea444fd2a,20,2026-10-08T14:58:11+00:00,FlorenceShako,Florence Shako,"Founder and Executive Director- @CEPCJ_ | Vice Chairperson,Board - @AfriRIGHTS | Vice Chairperson- @womeninadr | Expert in Business & Human Rights (BHR) and ADR","Nairobi, Kenya",3329,3008,21251,0,0,"{""_type"": ""snscrape.modules.twitter.User"", ""blue"": false, ""blueType"": null, ""created"": ""2015-11-12 05:05:54+00:00"", ""descriptionLinks"": [], ""displayname"": ""Florence Shako"", ""favouritesCount"": 19104, ""followersCount"": 3329, ""friendsCount"": 3008, ""id"": 4168931357, ""id_str"": ""4168931357"", ""listedCount"": 0, ""location"": ""Nairobi, Kenya"", ""mediaCount"": 358, ""pinnedIds"": [], ""profileBannerUrl"": ""https://pbs.twimg.com/profile_banners/4168931357/1780786119"", ""profileImageUrl"": ""https://pbs.twimg.com/profile_images/2063392606411694080/mzJuaHgG_normal.jpg"", ""protected"": false, ""rawDescription"": ""Founder and Executive Director- @CEPCJ_ | Vice Chairperson,Board - @AfriRIGHTS | Vice Chairperson- @womeninadr | Expert in Business & Human Rights (BHR) and ADR"", ""statusesCount"": 21251, ""url"": ""https://x.com/FlorenceShako"", ""username"": ""FlorenceShako"", ""verified"": false}"
78,1731878023,1283642724760068097,e5421ef2b751488bd684e8f3,a79dad57476e0704b5b7f94ea444fd2a,20,2026-10-08T14:58:11+00:00,NationBreaking,Nation Breaking News,Breaking news and updates from Africa's #1 independent media brand. #WeAreNation,Nairobi,1783516,28,24742,0,0,"{""_type"": ""snscrape.modules.twitter.User"", ""blue"": true, ""blueType"": null, ""created"": ""2013-09-05 12:48:52+00:00"", ""descriptionLinks"": [{""tcourl"": ""https://t.co/AxpG9taPrz"", ""text"": ""nation.africa/kenya"", ""url"": ""https://nation.africa/kenya""}], ""displayname"": ""Nation Breaking News"", ""favouritesCount"": 13, ""followersCount"": 1783516, ""friendsCount"": 28, ""id"": 1731878023, ""id_str"": ""1731878023"", ""listedCount"": 0, ""location"": ""Nairobi"", ""mediaCount"": 14220, ""pinnedIds"": [], ""profileBannerUrl"": ""https://pbs.twimg.com/profile_banners/1731878023/1598726279"", ""profileImageUrl"": ""https://pbs.twimg.com/profile_images/1299964877474332673/Kboq5sTw_normal.jpg"", ""protected"": false, ""rawDescription"": ""Breaking news and updates from Africa's #1 independent media brand. #WeAreNation"", ""statusesCount"": 24742, ""url"": ""https://x.com/NationBreaking"", ""username"": ""NationBreaking"", ""verified"": false}"
79,1266733631554441217,1283639798641696768,e5421ef2b751488bd684e8f3,a79dad57476e0704b5b7f94ea444fd2a,20,2026-10-08T14:58:11+00:00,FrenchCoachFDdH,Florence Daguerre de Hureaux,"French coach, passionate about French music @RoyalAcadMusic @RNCMvoice @guildhallschool @natoperastudio @RCMLondon @RoyalOperaHouse @glyndebourne @DNOA_NL",LONDON,101,143,245,0,0,"{""_type"": ""snscrape.modules.twitter.User"", ""blue"": false, ""blueType"": null, ""created"": ""2020-05-30 14:11:17+00:00"", ""descriptionLinks"": [], ""displayname"": ""Florence Daguerre de Hureaux"", ""favouritesCount"": 121, ""followersCount"": 101, ""friendsCount"": 143, ""id"": 1266733631554441217, ""id_str"": ""1266733631554441217"", ""listedCount"": 0, ""location"": ""LONDON"", ""mediaCount"": 15, ""pinnedIds"": [], ""profileBannerUrl"": ""https://pbs.twimg.com/profile_banners/1266733631554441217/1590919533"", ""profileImageUrl"": ""https://pbs.twimg.com/profile_images/1266734582868647939/QCrdKLYz_normal.jpg"", ""protected"": false, ""rawDescription"": ""French coach, passionate about French music @RoyalAcadMusic @RNCMvoice @guildhallschool @natoperastudio @RCMLondon @RoyalOperaHouse @glyndebourne @DNOA_NL"", ""statusesCount"": 245, ""url"": ""https://x.com/FrenchCoachFDdH"", ""username"": ""FrenchCoachFDdH"", ""verified"": false}"
80,87663908,1283607505550090241,e5421ef2b751488bd684e8f3,a79dad57476e0704b5b7f94ea444fd2a,20,2026-10-08T14:58:11+00:00,hmorley29,Helen Morley - Blocking crazy every Day!,"NYC Born  Political Junkie. 
Hosting visitors to NYC for 9 years & still loving it!","East Village, NYC",344,504,10142,0,0,"{""_type"": ""snscrape.modules.twitter.User"", ""blue"": false, ""blueType"": null, ""created"": ""2009-11-05 11:15:25+00:00"", ""descriptionLinks"": [{""tcourl"": ""https://t.co/cq9VlWDtwA"", ""text"": ""facebook.com/EastVillageVac…"", ""url"": ""https://www.facebook.com/EastVillageVacationRental/""}], ""displayname"": ""Helen Morley - Blocking crazy every Day!"", ""favouritesCount"": 6157, ""followersCount"": 344, ""friendsCount"": 504, ""id"": 87663908, ""id_str"": ""87663908"", ""listedCount"": 0, ""location"": ""East Village, NYC"", ""mediaCount"": 863, ""pinnedIds"": [1340047054006087681], ""profileBannerUrl"": ""https://pbs.twimg.com/profile_banners/87663908/1446347802"", ""profileImageUrl"": ""https://pbs.twimg.com/profile_images/660656373227724800/8TFJd4af_normal.jpg"", ""protected"": false, ""rawDescription"": ""NYC Born  Political Junkie. \nHosting visitors to NYC for 9 years & still loving it!"", ""statusesCount"": 10142, ""url"": ""https://x.com/hmorley29"", ""username"": ""hmorley29"", ""verified"": false}"
81,1150967645631594496,1283586857771524096,e5421ef2b751488bd684e8f3,a79dad57476e0704b5b7f94ea444fd2a,20,2026-10-08T14:58:11+00:00,Epiloguers,Epiloguers,"Exploring the Beauty of Cinema | 
IG: epiloguers_ | 
Letterboxd: epiloguers |",,19306,138,16716,0,0,"{""_type"": ""snscrape.modules.twitter.User"", ""blue"": false, ""blueType"": null, ""created"": ""2019-07-16 03:17:25+00:00"", ""descriptionLinks"": [{""tcourl"": ""https://t.co/ObUqeoaMCl"", ""text"": ""epiloguers.com"", ""url"": ""http://epiloguers.com""}], ""displayname"": ""Epiloguers"", ""favouritesCount"": 13631, ""followersCount"": 19306, ""friendsCount"": 138, ""id"": 1150967645631594496, ""id_str"": ""1150967645631594496"", ""listedCount"": 0, ""location"": """", ""mediaCount"": 11180, ""pinnedIds"": [1572703855695237120], ""profileBannerUrl"": ""https://pbs.twimg.com/profile_banners/1150967645631594496/1592670740"", ""profileImageUrl"": ""https://pbs.twimg.com/profile_images/1275177774710321154/odqI_gyd_normal.jpg"", ""protected"": false, ""rawDescription"": ""Exploring the Beauty of Cinema | \nIG: epiloguers_ | \nLetterboxd: epiloguers |"", ""statusesCount"": 16716, ""url"": ""https://x.com/Epiloguers"", ""username"": ""Epiloguers"", ""verified"": false}"
82,1243932343234179072,1283566877399285760,e5421ef2b751488bd684e8f3,a79dad57476e0704b5b7f94ea444fd2a,20,2026-10-08T14:58:11+00:00,songsboutsummer,🌸persephone🌸,💖she/her💖//🌈bisexual🌈//🌺minor🌺//💕90% babie (the other 10% is also babie im just messing with u)💕,wonderland,20,68,900,0,0,"{""_type"": ""snscrape.modules.twitter.User"", ""blue"": false, ""blueType"": null, ""created"": ""2020-03-28 16:06:17+00:00"", ""descriptionLinks"": [{""tcourl"": ""https://t.co/t6f523w0HI"", ""text"": ""linktr.ee/finallysummer88"", ""url"": ""https://linktr.ee/finallysummer88""}], ""displayname"": ""🌸persephone🌸"", ""favouritesCount"": 337, ""followersCount"": 20, ""friendsCount"": 68, ""id"": 1243932343234179072, ""id_str"": ""1243932343234179072"", ""listedCount"": 0, ""location"": ""wonderland"", ""mediaCount"": 48, ""pinnedIds"": [1335412741977288706], ""profileBannerUrl"": ""https://pbs.twimg.com/profile_banners/1243932343234179072/1619064592"", ""profileImageUrl"": ""https://pbs.twimg.com/profile_images/1378912027851251712/EaLHGp8R_normal.jpg"", ""protected"": false, ""rawDescription"": ""💖she/her💖//🌈bisexual🌈//🌺minor🌺//💕90% babie (the other 10% is also babie im just messing with u)💕"", ""statusesCount"": 900, ""url"": ""https://x.com/songsboutsummer"", ""username"": ""songsboutsummer"", ""verified"": false}"
83,276236590,1283553527705620480,e5421ef2b751488bd684e8f3,a79dad57476e0704b5b7f94ea444fd2a,20,2026-10-08T14:58:11+00:00,RushmoreExt23,Phillip Kirschberg,"Smoking/tobacco harm reduction advocate. WNL co-host. ASU Alumni '97 🌹 Not humorless. Personal account. I'd prefer to make the world a better place, and you?",Birmingham,3799,1052,68352,0,0,"{""_type"": ""snscrape.modules.twitter.User"", ""blue"": true, ""blueType"": null, ""created"": ""2011-04-02 23:22:22+00:00"", ""descriptionLinks"": [{""tcourl"": ""https://t.co/w2pPb2HrcY"", ""text"": ""youtube.com/@zamplebox"", ""url"": ""https://youtube.com/@zamplebox""}], ""displayname"": ""Phillip Kirschberg"", ""favouritesCount"": 353379, ""followersCount"": 3799, ""friendsCount"": 1052, ""id"": 276236590, ""id_str"": ""276236590"", ""listedCount"": 0, ""location"": ""Birmingham"", ""mediaCount"": 7426, ""pinnedIds"": [2099913433088995685], ""profileBannerUrl"": ""https://pbs.twimg.com/profile_banners/276236590/1787258247"", ""profileImageUrl"": ""https://pbs.twimg.com/profile_images/2064688135804473344/9tY5j5i4_normal.jpg"", ""protected"": false, ""rawDescription"": ""Smoking/tobacco harm reduction advocate. WNL co-host. ASU Alumni '97 🌹 Not humorless. Personal account. I'd prefer to make the world a better place, and you?"", ""statusesCount"": 68352, ""url"": ""https://x.com/RushmoreExt23"", ""username"": ""RushmoreExt23"", ""verified"": false}"
84,756506843011317762,1283547210886664194,e5421ef2b751488bd684e8f3,a79dad57476e0704b5b7f94ea444fd2a,20,2026-10-08T14:58:11+00:00,RLC_SAfrica,RLC-SA,"Welcome to the Regional Leadership Centre - Southern Africa (RLC-SA), a YALI Legacy program dedicated to investing in the next generation of African leaders.",South Africa,6031,526,5469,0,0,"{""_type"": ""snscrape.modules.twitter.User"", ""blue"": false, ""blueType"": null, ""created"": ""2016-07-22 15:11:01+00:00"", ""descriptionLinks"": [], ""displayname"": ""RLC-SA"", ""favouritesCount"": 2927, ""followersCount"": 6031, ""friendsCount"": 526, ""id"": 756506843011317762, ""id_str"": ""756506843011317762"", ""listedCount"": 0, ""location"": ""South Africa"", ""mediaCount"": 1686, ""pinnedIds"": [], ""profileBannerUrl"": ""https://pbs.twimg.com/profile_banners/756506843011317762/1756466616"", ""profileImageUrl"": ""https://pbs.twimg.com/profile_images/2030959934783795202/00Hvkqns_normal.jpg"", ""protected"": false, ""rawDescription"": ""Welcome to the Regional Leadership Centre - Southern Africa (RLC-SA), a YALI Legacy program dedicated to investing in the next generation of African leaders."", ""statusesCount"": 5469, ""url"": ""https://x.com/RLC_SAfrica"", ""username"": ""RLC_SAfrica"", ""verified"": false}"
85,2722997100,1283530827268120577,e5421ef2b751488bd684e8f3,a79dad57476e0704b5b7f94ea444fd2a,20,2026-10-08T14:58:11+00:00,nakomypace,ナコ,"〇｢巨悪あり。法これを裁けず｣
〇反原発。反戦争。🍉🐇
〇好きな言葉は「禁煙社会に舵を切る時。」
〇タバコのない社会の実現を目指します。
〇座右の銘は「蛮勇は勇気にあらず。義を見てせざるは勇無きなり！」
◎私のポストは、全て「拡散希望」です。＾＾",仙台市,7684,7189,44297,0,0,"{""_type"": ""snscrape.modules.twitter.User"", ""blue"": false, ""blueType"": null, ""created"": ""2014-08-11 03:15:05+00:00"", ""descriptionLinks"": [], ""displayname"": ""ナコ"", ""favouritesCount"": 142964, ""followersCount"": 7684, ""friendsCount"": 7189, ""id"": 2722997100, ""id_str"": ""2722997100"", ""listedCount"": 0, ""location"": ""仙台市"", ""mediaCount"": 959, ""pinnedIds"": [], ""profileBannerUrl"": ""https://pbs.twimg.com/profile_banners/2722997100/1760993324"", ""profileImageUrl"": ""https://pbs.twimg.com/profile_images/2057242780246966272/C8jK8X6M_normal.jpg"", ""protected"": false, ""rawDescription"": ""〇｢巨悪あり。法これを裁けず｣\n〇反原発。反戦争。🍉🐇\n〇好きな言葉は「禁煙社会に舵を切る時。」\n〇タバコのない社会の実現を目指します。\n〇座右の銘は「蛮勇は勇気にあらず。義を見てせざるは勇無きなり！」\n◎私のポストは、全て「拡散希望」です。＾＾"", ""statusesCount"": 44297, ""url"": ""https://x.com/nakomypace"", ""username"": ""nakomypace"", ""verified"": false}"
86,1648673538,1283523666001698817,e5421ef2b751488bd684e8f3,a79dad57476e0704b5b7f94ea444fd2a,20,2026-10-08T14:58:11+00:00,_natassham_,tashy🌱,I’m just straight up not having a good time bro,she/her,113,164,2719,0,0,"{""_type"": ""snscrape.modules.twitter.User"", ""blue"": false, ""blueType"": null, ""created"": ""2013-08-05 21:20:31+00:00"", ""descriptionLinks"": [{""tcourl"": ""https://t.co/ZRUM72DHXP"", ""text"": ""instagram.com/natasshatariro…"", ""url"": ""https://instagram.com/natasshatariro?igshid=YmMyMTA2M2Y=""}], ""displayname"": ""tashy🌱"", ""favouritesCount"": 13759, ""followersCount"": 113, ""friendsCount"": 164, ""id"": 1648673538, ""id_str"": ""1648673538"", ""listedCount"": 0, ""location"": ""she/her"", ""mediaCount"": 208, ""pinnedIds"": [1266421108393349122], ""profileBannerUrl"": ""https://pbs.twimg.com/profile_banners/1648673538/1581373750"", ""profileImageUrl"": ""https://pbs.twimg.com/profile_images/1745501491572436992/vLR75ipr_normal.jpg"", ""protected"": false, ""rawDescription"": ""I’m just straight up not having a good time bro"", ""statusesCount"": 2719, ""url"": ""https://x.com/_natassham_"", ""username"": ""_natassham_"", ""verified"": false}"
87,935559037906698241,1283522068760363008,e5421ef2b751488bd684e8f3,a79dad57476e0704b5b7f94ea444fd2a,20,2026-10-08T14:58:11+00:00,scfd_co,Scientific & Cultural Facilities District,"Supporting arts, culture, and science organizations for 30 years in the Denver metro area.","Colorado, USA",577,357,1036,0,0,"{""_type"": ""snscrape.modules.twitter.User"", ""blue"": false, ""blueType"": null, ""created"": ""2017-11-28 17:20:31+00:00"", ""descriptionLinks"": [{""tcourl"": ""https://t.co/7WHWgShbP2"", ""text"": ""scfd.org"", ""url"": ""http://www.scfd.org""}], ""displayname"": ""Scientific & Cultural Facilities District"", ""favouritesCount"": 1110, ""followersCount"": 577, ""friendsCount"": 357, ""id"": 935559037906698241, ""id_str"": ""935559037906698241"", ""listedCount"": 0, ""location"": ""Colorado, USA"", ""mediaCount"": 303, ""pinnedIds"": [2059707478997397516], ""profileBannerUrl"": ""https://pbs.twimg.com/profile_banners/935559037906698241/1568322461"", ""profileImageUrl"": ""https://pbs.twimg.com/profile_images/1172255477360660484/4PshEX0d_normal.jpg"", ""protected"": false, ""rawDescription"": ""Supporting arts, culture, and science organizations for 30 years in the Denver metro area."", ""statusesCount"": 1036, ""url"": ""https://x.com/scfd_co"", ""username"": ""scfd_co"", ""verified"": false}"
88,1125135629812228099,1283498660958023680,e5421ef2b751488bd684e8f3,a79dad57476e0704b5b7f94ea444fd2a,20,2026-10-08T14:58:11+00:00,Charlot21166609,Charlotte Simpson,Living life daily that is what it’s all about,,3,34,66,0,0,"{""_type"": ""snscrape.modules.twitter.User"", ""blue"": false, ""blueType"": null, ""created"": ""2019-05-05 20:30:12+00:00"", ""descriptionLinks"": [], ""displayname"": ""Charlotte Simpson"", ""favouritesCount"": 117, ""followersCount"": 3, ""friendsCount"": 34, ""id"": 1125135629812228099, ""id_str"": ""1125135629812228099"", ""listedCount"": 0, ""location"": """", ""mediaCount"": 2, ""pinnedIds"": [], ""profileBannerUrl"": """", ""profileImageUrl"": ""https://pbs.twimg.com/profile_images/1242568446296109063/m8d9emiF_normal.jpg"", ""protected"": false, ""rawDescription"": ""Living life daily that is what it’s all about"", ""statusesCount"": 66, ""url"": ""https://x.com/Charlot21166609"", ""username"": ""Charlot21166609"", ""verified"": false}"
89,300183662,1283488094839332871,e5421ef2b751488bd684e8f3,a79dad57476e0704b5b7f94ea444fd2a,20,2026-10-08T14:58:11+00:00,Flo_Kinnafick,Dr Florence Kinnafick,"Reader in Physical Activity & Mental Health | CPsychol | School of Sport, Exercise and Health Sciences | Chair of @Agsduk",Loughborough University,1337,1130,2431,0,0,"{""_type"": ""snscrape.modules.twitter.User"", ""blue"": false, ""blueType"": null, ""created"": ""2011-05-17 10:31:42+00:00"", ""descriptionLinks"": [{""tcourl"": ""https://t.co/yjZtAJqpSV"", ""text"": ""scholar.google.co.uk/citations?user…"", ""url"": ""https://scholar.google.co.uk/citations?user=l4Nv1tIAAAAJ&hl=en""}], ""displayname"": ""Dr Florence Kinnafick"", ""favouritesCount"": 3693, ""followersCount"": 1337, ""friendsCount"": 1130, ""id"": 300183662, ""id_str"": ""300183662"", ""listedCount"": 0, ""location"": ""Loughborough University"", ""mediaCount"": 211, ""pinnedIds"": [], ""profileBannerUrl"": ""https://pbs.twimg.com/profile_banners/300183662/1687773035"", ""profileImageUrl"": ""https://pbs.twimg.com/profile_images/1384109475322163203/36mCMNlf_normal.jpg"", ""protected"": false, ""rawDescription"": ""Reader in Physical Activity & Mental Health | CPsychol | School of Sport, Exercise and Health Sciences | Chair of @Agsduk"", ""statusesCount"": 2431, ""url"": ""https://x.com/Flo_Kinnafick"", ""username"": ""Flo_Kinnafick"", ""verified"": false}"
90,889939884898648065,1283475873459470337,e5421ef2b751488bd684e8f3,a79dad57476e0704b5b7f94ea444fd2a,20,2026-10-08T14:58:11+00:00,Floawuor,Florence Awuor,A linguist😊 who LOVES THE LORD.,"Nakuru, Kenya",11723,11528,17874,0,0,"{""_type"": ""snscrape.modules.twitter.User"", ""blue"": false, ""blueType"": null, ""created"": ""2017-07-25 20:06:17+00:00"", ""descriptionLinks"": [], ""displayname"": ""Florence Awuor"", ""favouritesCount"": 12353, ""followersCount"": 11723, ""friendsCount"": 11528, ""id"": 889939884898648065, ""id_str"": ""889939884898648065"", ""listedCount"": 0, ""location"": ""Nakuru, Kenya"", ""mediaCount"": 504, ""pinnedIds"": [1265693684395376647], ""profileBannerUrl"": ""https://pbs.twimg.com/profile_banners/889939884898648065/1516726901"", ""profileImageUrl"": ""https://pbs.twimg.com/profile_images/1156208680750256129/jMG2DZXD_normal.jpg"", ""protected"": false, ""rawDescription"": ""A linguist😊 who LOVES THE LORD."", ""statusesCount"": 17874, ""url"": ""https://x.com/Floawuor"", ""username"": ""Floawuor"", ""verified"": false}"
91,1268213159522963456,1283466862190383110,e5421ef2b751488bd684e8f3,a79dad57476e0704b5b7f94ea444fd2a,20,2026-10-08T14:58:11+00:00,henry_caring,Henry's Caring Heart Foundation,"Henry's Caring Heart Foundation is a charitable organization that administers pet financial aid grants to unemployed or underemployed families in IL, IN, & WI.","Chicago, IL",1694,2333,883,0,0,"{""_type"": ""snscrape.modules.twitter.User"", ""blue"": false, ""blueType"": null, ""created"": ""2020-06-03 16:09:21+00:00"", ""descriptionLinks"": [{""tcourl"": ""https://t.co/la5IqF0QGK"", ""text"": ""heartfinance.org"", ""url"": ""http://www.heartfinance.org""}], ""displayname"": ""Henry's Caring Heart Foundation"", ""favouritesCount"": 1559, ""followersCount"": 1694, ""friendsCount"": 2333, ""id"": 1268213159522963456, ""id_str"": ""1268213159522963456"", ""listedCount"": 0, ""location"": ""Chicago, IL"", ""mediaCount"": 209, ""pinnedIds"": [1269907409016967169], ""profileBannerUrl"": ""https://pbs.twimg.com/profile_banners/1268213159522963456/1591201952"", ""profileImageUrl"": ""https://pbs.twimg.com/profile_images/1268213450905444352/9004laGk_normal.jpg"", ""protected"": false, ""rawDescription"": ""Henry's Caring Heart Foundation is a charitable organization that administers pet financial aid grants to unemployed or underemployed families in IL, IN, & WI."", ""statusesCount"": 883, ""url"": ""https://x.com/henry_caring"", ""username"": ""henry_caring"", ""verified"": false}"
92,889939884898648065,1283463405974814720,e5421ef2b751488bd684e8f3,a79dad57476e0704b5b7f94ea444fd2a,21,2026-10-08T14:58:24+00:00,Floawuor,Florence Awuor,A linguist😊 who LOVES THE LORD.,"Nakuru, Kenya",11723,11528,17874,0,0,"{""_type"": ""snscrape.modules.twitter.User"", ""blue"": false, ""blueType"": null, ""created"": ""2017-07-25 20:06:17+00:00"", ""descriptionLinks"": [], ""displayname"": ""Florence Awuor"", ""favouritesCount"": 12353, ""followersCount"": 11723, ""friendsCount"": 11528, ""id"": 889939884898648065, ""id_str"": ""889939884898648065"", ""listedCount"": 0, ""location"": ""Nakuru, Kenya"", ""mediaCount"": 504, ""pinnedIds"": [1265693684395376647], ""profileBannerUrl"": ""https://pbs.twimg.com/profile_banners/889939884898648065/1516726901"", ""profileImageUrl"": ""https://pbs.twimg.com/profile_images/1156208680750256129/jMG2DZXD_normal.jpg"", ""protected"": false, ""rawDescription"": ""A linguist😊 who LOVES THE LORD."", ""statusesCount"": 17874, ""url"": ""https://x.com/Floawuor"", ""username"": ""Floawuor"", ""verified"": false}"
93,1236019184468885505,1283449653627949057,e5421ef2b751488bd684e8f3,a79dad57476e0704b5b7f94ea444fd2a,21,2026-10-08T14:58:24+00:00,bob_spangle,Bob Spangle,Metal,Northern Ireland,582,620,14968,0,0,"{""_type"": ""snscrape.modules.twitter.User"", ""blue"": false, ""blueType"": null, ""created"": ""2020-03-06 20:02:13+00:00"", ""descriptionLinks"": [], ""displayname"": ""Bob Spangle"", ""favouritesCount"": 97386, ""followersCount"": 582, ""friendsCount"": 620, ""id"": 1236019184468885505, ""id_str"": ""1236019184468885505"", ""listedCount"": 0, ""location"": ""Northern Ireland"", ""mediaCount"": 193, ""pinnedIds"": [], ""profileBannerUrl"": """", ""profileImageUrl"": ""https://pbs.twimg.com/profile_images/1238029388370841600/dFCrN_Lf_normal.jpg"", ""protected"": false, ""rawDescription"": ""Metal"", ""statusesCount"": 14968, ""url"": ""https://x.com/bob_spangle"", ""username"": ""bob_spangle"", ""verified"": false}"
94,762989243509665792,1283445586302136321,e5421ef2b751488bd684e8f3,a79dad57476e0704b5b7f94ea444fd2a,21,2026-10-08T14:58:24+00:00,willothewoods,Willow ⛧,"She/Her / 33 / Just a queer, trans, plural weirdo and her cat, trying to survive the apocalypse.

#FreePalestine🇵🇸 #BLM #ProtectTransKids #ACAB","Massachusetts, USA",771,2486,29069,0,0,"{""_type"": ""snscrape.modules.twitter.User"", ""blue"": false, ""blueType"": null, ""created"": ""2016-08-09 12:29:46+00:00"", ""descriptionLinks"": [{""tcourl"": ""https://t.co/JHo9MEpsJ3"", ""text"": ""bsky.app/profile/willot…"", ""url"": ""https://bsky.app/profile/willothewoods.bsky.social""}], ""displayname"": ""Willow ⛧"", ""favouritesCount"": 88494, ""followersCount"": 771, ""friendsCount"": 2486, ""id"": 762989243509665792, ""id_str"": ""762989243509665792"", ""listedCount"": 0, ""location"": ""Massachusetts, USA"", ""mediaCount"": 2229, ""pinnedIds"": [2090872062105563215], ""profileBannerUrl"": ""https://pbs.twimg.com/profile_banners/762989243509665792/1650059287"", ""profileImageUrl"": ""https://pbs.twimg.com/profile_images/2012596295014223872/1tn4miZQ_normal.jpg"", ""protected"": false, ""rawDescription"": ""She/Her / 33 / Just a queer, trans, plural weirdo and her cat, trying to survive the apocalypse.\n\n#FreePalestine🇵🇸 #BLM #ProtectTransKids #ACAB"", ""statusesCount"": 29069, ""url"": ""https://x.com/willothewoods"", ""username"": ""willothewoods"", ""verified"": false}"
95,1013381191905546240,1283444142224400386,e5421ef2b751488bd684e8f3,a79dad57476e0704b5b7f94ea444fd2a,21,2026-10-08T14:58:24+00:00,FlorenceJeffr10,Florence Jeffries,,"England, United Kingdom",1081,2341,23448,0,0,"{""_type"": ""snscrape.modules.twitter.User"", ""blue"": false, ""blueType"": null, ""created"": ""2018-07-01 11:17:58+00:00"", ""descriptionLinks"": [], ""displayname"": ""Florence Jeffries"", ""favouritesCount"": 394069, ""followersCount"": 1081, ""friendsCount"": 2341, ""id"": 1013381191905546240, ""id_str"": ""1013381191905546240"", ""listedCount"": 0, ""location"": ""England, United Kingdom"", ""mediaCount"": 45, ""pinnedIds"": [], ""profileBannerUrl"": """", ""profileImageUrl"": ""https://abs.twimg.com/sticky/default_profile_images/default_profile_normal.png"", ""protected"": false, ""rawDescription"": """", ""statusesCount"": 23448, ""url"": ""https://x.com/FlorenceJeffr10"", ""username"": ""FlorenceJeffr10"", ""verified"": false}"
96,57126679,1283429326751490053,e5421ef2b751488bd684e8f3,a79dad57476e0704b5b7f94ea444fd2a,21,2026-10-08T14:58:24+00:00,Iulian68,Lică Vlahul,"Byzantine Latin wondering about all things Vlach & the peoples they have met in their history; 
likes and retweets are not necessarily endorsements!",SE Pennsylvania,1783,500,37267,0,0,"{""_type"": ""snscrape.modules.twitter.User"", ""blue"": false, ""blueType"": null, ""created"": ""2009-07-15 20:26:31+00:00"", ""descriptionLinks"": [], ""displayname"": ""Lică Vlahul"", ""favouritesCount"": 123380, ""followersCount"": 1783, ""friendsCount"": 500, ""id"": 57126679, ""id_str"": ""57126679"", ""listedCount"": 0, ""location"": ""SE Pennsylvania"", ""mediaCount"": 1055, ""pinnedIds"": [1344752966734065664], ""profileBannerUrl"": ""https://pbs.twimg.com/profile_banners/57126679/1586473259"", ""profileImageUrl"": ""https://pbs.twimg.com/profile_images/1170835714327666693/LDbnxezN_normal.jpg"", ""protected"": false, ""rawDescription"": ""Byzantine Latin wondering about all things Vlach & the peoples they have met in their history; \nlikes and retweets are not necessarily endorsements!"", ""statusesCount"": 37267, ""url"": ""https://x.com/Iulian68"", ""username"": ""Iulian68"", ""verified"": false}"
97,968395765960749057,1283382671612080128,e5421ef2b751488bd684e8f3,a79dad57476e0704b5b7f94ea444fd2a,21,2026-10-08T14:58:24+00:00,s4wonu,yana,- jeon wonwoo,she/her,10151,10240,40284,0,0,"{""_type"": ""snscrape.modules.twitter.User"", ""blue"": false, ""blueType"": null, ""created"": ""2018-02-27 08:01:57+00:00"", ""descriptionLinks"": [], ""displayname"": ""yana"", ""favouritesCount"": 51637, ""followersCount"": 10151, ""friendsCount"": 10240, ""id"": 968395765960749057, ""id_str"": ""968395765960749057"", ""listedCount"": 0, ""location"": ""she/her"", ""mediaCount"": 3083, ""pinnedIds"": [1475723496198393858], ""profileBannerUrl"": ""https://pbs.twimg.com/profile_banners/968395765960749057/1640636108"", ""profileImageUrl"": ""https://pbs.twimg.com/profile_images/1476476263292280833/QBHer2Wy_normal.jpg"", ""protected"": false, ""rawDescription"": ""- jeon wonwoo"", ""statusesCount"": 40284, ""url"": ""https://x.com/s4wonu"", ""username"": ""s4wonu"", ""verified"": false}"
98,209090580,1283373016492187648,e5421ef2b751488bd684e8f3,a79dad57476e0704b5b7f94ea444fd2a,21,2026-10-08T14:58:24+00:00,shan_tahs,Florence Sharts,"Real name is Shannon. Flo Sharts is a name that makes me laugh.
Avid listener of Pantsuit Politics #pantsuitpoliticscommunity and This Podcast Will Kill You.",,38,98,2797,0,0,"{""_type"": ""snscrape.modules.twitter.User"", ""blue"": false, ""blueType"": null, ""created"": ""2010-10-28 14:00:28+00:00"", ""descriptionLinks"": [], ""displayname"": ""Florence Sharts"", ""favouritesCount"": 3818, ""followersCount"": 38, ""friendsCount"": 98, ""id"": 209090580, ""id_str"": ""209090580"", ""listedCount"": 0, ""location"": """", ""mediaCount"": 225, ""pinnedIds"": [], ""profileBannerUrl"": ""https://pbs.twimg.com/profile_banners/209090580/1386030496"", ""profileImageUrl"": ""https://pbs.twimg.com/profile_images/1154033389239971840/oUZoPgSU_normal.jpg"", ""protected"": false, ""rawDescription"": ""Real name is Shannon. Flo Sharts is a name that makes me laugh.\nAvid listener of Pantsuit Politics #pantsuitpoliticscommunity and This Podcast Will Kill You."", ""statusesCount"": 2797, ""url"": ""https://x.com/shan_tahs"", ""username"": ""shan_tahs"", ""verified"": false}"
99,740182528837988352,1283370716738523136,e5421ef2b751488bd684e8f3,a79dad57476e0704b5b7f94ea444fd2a,21,2026-10-08T14:58:24+00:00,elementproject_,ELEMENT,"#charity co-producing #arts projects exploring culture, community & identity  with #careexperienced young people and #school students","London, England",817,1003,1410,0,0,"{""_type"": ""snscrape.modules.twitter.User"", ""blue"": false, ""blueType"": null, ""created"": ""2016-06-07 14:04:01+00:00"", ""descriptionLinks"": [{""tcourl"": ""https://t.co/XHfRNpntQ8"", ""text"": ""elementproject.org"", ""url"": ""http://www.elementproject.org""}], ""displayname"": ""ELEMENT"", ""favouritesCount"": 1296, ""followersCount"": 817, ""friendsCount"": 1003, ""id"": 740182528837988352, ""id_str"": ""740182528837988352"", ""listedCount"": 0, ""location"": ""London, England"", ""mediaCount"": 593, ""pinnedIds"": [], ""profileBannerUrl"": ""https://pbs.twimg.com/profile_banners/740182528837988352/1527237960"", ""profileImageUrl"": ""https://pbs.twimg.com/profile_images/936184153279737856/jZX9NzS4_normal.jpg"", ""protected"": false, ""rawDescription"": ""#charity co-producing #arts projects exploring culture, community & identity  with #careexperienced young people and #school students"", ""statusesCount"": 1410, ""url"": ""https://x.com/elementproject_"", ""username"": ""elementproject_"", ""verified"": false}"
100,1197485503102234625,1283368669964361728,e5421ef2b751488bd684e8f3,a79dad57476e0704b5b7f94ea444fd2a,21,2026-10-08T14:58:24+00:00,kittydoesemail,Kitty | Email and Content,"B2B Marketing Manager at Rocksteady Music School, the leading provider of in-school band music lessons in the UK.",Liphook,215,252,1301,0,0,"{""_type"": ""snscrape.modules.twitter.User"", ""blue"": false, ""blueType"": null, ""created"": ""2019-11-21 12:02:51+00:00"", ""descriptionLinks"": [{""tcourl"": ""https://t.co/pwL6hEQcfa"", ""text"": ""mrs.digital"", ""url"": ""http://mrs.digital""}], ""displayname"": ""Kitty | Email and Content"", ""favouritesCount"": 1846, ""followersCount"": 215, ""friendsCount"": 252, ""id"": 1197485503102234625, ""id_str"": ""1197485503102234625"", ""listedCount"": 0, ""location"": ""Liphook"", ""mediaCount"": 148, ""pinnedIds"": [1787852071485505711], ""profileBannerUrl"": """", ""profileImageUrl"": ""https://pbs.twimg.com/profile_images/1288777285621944321/A_rZujLs_normal.jpg"", ""protected"": false, ""rawDescription"": ""B2B Marketing Manager at Rocksteady Music School, the leading provider of in-school band music lessons in the UK."", ""statusesCount"": 1301, ""url"": ""https://x.com/kittydoesemail"", ""username"": ""kittydoesemail"", ""verified"": false}"
101,55317590,1283364335402745863,e5421ef2b751488bd684e8f3,a79dad57476e0704b5b7f94ea444fd2a,21,2026-10-08T14:58:24+00:00,Moorfields,Moorfields Eye Hospital NHS Foundation Trust,"We are a world-class centre of excellence for eye health services, research, and education. 
We are no longer posting on X or monitoring this account.",London,14571,805,21153,0,0,"{""_type"": ""snscrape.modules.twitter.User"", ""blue"": false, ""blueType"": null, ""created"": ""2009-07-09 18:28:34+00:00"", ""descriptionLinks"": [{""tcourl"": ""https://t.co/DAPxTBNwBY"", ""text"": ""moorfields.nhs.uk"", ""url"": ""http://www.moorfields.nhs.uk""}], ""displayname"": ""Moorfields Eye Hospital NHS Foundation Trust"", ""favouritesCount"": 14135, ""followersCount"": 14571, ""friendsCount"": 805, ""id"": 55317590, ""id_str"": ""55317590"", ""listedCount"": 0, ""location"": ""London"", ""mediaCount"": 9228, ""pinnedIds"": [2079929970361585798], ""profileBannerUrl"": ""https://pbs.twimg.com/profile_banners/55317590/1663666714"", ""profileImageUrl"": ""https://pbs.twimg.com/profile_images/1658061767522545664/dC0R6yy0_normal.jpg"", ""protected"": false, ""rawDescription"": ""We are a world-class centre of excellence for eye health services, research, and education. \nWe are no longer posting on X or monitoring this account."", ""statusesCount"": 21153, ""url"": ""https://x.com/Moorfields"", ""username"": ""Moorfields"", ""verified"": false}"
103,190226956,1283358702439772160,e5421ef2b751488bd684e8f3,a79dad57476e0704b5b7f94ea444fd2a,21,2026-10-08T14:58:24+00:00,cherubinvinuya,Florence,"i love fish tofu and tortang talong, also pad thai.",Mandaluyong,1231,674,69556,0,0,"{""_type"": ""snscrape.modules.twitter.User"", ""blue"": false, ""blueType"": null, ""created"": ""2010-09-13 12:17:01+00:00"", ""descriptionLinks"": [{""tcourl"": ""https://t.co/uyQY6fmeDw"", ""text"": ""instagram.com/cherubinvinuya/"", ""url"": ""https://www.instagram.com/cherubinvinuya/""}], ""displayname"": ""Florence"", ""favouritesCount"": 146738, ""followersCount"": 1231, ""friendsCount"": 674, ""id"": 190226956, ""id_str"": ""190226956"", ""listedCount"": 0, ""location"": ""Mandaluyong"", ""mediaCount"": 4078, ""pinnedIds"": [1630074082585878529], ""profileBannerUrl"": ""https://pbs.twimg.com/profile_banners/190226956/1681302354"", ""profileImageUrl"": ""https://pbs.twimg.com/profile_images/1775043074194083840/Wtor_UTJ_normal.jpg"", ""protected"": false, ""rawDescription"": ""i love fish tofu and tortang talong, also pad thai."", ""statusesCount"": 69556, ""url"": ""https://x.com/cherubinvinuya"", ""username"": ""cherubinvinuya"", ""verified"": false}"
104,15872418,1283356758308605952,e5421ef2b751488bd684e8f3,a79dad57476e0704b5b7f94ea444fd2a,21,2026-10-08T14:58:24+00:00,ABSCBNNews,ABS-CBN News,"Stories, video, and multimedia for Filipinos worldwide, from ABS-CBN News and Current Affairs","Manila, Philippines",9238634,1101,1351487,0,0,"{""_type"": ""snscrape.modules.twitter.User"", ""blue"": true, ""blueType"": null, ""created"": ""2008-08-16 10:09:33+00:00"", ""descriptionLinks"": [{""tcourl"": ""https://t.co/GX0c1lEzlO"", ""text"": ""abs-cbn.com"", ""url"": ""https://www.abs-cbn.com""}], ""displayname"": ""ABS-CBN News"", ""favouritesCount"": 1185, ""followersCount"": 9238634, ""friendsCount"": 1101, ""id"": 15872418, ""id_str"": ""15872418"", ""listedCount"": 0, ""location"": ""Manila, Philippines"", ""mediaCount"": 354331, ""pinnedIds"": [2105991192274153498], ""profileBannerUrl"": ""https://pbs.twimg.com/profile_banners/15872418/1747565518"", ""profileImageUrl"": ""https://pbs.twimg.com/profile_images/1414904727674920961/aRgHKXj5_normal.jpg"", ""protected"": false, ""rawDescription"": ""Stories, video, and multimedia for Filipinos worldwide, from ABS-CBN News and Current Affairs"", ""statusesCount"": 1351487, ""url"": ""https://x.com/ABSCBNNews"", ""username"": ""ABSCBNNews"", ""verified"": false}"
105,20131374,1283343542665072641,e5421ef2b751488bd684e8f3,a79dad57476e0704b5b7f94ea444fd2a,21,2026-10-08T14:58:24+00:00,lawrence_flo,florence,"Loving Life to the max, well trying too 😉",,108,159,2759,0,0,"{""_type"": ""snscrape.modules.twitter.User"", ""blue"": false, ""blueType"": null, ""created"": ""2009-02-05 09:26:29+00:00"", ""descriptionLinks"": [], ""displayname"": ""florence"", ""favouritesCount"": 26214, ""followersCount"": 108, ""friendsCount"": 159, ""id"": 20131374, ""id_str"": ""20131374"", ""listedCount"": 0, ""location"": """", ""mediaCount"": 28, ""pinnedIds"": [], ""profileBannerUrl"": ""https://pbs.twimg.com/profile_banners/20131374/1758305643"", ""profileImageUrl"": ""https://pbs.twimg.com/profile_images/1969102651141795840/FPBhmztP_normal.jpg"", ""protected"": false, ""rawDescription"": ""Loving Life to the max, well trying too 😉"", ""statusesCount"": 2759, ""url"": ""https://x.com/lawrence_flo"", ""username"": ""lawrence_flo"", ""verified"": false}"
106,952528141116956672,1283300403560484864,e5421ef2b751488bd684e8f3,a79dad57476e0704b5b7f94ea444fd2a,21,2026-10-08T14:58:24+00:00,florence_rattle,Florence Rattle 💚🤍💜,"Sex is observed at birth. Gender is the problem, not the solution. #Womenwontwheesht",,987,1108,9080,0,0,"{""_type"": ""snscrape.modules.twitter.User"", ""blue"": false, ""blueType"": null, ""created"": ""2018-01-14 13:09:40+00:00"", ""descriptionLinks"": [], ""displayname"": ""Florence Rattle 💚🤍💜"", ""favouritesCount"": 66327, ""followersCount"": 987, ""friendsCount"": 1108, ""id"": 952528141116956672, ""id_str"": ""952528141116956672"", ""listedCount"": 0, ""location"": """", ""mediaCount"": 238, ""pinnedIds"": [], ""profileBannerUrl"": ""https://pbs.twimg.com/profile_banners/952528141116956672/1623011096"", ""profileImageUrl"": ""https://pbs.twimg.com/profile_images/1400539573298634752/RkkTEqhv_normal.jpg"", ""protected"": false, ""rawDescription"": ""Sex is observed at birth. Gender is the problem, not the solution. #Womenwontwheesht"", ""statusesCount"": 9080, ""url"": ""https://x.com/florence_rattle"", ""username"": ""florence_rattle"", ""verified"": false}"
107,2899635958,1283298501913391107,e5421ef2b751488bd684e8f3,a79dad57476e0704b5b7f94ea444fd2a,21,2026-10-08T14:58:24+00:00,IrvingSoc,The Irving Society,"Remembering & celebrating Sir Henry Irving (1838-1905), the greatest actor of his time & the first ever to be knighted. Co-star with Ellen Terry at the Lyceum.",,183,153,337,0,0,"{""_type"": ""snscrape.modules.twitter.User"", ""blue"": false, ""blueType"": null, ""created"": ""2014-11-30 19:06:46+00:00"", ""descriptionLinks"": [{""tcourl"": ""https://t.co/ycokqsfz0e"", ""text"": ""theirvingsociety.org.uk"", ""url"": ""http://www.theirvingsociety.org.uk""}], ""displayname"": ""The Irving Society"", ""favouritesCount"": 238, ""followersCount"": 183, ""friendsCount"": 153, ""id"": 2899635958, ""id_str"": ""2899635958"", ""listedCount"": 0, ""location"": """", ""mediaCount"": 234, ""pinnedIds"": [1357992425575374850], ""profileBannerUrl"": ""https://pbs.twimg.com/profile_banners/2899635958/1583207316"", ""profileImageUrl"": ""https://pbs.twimg.com/profile_images/1233904810711277568/MSRxQjfb_normal.jpg"", ""protected"": false, ""rawDescription"": ""Remembering & celebrating Sir Henry Irving (1838-1905), the greatest actor of his time & the first ever to be knighted. Co-star with Ellen Terry at the Lyceum."", ""statusesCount"": 337, ""url"": ""https://x.com/IrvingSoc"", ""username"": ""IrvingSoc"", ""verified"": false}"
108,2355023489,1283271382235844608,e5421ef2b751488bd684e8f3,a79dad57476e0704b5b7f94ea444fd2a,21,2026-10-08T14:58:24+00:00,eniolucherini,Pictor Italicus,"veni vidi pinxi.
 Aborro i fanatici e i cretini .
It's time to clearly demarcate what is civilization and what is barbaric.Pinterest:
https://t.co/hN714VvGcT","Prato, quasi  FIRENZE ",3944,3850,170941,0,0,"{""_type"": ""snscrape.modules.twitter.User"", ""blue"": false, ""blueType"": null, ""created"": ""2014-02-20 19:18:24+00:00"", ""descriptionLinks"": [{""tcourl"": ""https://t.co/hN714VvGcT"", ""text"": ""pin.it/6HD6r97Rd"", ""url"": ""https://pin.it/6HD6r97Rd""}, {""tcourl"": ""https://t.co/YmHCiYtSEl"", ""text"": ""museodellascuola.it"", ""url"": ""http://www.museodellascuola.it""}], ""displayname"": ""Pictor Italicus"", ""favouritesCount"": 15284, ""followersCount"": 3944, ""friendsCount"": 3850, ""id"": 2355023489, ""id_str"": ""2355023489"", ""listedCount"": 0, ""location"": ""Prato, quasi  FIRENZE "", ""mediaCount"": 12013, ""pinnedIds"": [1949029061449175457], ""profileBannerUrl"": ""https://pbs.twimg.com/profile_banners/2355023489/1759577048"", ""profileImageUrl"": ""https://pbs.twimg.com/profile_images/1978850469544939520/_b2T5jwM_normal.jpg"", ""protected"": false, ""rawDescription"": ""veni vidi pinxi.\n Aborro i fanatici e i cretini .\nIt's time to clearly demarcate what is civilization and what is barbaric.Pinterest:\nhttps://t.co/hN714VvGcT"", ""statusesCount"": 170941, ""url"": ""https://x.com/eniolucherini"", ""username"": ""eniolucherini"", ""verified"": false}"
109,2222453910,1283246793598394371,e5421ef2b751488bd684e8f3,a79dad57476e0704b5b7f94ea444fd2a,21,2026-10-08T14:58:24+00:00,swankfox,Andrew Miller,"Tradition is not the worship of ashes, but the preservation of fire.",Ireland,253,1427,2564,0,0,"{""_type"": ""snscrape.modules.twitter.User"", ""blue"": true, ""blueType"": null, ""created"": ""2013-11-30 04:28:11+00:00"", ""descriptionLinks"": [{""tcourl"": ""https://t.co/Uy1lcitGIr"", ""text"": ""andrewmiller.photography"", ""url"": ""http://www.andrewmiller.photography""}], ""displayname"": ""Andrew Miller"", ""favouritesCount"": 45982, ""followersCount"": 253, ""friendsCount"": 1427, ""id"": 2222453910, ""id_str"": ""2222453910"", ""listedCount"": 0, ""location"": ""Ireland"", ""mediaCount"": 103, ""pinnedIds"": [], ""profileBannerUrl"": ""https://pbs.twimg.com/profile_banners/2222453910/1395886601"", ""profileImageUrl"": ""https://pbs.twimg.com/profile_images/378800000809034291/909a05f9de41528ce5739cf664b9efc2_normal.png"", ""protected"": false, ""rawDescription"": ""Tradition is not the worship of ashes, but the preservation of fire."", ""statusesCount"": 2564, ""url"": ""https://x.com/swankfox"", ""username"": ""swankfox"", ""verified"": false}"
110,1123607039081615362,1283189576534831110,e5421ef2b751488bd684e8f3,a79dad57476e0704b5b7f94ea444fd2a,21,2026-10-08T14:58:24+00:00,Florenceschatz7,Florence schatz,Fell in love with Outlander the TV series and Diana Gabaldon’s books and have been hooked ever since. Love Sam’s and Caitriona’s work on TV and in movies.,👩‍🦳🌈🇺🇸😀,758,533,87790,0,0,"{""_type"": ""snscrape.modules.twitter.User"", ""blue"": false, ""blueType"": null, ""created"": ""2019-05-01 15:16:08+00:00"", ""descriptionLinks"": [], ""displayname"": ""Florence schatz"", ""favouritesCount"": 161428, ""followersCount"": 758, ""friendsCount"": 533, ""id"": 1123607039081615362, ""id_str"": ""1123607039081615362"", ""listedCount"": 0, ""location"": ""👩‍🦳🌈🇺🇸😀"", ""mediaCount"": 93, ""pinnedIds"": [], ""profileBannerUrl"": """", ""profileImageUrl"": ""https://pbs.twimg.com/profile_images/1388140655835295751/BKmxolTX_normal.jpg"", ""protected"": false, ""rawDescription"": ""Fell in love with Outlander the TV series and Diana Gabaldon’s books and have been hooked ever since. Love Sam’s and Caitriona’s work on TV and in movies."", ""statusesCount"": 87790, ""url"": ""https://x.com/Florenceschatz7"", ""username"": ""Florenceschatz7"", ""verified"": false}"
111,1221224524911403013,1282887247226908677,e5421ef2b751488bd684e8f3,a79dad57476e0704b5b7f94ea444fd2a,21,2026-10-08T14:58:24+00:00,EliFretes3,Eli Fretes,la vida es bella,,7,63,42,0,0,"{""_type"": ""snscrape.modules.twitter.User"", ""blue"": false, ""blueType"": null, ""created"": ""2020-01-26 00:13:48+00:00"", ""descriptionLinks"": [], ""displayname"": ""Eli Fretes"", ""favouritesCount"": 57, ""followersCount"": 7, ""friendsCount"": 63, ""id"": 1221224524911403013, ""id_str"": ""1221224524911403013"", ""listedCount"": 0, ""location"": """", ""mediaCount"": 9, ""pinnedIds"": [], ""profileBannerUrl"": """", ""profileImageUrl"": ""https://pbs.twimg.com/profile_images/1221236605412937733/U3MA6dV3_normal.jpg"", ""protected"": false, ""rawDescription"": ""la vida es bella"", ""statusesCount"": 42, ""url"": ""https://x.com/EliFretes3"", ""username"": ""EliFretes3"", ""verified"": false}"
112,17616232,1283166917604315142,e5421ef2b751488bd684e8f3,a79dad57476e0704b5b7f94ea444fd2a,21,2026-10-08T14:58:24+00:00,ItalyMagazine,Italy Magazine,An authentic take on all things Italy. For over 20 years we've inspired readers to incorporate the Italian lifestyle into their everyday life 🇮🇹,Italy,155970,1561,29101,0,0,"{""_type"": ""snscrape.modules.twitter.User"", ""blue"": false, ""blueType"": null, ""created"": ""2008-11-25 09:44:06+00:00"", ""descriptionLinks"": [{""tcourl"": ""https://t.co/LQApe1NDga"", ""text"": ""italymagazine.com"", ""url"": ""http://www.italymagazine.com""}], ""displayname"": ""Italy Magazine"", ""favouritesCount"": 3536, ""followersCount"": 155970, ""friendsCount"": 1561, ""id"": 17616232, ""id_str"": ""17616232"", ""listedCount"": 0, ""location"": ""Italy"", ""mediaCount"": 21298, ""pinnedIds"": [], ""profileBannerUrl"": ""https://pbs.twimg.com/profile_banners/17616232/1552915507"", ""profileImageUrl"": ""https://pbs.twimg.com/profile_images/1633378533509570563/jYVkGng4_normal.jpg"", ""protected"": false, ""rawDescription"": ""An authentic take on all things Italy. For over 20 years we've inspired readers to incorporate the Italian lifestyle into their everyday life 🇮🇹"", ""statusesCount"": 29101, ""url"": ""https://x.com/ItalyMagazine"", ""username"": ""ItalyMagazine"", ""verified"": false}"
113,1429316916,1283159157512658944,e5421ef2b751488bd684e8f3,a79dad57476e0704b5b7f94ea444fd2a,21,2026-10-08T14:58:24+00:00,fwithflorence,Friends with Florence,Good coffee. Good food. Panini & bagels.,3 wheaton road Melrose Park,1102,1191,10750,0,0,"{""_type"": ""snscrape.modules.twitter.User"", ""blue"": false, ""blueType"": null, ""created"": ""2013-05-15 02:25:10+00:00"", ""descriptionLinks"": [{""tcourl"": ""https://t.co/CyvZD1haIS"", ""text"": ""friendswithflorence.square.site"", ""url"": ""https://friendswithflorence.square.site""}], ""displayname"": ""Friends with Florence"", ""favouritesCount"": 22769, ""followersCount"": 1102, ""friendsCount"": 1191, ""id"": 1429316916, ""id_str"": ""1429316916"", ""listedCount"": 0, ""location"": ""3 wheaton road Melrose Park"", ""mediaCount"": 2004, ""pinnedIds"": [1679476388963942400], ""profileBannerUrl"": ""https://pbs.twimg.com/profile_banners/1429316916/1689253302"", ""profileImageUrl"": ""https://pbs.twimg.com/profile_images/1679476134428426240/JIDcOBl-_normal.jpg"", ""protected"": false, ""rawDescription"": ""Good coffee. Good food. Panini & bagels."", ""statusesCount"": 10750, ""url"": ""https://x.com/fwithflorence"", ""username"": ""fwithflorence"", ""verified"": false}"
114,826767320391548929,1283157885845897224,e5421ef2b751488bd684e8f3,a79dad57476e0704b5b7f94ea444fd2a,22,2026-10-08T14:58:41+00:00,OnahFlorenceI,ONAH FLORENCE,"Public health Professional, Humanitarian Worker,","Calabar, Nigeria",514,1371,796,0,0,"{""_type"": ""snscrape.modules.twitter.User"", ""blue"": false, ""blueType"": null, ""created"": ""2017-02-01 12:21:04+00:00"", ""descriptionLinks"": [{""tcourl"": ""https://t.co/wQlQBmytiX"", ""text"": ""floxytruth.org"", ""url"": ""http://www.floxytruth.org""}], ""displayname"": ""ONAH FLORENCE"", ""favouritesCount"": 1290, ""followersCount"": 514, ""friendsCount"": 1371, ""id"": 826767320391548929, ""id_str"": ""826767320391548929"", ""listedCount"": 0, ""location"": ""Calabar, Nigeria"", ""mediaCount"": 84, ""pinnedIds"": [], ""profileBannerUrl"": ""https://pbs.twimg.com/profile_banners/826767320391548929/1717290128"", ""profileImageUrl"": ""https://pbs.twimg.com/profile_images/1561720072615378950/3X6Q6tHJ_normal.jpg"", ""protected"": false, ""rawDescription"": ""Public health Professional, Humanitarian Worker,"", ""statusesCount"": 796, ""url"": ""https://x.com/OnahFlorenceI"", ""username"": ""OnahFlorenceI"", ""verified"": false}"
115,3220698090,1283145492902313986,e5421ef2b751488bd684e8f3,a79dad57476e0704b5b7f94ea444fd2a,22,2026-10-08T14:58:41+00:00,artofflorence,Florence 🏳️‍🌈Back at College 🏳️‍🌈,They/them | 26 | Freelance Illustrator | https://t.co/8k6aBpYIH3… | https://t.co/HE6cAmNxrc | Icon by @houteian | I don’t NFT,,909,360,5107,0,0,"{""_type"": ""snscrape.modules.twitter.User"", ""blue"": false, ""blueType"": null, ""created"": ""2015-05-19 20:32:42+00:00"", ""descriptionLinks"": [{""tcourl"": ""https://t.co/8k6aBpYIH3"", ""text"": ""Patreon.com/theartoffloren…"", ""url"": ""https://Patreon.com/theartofflorence""}, {""tcourl"": ""https://t.co/HE6cAmNxrc"", ""text"": ""curiouscat.qa/theartoffloren…"", ""url"": ""https://curiouscat.qa/theartofflorence""}, {""tcourl"": ""https://t.co/W3UNBRlNPO"", ""text"": ""artofflorence.bigcartel.com"", ""url"": ""http://artofflorence.bigcartel.com""}], ""displayname"": ""Florence 🏳️‍🌈Back at College 🏳️‍🌈"", ""favouritesCount"": 22201, ""followersCount"": 909, ""friendsCount"": 360, ""id"": 3220698090, ""id_str"": ""3220698090"", ""listedCount"": 0, ""location"": """", ""mediaCount"": 778, ""pinnedIds"": [1973417679756337235], ""profileBannerUrl"": ""https://pbs.twimg.com/profile_banners/3220698090/1610551553"", ""profileImageUrl"": ""https://pbs.twimg.com/profile_images/1280220690810130438/URfXZK1w_normal.jpg"", ""protected"": false, ""rawDescription"": ""They/them | 26 | Freelance Illustrator | https://t.co/8k6aBpYIH3… | https://t.co/HE6cAmNxrc | Icon by @houteian | I don’t NFT"", ""statusesCount"": 5107, ""url"": ""https://x.com/artofflorence"", ""username"": ""artofflorence"", ""verified"": false}"
116,625257510,1283129274384429063,e5421ef2b751488bd684e8f3,a79dad57476e0704b5b7f94ea444fd2a,22,2026-10-08T14:58:41+00:00,Palice1919,Florence,,,100,1721,6300,0,0,"{""_type"": ""snscrape.modules.twitter.User"", ""blue"": false, ""blueType"": null, ""created"": ""2012-07-03 02:11:24+00:00"", ""descriptionLinks"": [], ""displayname"": ""Florence"", ""favouritesCount"": 35594, ""followersCount"": 100, ""friendsCount"": 1721, ""id"": 625257510, ""id_str"": ""625257510"", ""listedCount"": 0, ""location"": """", ""mediaCount"": 23, ""pinnedIds"": [], ""profileBannerUrl"": ""https://pbs.twimg.com/profile_banners/625257510/1589371658"", ""profileImageUrl"": ""https://pbs.twimg.com/profile_images/1260547517781028866/AokCdO9P_normal.jpg"", ""protected"": false, ""rawDescription"": """", ""statusesCount"": 6300, ""url"": ""https://x.com/Palice1919"", ""username"": ""Palice1919"", ""verified"": false}"
117,184827510,1283094230680969217,e5421ef2b751488bd684e8f3,a79dad57476e0704b5b7f94ea444fd2a,22,2026-10-08T14:58:41+00:00,Corneliocmc,Cornelio “CJ” Monjarrez,"God, Aimee, Natalie and Jacob, F3 “Nurse Jackie,” Nicaragua, Puerto Rico. Believer of the American Dream! I own my tweets.","Florence, SC",236,298,968,0,0,"{""_type"": ""snscrape.modules.twitter.User"", ""blue"": false, ""blueType"": null, ""created"": ""2010-08-30 15:46:32+00:00"", ""descriptionLinks"": [], ""displayname"": ""Cornelio “CJ” Monjarrez"", ""favouritesCount"": 2773, ""followersCount"": 236, ""friendsCount"": 298, ""id"": 184827510, ""id_str"": ""184827510"", ""listedCount"": 0, ""location"": ""Florence, SC"", ""mediaCount"": 88, ""pinnedIds"": [], ""profileBannerUrl"": ""https://pbs.twimg.com/profile_banners/184827510/1538757913"", ""profileImageUrl"": ""https://pbs.twimg.com/profile_images/1174404044049321985/Q5UQD-4z_normal.jpg"", ""protected"": false, ""rawDescription"": ""God, Aimee, Natalie and Jacob, F3 “Nurse Jackie,” Nicaragua, Puerto Rico. Believer of the American Dream! I own my tweets."", ""statusesCount"": 968, ""url"": ""https://x.com/Corneliocmc"", ""username"": ""Corneliocmc"", ""verified"": false}"
118,2568087150,1283073380749660162,e5421ef2b751488bd684e8f3,a79dad57476e0704b5b7f94ea444fd2a,22,2026-10-08T14:58:41+00:00,FlorenceCarmela,Florence Carmela,Nationally Credentialed Broadcaster @TMZLive @FoxTV @NFL @CumulusMedia @WEBE108Radio @ESPN @TheVoiceofCT @iHeartRadio Founder & On-Air Host @_TheForumMedia,Connecticut ✈️ California,21571,2997,86430,0,0,"{""_type"": ""snscrape.modules.twitter.User"", ""blue"": true, ""blueType"": null, ""created"": ""2014-06-15 01:38:26+00:00"", ""descriptionLinks"": [{""tcourl"": ""https://t.co/vOcl901hnr"", ""text"": ""YOUTUBE.com/@TheForumMedia…"", ""url"": ""http://YOUTUBE.com/@TheForumMediaNetwork?si=liWri0lrWYxtx0dH""}], ""displayname"": ""Florence Carmela"", ""favouritesCount"": 321619, ""followersCount"": 21571, ""friendsCount"": 2997, ""id"": 2568087150, ""id_str"": ""2568087150"", ""listedCount"": 0, ""location"": ""Connecticut ✈️ California"", ""mediaCount"": 14947, ""pinnedIds"": [1746520623436759116], ""profileBannerUrl"": ""https://pbs.twimg.com/profile_banners/2568087150/1786741455"", ""profileImageUrl"": ""https://pbs.twimg.com/profile_images/2085038237446250497/d8smqL7g_normal.jpg"", ""protected"": false, ""rawDescription"": ""Nationally Credentialed Broadcaster @TMZLive @FoxTV @NFL @CumulusMedia @WEBE108Radio @ESPN @TheVoiceofCT @iHeartRadio Founder & On-Air Host @_TheForumMedia"", ""statusesCount"": 86430, ""url"": ""https://x.com/FlorenceCarmela"", ""username"": ""FlorenceCarmela"", ""verified"": false}"
119,262184640,1283068412344901634,e5421ef2b751488bd684e8f3,a79dad57476e0704b5b7f94ea444fd2a,22,2026-10-08T14:58:41+00:00,ljordanmusic,Louise Jordan,Songwriter performer teacher. Loves history & ale. Music on iTunes amazon https://t.co/hEYanqfbTM Current projects: Florence #TheHardWay @nopetticoats #PopUpPedestal,,1319,1090,7629,0,0,"{""_type"": ""snscrape.modules.twitter.User"", ""blue"": false, ""blueType"": null, ""created"": ""2011-03-07 14:54:48+00:00"", ""descriptionLinks"": [{""tcourl"": ""https://t.co/hEYanqfbTM"", ""text"": ""louisejordan.co.uk"", ""url"": ""http://louisejordan.co.uk""}, {""tcourl"": ""http://t.co/sW5mxIfdIm"", ""text"": ""louisejordan.co.uk"", ""url"": ""http://louisejordan.co.uk""}], ""displayname"": ""Louise Jordan"", ""favouritesCount"": 4452, ""followersCount"": 1319, ""friendsCount"": 1090, ""id"": 262184640, ""id_str"": ""262184640"", ""listedCount"": 0, ""location"": """", ""mediaCount"": 1202, ""pinnedIds"": [1435649244375957513], ""profileBannerUrl"": ""https://pbs.twimg.com/profile_banners/262184640/1589117068"", ""profileImageUrl"": ""https://pbs.twimg.com/profile_images/1259474377248292867/6OJn0HcB_normal.jpg"", ""protected"": false, ""rawDescription"": ""Songwriter performer teacher. Loves history & ale. Music on iTunes amazon https://t.co/hEYanqfbTM Current projects: Florence #TheHardWay @nopetticoats #PopUpPedestal"", ""statusesCount"": 7629, ""url"": ""https://x.com/ljordanmusic"", ""username"": ""ljordanmusic"", ""verified"": false}"
120,95467487,1283063720562786304,e5421ef2b751488bd684e8f3,a79dad57476e0704b5b7f94ea444fd2a,22,2026-10-08T14:58:41+00:00,mississaugalib,Mississauga Library,This account is no longer monitored. Check for updates at https://t.co/picJ91UTyZ.,"Mississauga, Canada",9261,151,15868,0,0,"{""_type"": ""snscrape.modules.twitter.User"", ""blue"": false, ""blueType"": null, ""created"": ""2009-12-08 17:53:15+00:00"", ""descriptionLinks"": [{""tcourl"": ""https://t.co/picJ91UTyZ"", ""text"": ""mississaugalibrary.ca"", ""url"": ""http://mississaugalibrary.ca""}, {""tcourl"": ""https://t.co/XFNmdu86L0"", ""text"": ""mississaugalibrary.ca"", ""url"": ""http://www.mississaugalibrary.ca""}], ""displayname"": ""Mississauga Library"", ""favouritesCount"": 3693, ""followersCount"": 9261, ""friendsCount"": 151, ""id"": 95467487, ""id_str"": ""95467487"", ""listedCount"": 0, ""location"": ""Mississauga, Canada"", ""mediaCount"": 6542, ""pinnedIds"": [2022315415091741110], ""profileBannerUrl"": """", ""profileImageUrl"": ""https://pbs.twimg.com/profile_images/1354167333556793344/HSvCTDSy_normal.jpg"", ""protected"": false, ""rawDescription"": ""This account is no longer monitored. Check for updates at https://t.co/picJ91UTyZ."", ""statusesCount"": 15868, ""url"": ""https://x.com/mississaugalib"", ""username"": ""mississaugalib"", ""verified"": false}"
121,187649719,1283046195707994118,e5421ef2b751488bd684e8f3,a79dad57476e0704b5b7f94ea444fd2a,22,2026-10-08T14:58:41+00:00,RBVECharity,Royal British Veterans Enterprise (RBVE),"We empower Britain’s bravest through jobs, homes, and communities. Home of the Tommy. Formerly RBLI.",UK,10520,1722,7462,0,0,"{""_type"": ""snscrape.modules.twitter.User"", ""blue"": true, ""blueType"": null, ""created"": ""2010-09-06 20:14:27+00:00"", ""descriptionLinks"": [{""tcourl"": ""https://t.co/A1UYlrd6ob"", ""text"": ""rbve.org.uk"", ""url"": ""https://rbve.org.uk/""}], ""displayname"": ""Royal British Veterans Enterprise (RBVE)"", ""favouritesCount"": 3213, ""followersCount"": 10520, ""friendsCount"": 1722, ""id"": 187649719, ""id_str"": ""187649719"", ""listedCount"": 0, ""location"": ""UK"", ""mediaCount"": 3326, ""pinnedIds"": [1989021402142244874], ""profileBannerUrl"": ""https://pbs.twimg.com/profile_banners/187649719/1763113666"", ""profileImageUrl"": ""https://pbs.twimg.com/profile_images/1989021013548437504/mRv22Z6l_normal.jpg"", ""protected"": false, ""rawDescription"": ""We empower Britain’s bravest through jobs, homes, and communities. Home of the Tommy. Formerly RBLI."", ""statusesCount"": 7462, ""url"": ""https://x.com/RBVECharity"", ""username"": ""RBVECharity"", ""verified"": false}"
123,19039713,1283040272625143809,e5421ef2b751488bd684e8f3,a79dad57476e0704b5b7f94ea444fd2a,22,2026-10-08T14:58:41+00:00,TheOneClub,The One Club for Creativity,👏Supporting & celebrating the global creative community ✏️One Show / ADC Awards / Young Ones / Young Guns / Next Creative Leaders + more,"New York, NY",54482,7045,23542,0,0,"{""_type"": ""snscrape.modules.twitter.User"", ""blue"": false, ""blueType"": null, ""created"": ""2009-01-15 21:23:44+00:00"", ""descriptionLinks"": [{""tcourl"": ""https://t.co/7a8Rc2vulM"", ""text"": ""oneclub.org"", ""url"": ""http://oneclub.org""}], ""displayname"": ""The One Club for Creativity"", ""favouritesCount"": 13433, ""followersCount"": 54482, ""friendsCount"": 7045, ""id"": 19039713, ""id_str"": ""19039713"", ""listedCount"": 0, ""location"": ""New York, NY"", ""mediaCount"": 5492, ""pinnedIds"": [1706754131237781806], ""profileBannerUrl"": ""https://pbs.twimg.com/profile_banners/19039713/1745440622"", ""profileImageUrl"": ""https://pbs.twimg.com/profile_images/877607051077312514/BZzJ1nRv_normal.jpg"", ""protected"": false, ""rawDescription"": ""👏Supporting & celebrating the global creative community ✏️One Show / ADC Awards / Young Ones / Young Guns / Next Creative Leaders + more"", ""statusesCount"": 23542, ""url"": ""https://x.com/TheOneClub"", ""username"": ""TheOneClub"", ""verified"": false}"
124,1260859821160402944,1283039363291590656,e5421ef2b751488bd684e8f3,a79dad57476e0704b5b7f94ea444fd2a,22,2026-10-08T14:58:41+00:00,YuchenFlorence,虞晨Florence,"💜Purple hair girl 22 中國人
#恋与制作人 #未定事件簿 #时空中的绘旅人 CNotomeplayer, spoiler⚠️
💝Share: games/dailylife/selfie
🥳personal acc, LOVE&PEACE 中/粤/ EN👌🏻
dm open",CN,796,487,3898,0,0,"{""_type"": ""snscrape.modules.twitter.User"", ""blue"": false, ""blueType"": null, ""created"": ""2020-05-14 09:09:48+00:00"", ""descriptionLinks"": [{""tcourl"": ""https://t.co/xCGNEZF9rH"", ""text"": ""m.me/YuchenFlorence"", ""url"": ""https://m.me/YuchenFlorence""}], ""displayname"": ""虞晨Florence"", ""favouritesCount"": 9285, ""followersCount"": 796, ""friendsCount"": 487, ""id"": 1260859821160402944, ""id_str"": ""1260859821160402944"", ""listedCount"": 0, ""location"": ""CN"", ""mediaCount"": 1128, ""pinnedIds"": [1302981872490745861], ""profileBannerUrl"": ""https://pbs.twimg.com/profile_banners/1260859821160402944/1605366678"", ""profileImageUrl"": ""https://pbs.twimg.com/profile_images/1485857418492129281/7sc6ygvc_normal.jpg"", ""protected"": false, ""rawDescription"": ""💜Purple hair girl 22 中國人\n#恋与制作人 #未定事件簿 #时空中的绘旅人 CNotomeplayer, spoiler⚠️\n💝Share: games/dailylife/selfie\n🥳personal acc, LOVE&PEACE 中/粤/ EN👌🏻\ndm open"", ""statusesCount"": 3898, ""url"": ""https://x.com/YuchenFlorence"", ""username"": ""YuchenFlorence"", ""verified"": false}"
126,1123607039081615362,1283014365357191169,e5421ef2b751488bd684e8f3,a79dad57476e0704b5b7f94ea444fd2a,22,2026-10-08T14:58:41+00:00,Florenceschatz7,Florence schatz,Fell in love with Outlander the TV series and Diana Gabaldon’s books and have been hooked ever since. Love Sam’s and Caitriona’s work on TV and in movies.,👩‍🦳🌈🇺🇸😀,758,533,87790,0,0,"{""_type"": ""snscrape.modules.twitter.User"", ""blue"": false, ""blueType"": null, ""created"": ""2019-05-01 15:16:08+00:00"", ""descriptionLinks"": [], ""displayname"": ""Florence schatz"", ""favouritesCount"": 161428, ""followersCount"": 758, ""friendsCount"": 533, ""id"": 1123607039081615362, ""id_str"": ""1123607039081615362"", ""listedCount"": 0, ""location"": ""👩‍🦳🌈🇺🇸😀"", ""mediaCount"": 93, ""pinnedIds"": [], ""profileBannerUrl"": """", ""profileImageUrl"": ""https://pbs.twimg.com/profile_images/1388140655835295751/BKmxolTX_normal.jpg"", ""protected"": false, ""rawDescription"": ""Fell in love with Outlander the TV series and Diana Gabaldon’s books and have been hooked ever since. Love Sam’s and Caitriona’s work on TV and in movies."", ""statusesCount"": 87790, ""url"": ""https://x.com/Florenceschatz7"", ""username"": ""Florenceschatz7"", ""verified"": false}"
127,440246069,1283006679047708674,e5421ef2b751488bd684e8f3,a79dad57476e0704b5b7f94ea444fd2a,22,2026-10-08T14:58:41+00:00,DPerwani,Deepak perwani,Part time actor. writer. film freak. designer constantly bored.,karachi ,57972,268,8109,0,0,"{""_type"": ""snscrape.modules.twitter.User"", ""blue"": false, ""blueType"": null, ""created"": ""2011-12-18 19:06:37+00:00"", ""descriptionLinks"": [{""tcourl"": ""https://t.co/uXCqa0mTvV"", ""text"": ""deepakperwani.com"", ""url"": ""http://www.deepakperwani.com""}], ""displayname"": ""Deepak perwani"", ""favouritesCount"": 8823, ""followersCount"": 57972, ""friendsCount"": 268, ""id"": 440246069, ""id_str"": ""440246069"", ""listedCount"": 0, ""location"": ""karachi "", ""mediaCount"": 582, ""pinnedIds"": [1584481192325177345], ""profileBannerUrl"": ""https://pbs.twimg.com/profile_banners/440246069/1742112284"", ""profileImageUrl"": ""https://pbs.twimg.com/profile_images/1982031193580122112/jNlMUQwP_normal.jpg"", ""protected"": false, ""rawDescription"": ""Part time actor. writer. film freak. designer constantly bored."", ""statusesCount"": 8109, ""url"": ""https://x.com/DPerwani"", ""username"": ""DPerwani"", ""verified"": false}"
128,104544412,1283002614439915521,e5421ef2b751488bd684e8f3,a79dad57476e0704b5b7f94ea444fd2a,22,2026-10-08T14:58:41+00:00,CollingsBerry,Emma Berry,"Chief correspondent @TheTDN, @BritishEBF chair, Beverley House Stables dogsbody. Words/photos via Collings Berry Media.",Suffolk or Sutherland,18508,1454,39623,0,0,"{""_type"": ""snscrape.modules.twitter.User"", ""blue"": false, ""blueType"": null, ""created"": ""2010-01-13 17:12:55+00:00"", ""descriptionLinks"": [{""tcourl"": ""https://t.co/S9RuinKIza"", ""text"": ""johnberryracing.com"", ""url"": ""http://www.johnberryracing.com""}], ""displayname"": ""Emma Berry"", ""favouritesCount"": 53116, ""followersCount"": 18508, ""friendsCount"": 1454, ""id"": 104544412, ""id_str"": ""104544412"", ""listedCount"": 0, ""location"": ""Suffolk or Sutherland"", ""mediaCount"": 6772, ""pinnedIds"": [1380779956238700546], ""profileBannerUrl"": ""https://pbs.twimg.com/profile_banners/104544412/1711562108"", ""profileImageUrl"": ""https://pbs.twimg.com/profile_images/1857034347934633984/0JUmZuOl_normal.jpg"", ""protected"": false, ""rawDescription"": ""Chief correspondent @TheTDN, @BritishEBF chair, Beverley House Stables dogsbody. Words/photos via Collings Berry Media."", ""statusesCount"": 39623, ""url"": ""https://x.com/CollingsBerry"", ""username"": ""CollingsBerry"", ""verified"": false}"
129,2342479320,1282992019875532803,e5421ef2b751488bd684e8f3,a79dad57476e0704b5b7f94ea444fd2a,22,2026-10-08T14:58:41+00:00,twsallthrough,The Westgate School,"Hampshire's First 4-16 'All Through' School
The Westgate School is a happy and vibrant community, where pupils are encouraged to aim for excellence (Ofsted)",Winchester,1741,26,3652,0,0,"{""_type"": ""snscrape.modules.twitter.User"", ""blue"": false, ""blueType"": null, ""created"": ""2014-02-13 19:33:56+00:00"", ""descriptionLinks"": [{""tcourl"": ""https://t.co/H7H3nNcSsm"", ""text"": ""westgate.hants.sch.uk"", ""url"": ""http://westgate.hants.sch.uk""}], ""displayname"": ""The Westgate School"", ""favouritesCount"": 258, ""followersCount"": 1741, ""friendsCount"": 26, ""id"": 2342479320, ""id_str"": ""2342479320"", ""listedCount"": 0, ""location"": ""Winchester"", ""mediaCount"": 1588, ""pinnedIds"": [], ""profileBannerUrl"": ""https://pbs.twimg.com/profile_banners/2342479320/1677599423"", ""profileImageUrl"": ""https://pbs.twimg.com/profile_images/1085494913855303680/IHX-fG58_normal.jpg"", ""protected"": false, ""rawDescription"": ""Hampshire's First 4-16 'All Through' School\nThe Westgate School is a happy and vibrant community, where pupils are encouraged to aim for excellence (Ofsted)"", ""statusesCount"": 3652, ""url"": ""https://x.com/twsallthrough"", ""username"": ""twsallthrough"", ""verified"": false}"
130,31506579,1282970044033466369,e5421ef2b751488bd684e8f3,a79dad57476e0704b5b7f94ea444fd2a,22,2026-10-08T14:58:41+00:00,nonsmoking,A Non Smoking G...,"Vi inspirerar, informerar och engagerar barn, ungdomar och vuxna för att skapa förutsättningar för unga att själva välja ett tobaksfritt liv.",,719,625,2914,0,0,"{""_type"": ""snscrape.modules.twitter.User"", ""blue"": false, ""blueType"": null, ""created"": ""2009-04-15 20:17:36+00:00"", ""descriptionLinks"": [{""tcourl"": ""https://t.co/0PszyKZEIQ"", ""text"": ""nonsmoking.se"", ""url"": ""http://nonsmoking.se""}], ""displayname"": ""A Non Smoking G..."", ""favouritesCount"": 2152, ""followersCount"": 719, ""friendsCount"": 625, ""id"": 31506579, ""id_str"": ""31506579"", ""listedCount"": 0, ""location"": """", ""mediaCount"": 638, ""pinnedIds"": [1895006137482686681], ""profileBannerUrl"": ""https://pbs.twimg.com/profile_banners/31506579/1728831293"", ""profileImageUrl"": ""https://pbs.twimg.com/profile_images/1587046450327945216/mWoJn86m_normal.jpg"", ""protected"": false, ""rawDescription"": ""Vi inspirerar, informerar och engagerar barn, ungdomar och vuxna för att skapa förutsättningar för unga att själva välja ett tobaksfritt liv."", ""statusesCount"": 2914, ""url"": ""https://x.com/nonsmoking"", ""username"": ""nonsmoking"", ""verified"": false}"
131,952528141116956672,1282963830319067137,e5421ef2b751488bd684e8f3,a79dad57476e0704b5b7f94ea444fd2a,22,2026-10-08T14:58:41+00:00,florence_rattle,Florence Rattle 💚🤍💜,"Sex is observed at birth. Gender is the problem, not the solution. #Womenwontwheesht",,987,1108,9080,0,0,"{""_type"": ""snscrape.modules.twitter.User"", ""blue"": false, ""blueType"": null, ""created"": ""2018-01-14 13:09:40+00:00"", ""descriptionLinks"": [], ""displayname"": ""Florence Rattle 💚🤍💜"", ""favouritesCount"": 66327, ""followersCount"": 987, ""friendsCount"": 1108, ""id"": 952528141116956672, ""id_str"": ""952528141116956672"", ""listedCount"": 0, ""location"": """", ""mediaCount"": 238, ""pinnedIds"": [], ""profileBannerUrl"": ""https://pbs.twimg.com/profile_banners/952528141116956672/1623011096"", ""profileImageUrl"": ""https://pbs.twimg.com/profile_images/1400539573298634752/RkkTEqhv_normal.jpg"", ""protected"": false, ""rawDescription"": ""Sex is observed at birth. Gender is the problem, not the solution. #Womenwontwheesht"", ""statusesCount"": 9080, ""url"": ""https://x.com/florence_rattle"", ""username"": ""florence_rattle"", ""verified"": false}"
133,31767312,1282949698907787264,e5421ef2b751488bd684e8f3,a79dad57476e0704b5b7f94ea444fd2a,22,2026-10-08T14:58:41+00:00,robertflorence,RAB FLORENCE,a writer,"Brooklyn, NY",47771,1687,125962,0,0,"{""_type"": ""snscrape.modules.twitter.User"", ""blue"": false, ""blueType"": null, ""created"": ""2009-04-16 13:01:01+00:00"", ""descriptionLinks"": [{""tcourl"": ""https://t.co/Sl88fw4O4p"", ""text"": ""linktr.ee/robertflorence"", ""url"": ""https://linktr.ee/robertflorence""}], ""displayname"": ""RAB FLORENCE"", ""favouritesCount"": 7375, ""followersCount"": 47771, ""friendsCount"": 1687, ""id"": 31767312, ""id_str"": ""31767312"", ""listedCount"": 0, ""location"": ""Brooklyn, NY"", ""mediaCount"": 8601, ""pinnedIds"": [], ""profileBannerUrl"": ""https://pbs.twimg.com/profile_banners/31767312/1500627190"", ""profileImageUrl"": ""https://pbs.twimg.com/profile_images/1632488668886622208/7qcmJ8B5_normal.jpg"", ""protected"": false, ""rawDescription"": ""a writer"", ""statusesCount"": 125962, ""url"": ""https://x.com/robertflorence"", ""username"": ""robertflorence"", ""verified"": false}"
134,3223866177,1282947944572952577,e5421ef2b751488bd684e8f3,a79dad57476e0704b5b7f94ea444fd2a,22,2026-10-08T14:58:41+00:00,BBCScotLearn,BBC Scotland Learning,"The official Twitter account for BBC Scotland Learning - Bitesize, The L.A.B., Authors Live, Schools Radio and more for learners in Scotland","Pacific Quay, Glasgow",17748,6880,8362,0,0,"{""_type"": ""snscrape.modules.twitter.User"", ""blue"": false, ""blueType"": null, ""created"": ""2015-04-30 08:51:00+00:00"", ""descriptionLinks"": [{""tcourl"": ""https://t.co/yxuQ79Y9rT"", ""text"": ""bbc.co.uk/scotlandlearni…"", ""url"": ""http://www.bbc.co.uk/scotlandlearning""}], ""displayname"": ""BBC Scotland Learning"", ""favouritesCount"": 9406, ""followersCount"": 17748, ""friendsCount"": 6880, ""id"": 3223866177, ""id_str"": ""3223866177"", ""listedCount"": 0, ""location"": ""Pacific Quay, Glasgow"", ""mediaCount"": 4036, ""pinnedIds"": [1912385473710027046], ""profileBannerUrl"": ""https://pbs.twimg.com/profile_banners/3223866177/1681993425"", ""profileImageUrl"": ""https://pbs.twimg.com/profile_images/1650420321139277826/c3YFhngd_normal.jpg"", ""protected"": false, ""rawDescription"": ""The official Twitter account for BBC Scotland Learning - Bitesize, The L.A.B., Authors Live, Schools Radio and more for learners in Scotland"", ""statusesCount"": 8362, ""url"": ""https://x.com/BBCScotLearn"", ""username"": ""BBCScotLearn"", ""verified"": false}"
135,190226956,1282942446398136320,e5421ef2b751488bd684e8f3,a79dad57476e0704b5b7f94ea444fd2a,23,2026-10-08T14:58:56+00:00,cherubinvinuya,Florence,"i love fish tofu and tortang talong, also pad thai.",Mandaluyong,1231,674,69556,0,0,"{""_type"": ""snscrape.modules.twitter.User"", ""blue"": false, ""blueType"": null, ""created"": ""2010-09-13 12:17:01+00:00"", ""descriptionLinks"": [{""tcourl"": ""https://t.co/uyQY6fmeDw"", ""text"": ""instagram.com/cherubinvinuya/"", ""url"": ""https://www.instagram.com/cherubinvinuya/""}], ""displayname"": ""Florence"", ""favouritesCount"": 146738, ""followersCount"": 1231, ""friendsCount"": 674, ""id"": 190226956, ""id_str"": ""190226956"", ""listedCount"": 0, ""location"": ""Mandaluyong"", ""mediaCount"": 4078, ""pinnedIds"": [1630074082585878529], ""profileBannerUrl"": ""https://pbs.twimg.com/profile_banners/190226956/1681302354"", ""profileImageUrl"": ""https://pbs.twimg.com/profile_images/1775043074194083840/Wtor_UTJ_normal.jpg"", ""protected"": false, ""rawDescription"": ""i love fish tofu and tortang talong, also pad thai."", ""statusesCount"": 69556, ""url"": ""https://x.com/cherubinvinuya"", ""username"": ""cherubinvinuya"", ""verified"": false}"
136,22647546,1282933110808678400,e5421ef2b751488bd684e8f3,a79dad57476e0704b5b7f94ea444fd2a,23,2026-10-08T14:58:56+00:00,ArtTropeGallery,ART TROPE GALLERY,@ArtTropeGallery curated by @VirginieTison has for vocation to provide innovative long-term support to its artists & develop opportunities #artlovers #artists,Paris & Arles,503,833,1242,0,0,"{""_type"": ""snscrape.modules.twitter.User"", ""blue"": false, ""blueType"": null, ""created"": ""2009-03-03 17:19:03+00:00"", ""descriptionLinks"": [{""tcourl"": ""https://t.co/IILiXEx75m"", ""text"": ""art-tropegallery.com"", ""url"": ""https://www.art-tropegallery.com/""}], ""displayname"": ""ART TROPE GALLERY"", ""favouritesCount"": 1469, ""followersCount"": 503, ""friendsCount"": 833, ""id"": 22647546, ""id_str"": ""22647546"", ""listedCount"": 0, ""location"": ""Paris & Arles"", ""mediaCount"": 714, ""pinnedIds"": [], ""profileBannerUrl"": ""https://pbs.twimg.com/profile_banners/22647546/1787671605"", ""profileImageUrl"": ""https://pbs.twimg.com/profile_images/1413502308084641794/zCqEEtFv_normal.jpg"", ""protected"": false, ""rawDescription"": ""@ArtTropeGallery curated by @VirginieTison has for vocation to provide innovative long-term support to its artists & develop opportunities #artlovers #artists"", ""statusesCount"": 1242, ""url"": ""https://x.com/ArtTropeGallery"", ""username"": ""ArtTropeGallery"", ""verified"": false}"
137,27294328,1282925817731768320,e5421ef2b751488bd684e8f3,a79dad57476e0704b5b7f94ea444fd2a,23,2026-10-08T14:58:56+00:00,ClueHeywood,Clue Heywood,"""Have you seen a 5-year-old boy, blond hair, and he's wearing a t-shirt that says 'bullshit' on it?"" Dive Bar Advocate. Also, fuck MAGA. clueheywood@gmail.com","Arizona, USA",57692,457,254227,0,0,"{""_type"": ""snscrape.modules.twitter.User"", ""blue"": false, ""blueType"": null, ""created"": ""2009-03-28 19:46:31+00:00"", ""descriptionLinks"": [], ""displayname"": ""Clue Heywood"", ""favouritesCount"": 380113, ""followersCount"": 57692, ""friendsCount"": 457, ""id"": 27294328, ""id_str"": ""27294328"", ""listedCount"": 0, ""location"": ""Arizona, USA"", ""mediaCount"": 17568, ""pinnedIds"": [642012166757814273], ""profileBannerUrl"": ""https://pbs.twimg.com/profile_banners/27294328/1704774890"", ""profileImageUrl"": ""https://pbs.twimg.com/profile_images/1744578366869807104/kbd7Qc7G_normal.jpg"", ""protected"": false, ""rawDescription"": ""\""Have you seen a 5-year-old boy, blond hair, and he's wearing a t-shirt that says 'bullshit' on it?\"" Dive Bar Advocate. Also, fuck MAGA. clueheywood@gmail.com"", ""statusesCount"": 254227, ""url"": ""https://x.com/ClueHeywood"", ""username"": ""ClueHeywood"", ""verified"": false}"
138,1013321524273602560,1282918932962332674,e5421ef2b751488bd684e8f3,a79dad57476e0704b5b7f94ea444fd2a,23,2026-10-08T14:58:56+00:00,vampflore,florence,23 he 🇨🇦🪶・ ficto/夢男子 ・ mainly oc/selfship art・🔥🌹・🐂🦑 ・ icon/middymidmid ・ COMM info➡️straw/linktree ・🔑@vampfloor,,1525,48,7136,0,0,"{""_type"": ""snscrape.modules.twitter.User"", ""blue"": false, ""blueType"": null, ""created"": ""2018-07-01 07:20:52+00:00"", ""descriptionLinks"": [{""tcourl"": ""https://t.co/8cf6UDkHmJ"", ""text"": ""vampflore.straw.page"", ""url"": ""https://vampflore.straw.page/""}], ""displayname"": ""florence"", ""favouritesCount"": 7545, ""followersCount"": 1525, ""friendsCount"": 48, ""id"": 1013321524273602560, ""id_str"": ""1013321524273602560"", ""listedCount"": 0, ""location"": """", ""mediaCount"": 1591, ""pinnedIds"": [2086110202059735410], ""profileBannerUrl"": ""https://pbs.twimg.com/profile_banners/1013321524273602560/1779940829"", ""profileImageUrl"": ""https://pbs.twimg.com/profile_images/2084090053412708352/bW068Rfh_normal.jpg"", ""protected"": false, ""rawDescription"": ""23 he 🇨🇦🪶・ ficto/夢男子 ・ mainly oc/selfship art・🔥🌹・🐂🦑 ・ icon/middymidmid ・ COMM info➡️straw/linktree ・🔑@vampfloor"", ""statusesCount"": 7136, ""url"": ""https://x.com/vampflore"", ""username"": ""vampflore"", ""verified"": false}"
139,1239131847604355074,1282879854665363457,e5421ef2b751488bd684e8f3,a79dad57476e0704b5b7f94ea444fd2a,23,2026-10-08T14:58:56+00:00,inlovewithflo,florence pugh enthusiast,From The River To The Sea Palestine Will Be Free 🇵🇸🇵🇸🇵🇸🇵🇸,she/her dec02' mixed,1320,1104,22775,0,0,"{""_type"": ""snscrape.modules.twitter.User"", ""blue"": false, ""blueType"": null, ""created"": ""2020-03-15 10:10:38+00:00"", ""descriptionLinks"": [], ""displayname"": ""florence pugh enthusiast"", ""favouritesCount"": 70436, ""followersCount"": 1320, ""friendsCount"": 1104, ""id"": 1239131847604355074, ""id_str"": ""1239131847604355074"", ""listedCount"": 0, ""location"": ""she/her dec02' mixed"", ""mediaCount"": 2463, ""pinnedIds"": [1968446821006520412], ""profileBannerUrl"": ""https://pbs.twimg.com/profile_banners/1239131847604355074/1758155355"", ""profileImageUrl"": ""https://pbs.twimg.com/profile_images/1968720742717255680/DKxFvO-L_normal.jpg"", ""protected"": false, ""rawDescription"": ""From The River To The Sea Palestine Will Be Free 🇵🇸🇵🇸🇵🇸🇵🇸"", ""statusesCount"": 22775, ""url"": ""https://x.com/inlovewithflo"", ""username"": ""inlovewithflo"", ""verified"": false}"
140,2441278684,1282879297544425472,e5421ef2b751488bd684e8f3,a79dad57476e0704b5b7f94ea444fd2a,23,2026-10-08T14:58:56+00:00,MCF6Reese,Ms. Florence Grandson🕊🌹,HundoWorld🌍LekoLand🕊NGB4L#GLG🚦 #R.i.p.Scrap’nPat MCF #LLK2 #DBL #GMC #TTG,Da Ville',1002,1235,57155,0,0,"{""_type"": ""snscrape.modules.twitter.User"", ""blue"": false, ""blueType"": null, ""created"": ""2014-03-28 03:49:18+00:00"", ""descriptionLinks"": [], ""displayname"": ""Ms. Florence Grandson🕊🌹"", ""favouritesCount"": 130610, ""followersCount"": 1002, ""friendsCount"": 1235, ""id"": 2441278684, ""id_str"": ""2441278684"", ""listedCount"": 0, ""location"": ""Da Ville'"", ""mediaCount"": 484, ""pinnedIds"": [1679938707636330497], ""profileBannerUrl"": ""https://pbs.twimg.com/profile_banners/2441278684/1648355091"", ""profileImageUrl"": ""https://pbs.twimg.com/profile_images/1922647215056506880/7TdJia3O_normal.jpg"", ""protected"": false, ""rawDescription"": ""HundoWorld🌍LekoLand🕊NGB4L#GLG🚦 #R.i.p.Scrap’nPat MCF #LLK2 #DBL #GMC #TTG"", ""statusesCount"": 57155, ""url"": ""https://x.com/MCF6Reese"", ""username"": ""MCF6Reese"", ""verified"": false}"
141,1155861459131408385,1282878501121667072,e5421ef2b751488bd684e8f3,a79dad57476e0704b5b7f94ea444fd2a,23,2026-10-08T14:58:56+00:00,Rani0714,Rani07,What you give is what you get *Coffee is life *Everything Chris Stapleton* ☘️☘️,"New York, USA",569,786,8515,0,0,"{""_type"": ""snscrape.modules.twitter.User"", ""blue"": false, ""blueType"": null, ""created"": ""2019-07-29 15:23:41+00:00"", ""descriptionLinks"": [], ""displayname"": ""Rani07"", ""favouritesCount"": 54302, ""followersCount"": 569, ""friendsCount"": 786, ""id"": 1155861459131408385, ""id_str"": ""1155861459131408385"", ""listedCount"": 0, ""location"": ""New York, USA"", ""mediaCount"": 818, ""pinnedIds"": [1516401512158744578], ""profileBannerUrl"": ""https://pbs.twimg.com/profile_banners/1155861459131408385/1575130322"", ""profileImageUrl"": ""https://pbs.twimg.com/profile_images/1210350095549521920/cRQxKXPW_normal.jpg"", ""protected"": false, ""rawDescription"": ""What you give is what you get *Coffee is life *Everything Chris Stapleton* ☘️☘️"", ""statusesCount"": 8515, ""url"": ""https://x.com/Rani0714"", ""username"": ""Rani0714"", ""verified"": false}"
142,4381602013,1252336711918432258,e5421ef2b751488bd684e8f3,a79dad57476e0704b5b7f94ea444fd2a,23,2026-10-08T14:58:56+00:00,isohavok,ISO,"Connecting the dots. SF, politics, tech, robotics, marketing, web dev, design, photography, audiophile, osint, EDM. 🇺🇸🇵🇱","San Francisco, CA",441,2702,11029,0,0,"{""_type"": ""snscrape.modules.twitter.User"", ""blue"": true, ""blueType"": null, ""created"": ""2015-11-27 21:42:17+00:00"", ""descriptionLinks"": [], ""displayname"": ""ISO"", ""favouritesCount"": 38248, ""followersCount"": 441, ""friendsCount"": 2702, ""id"": 4381602013, ""id_str"": ""4381602013"", ""listedCount"": 0, ""location"": ""San Francisco, CA"", ""mediaCount"": 223, ""pinnedIds"": [], ""profileBannerUrl"": ""https://pbs.twimg.com/profile_banners/4381602013/1753649544"", ""profileImageUrl"": ""https://pbs.twimg.com/profile_images/1949518015131000832/cucgELLA_normal.jpg"", ""protected"": false, ""rawDescription"": ""Connecting the dots. SF, politics, tech, robotics, marketing, web dev, design, photography, audiophile, osint, EDM. 🇺🇸🇵🇱"", ""statusesCount"": 11029, ""url"": ""https://x.com/isohavok"", ""username"": ""isohavok"", ""verified"": false}"
143,1256837533201248256,1282829711182385154,e5421ef2b751488bd684e8f3,a79dad57476e0704b5b7f94ea444fd2a,23,2026-10-08T14:58:56+00:00,momma_floren_,Florence,Text me on whatsapp baby ❤️ +1(209)260-6742,"St Louis, MO",4149,4607,26845,0,0,"{""_type"": ""snscrape.modules.twitter.User"", ""blue"": false, ""blueType"": null, ""created"": ""2020-05-03 06:46:41+00:00"", ""descriptionLinks"": [], ""displayname"": ""Florence"", ""favouritesCount"": 14277, ""followersCount"": 4149, ""friendsCount"": 4607, ""id"": 1256837533201248256, ""id_str"": ""1256837533201248256"", ""listedCount"": 0, ""location"": ""St Louis, MO"", ""mediaCount"": 1788, ""pinnedIds"": [1439324668494745601], ""profileBannerUrl"": ""https://pbs.twimg.com/profile_banners/1256837533201248256/1631993388"", ""profileImageUrl"": ""https://pbs.twimg.com/profile_images/1442558546210611204/HiaupLKM_normal.jpg"", ""protected"": false, ""rawDescription"": ""Text me on whatsapp baby ❤️ +1(209)260-6742"", ""statusesCount"": 26845, ""url"": ""https://x.com/momma_floren_"", ""username"": ""momma_floren_"", ""verified"": false}"
144,929566849875853312,1282822778240987136,e5421ef2b751488bd684e8f3,a79dad57476e0704b5b7f94ea444fd2a,23,2026-10-08T14:58:56+00:00,AntiSulla,Florence,"Just a concerned citizen. #PostcardsToVoters #Bluewave @Stephmillershow No unsolicited DM’s, pls.",,1216,3067,9113,0,0,"{""_type"": ""snscrape.modules.twitter.User"", ""blue"": false, ""blueType"": null, ""created"": ""2017-11-12 04:29:42+00:00"", ""descriptionLinks"": [], ""displayname"": ""Florence"", ""favouritesCount"": 11437, ""followersCount"": 1216, ""friendsCount"": 3067, ""id"": 929566849875853312, ""id_str"": ""929566849875853312"", ""listedCount"": 0, ""location"": """", ""mediaCount"": 166, ""pinnedIds"": [], ""profileBannerUrl"": ""https://pbs.twimg.com/profile_banners/929566849875853312/1517122035"", ""profileImageUrl"": ""https://pbs.twimg.com/profile_images/1348122767124701185/RnNAIPgr_normal.jpg"", ""protected"": false, ""rawDescription"": ""Just a concerned citizen. #PostcardsToVoters #Bluewave @Stephmillershow No unsolicited DM’s, pls."", ""statusesCount"": 9113, ""url"": ""https://x.com/AntiSulla"", ""username"": ""AntiSulla"", ""verified"": false}"
145,3148057303,1282821343457812481,e5421ef2b751488bd684e8f3,a79dad57476e0704b5b7f94ea444fd2a,23,2026-10-08T14:58:56+00:00,foxmuldervevo,florence welch’s promotion manager 🪉🔻,"disney’s first openly gay character. they/her 🇲🇽 elle/ella | blm, abolish the police, #FreeThemAll and #FreePalestine 🍉| 💍 @badgender",philly,427,577,34358,0,0,"{""_type"": ""snscrape.modules.twitter.User"", ""blue"": false, ""blueType"": null, ""created"": ""2015-04-10 13:07:23+00:00"", ""descriptionLinks"": [{""tcourl"": ""https://t.co/a4aGNOSUP5"", ""text"": ""phillybailfund.org"", ""url"": ""http://phillybailfund.org""}], ""displayname"": ""florence welch’s promotion manager 🪉🔻"", ""favouritesCount"": 80841, ""followersCount"": 427, ""friendsCount"": 577, ""id"": 3148057303, ""id_str"": ""3148057303"", ""listedCount"": 0, ""location"": ""philly"", ""mediaCount"": 3549, ""pinnedIds"": [1109059082986622977], ""profileBannerUrl"": ""https://pbs.twimg.com/profile_banners/3148057303/1761834660"", ""profileImageUrl"": ""https://pbs.twimg.com/profile_images/1794133297921933312/HgzzFCN-_normal.jpg"", ""protected"": false, ""rawDescription"": ""disney’s first openly gay character. they/her 🇲🇽 elle/ella | blm, abolish the police, #FreeThemAll and #FreePalestine 🍉| 💍 @badgender"", ""statusesCount"": 34358, ""url"": ""https://x.com/foxmuldervevo"", ""username"": ""foxmuldervevo"", ""verified"": false}"
146,1229284816325160961,1282803650499194880,e5421ef2b751488bd684e8f3,a79dad57476e0704b5b7f94ea444fd2a,23,2026-10-08T14:58:56+00:00,stan4Legends,Florence🥀,"Rip my heart out and leave On the floor, watch me bleed🥀",she/her,1050,1427,10434,0,0,"{""_type"": ""snscrape.modules.twitter.User"", ""blue"": false, ""blueType"": null, ""created"": ""2020-02-17 06:02:04+00:00"", ""descriptionLinks"": [{""tcourl"": ""https://t.co/IIHNEFo3xC"", ""text"": ""suicide.org/international-…"", ""url"": ""http://www.suicide.org/international-suicide-hotlines.html""}], ""displayname"": ""Florence🥀"", ""favouritesCount"": 9846, ""followersCount"": 1050, ""friendsCount"": 1427, ""id"": 1229284816325160961, ""id_str"": ""1229284816325160961"", ""listedCount"": 0, ""location"": ""she/her"", ""mediaCount"": 382, ""pinnedIds"": [1253853074613026816], ""profileBannerUrl"": ""https://pbs.twimg.com/profile_banners/1229284816325160961/1619373310"", ""profileImageUrl"": ""https://pbs.twimg.com/profile_images/1386377739297505284/FMAY6AXp_normal.jpg"", ""protected"": false, ""rawDescription"": ""Rip my heart out and leave On the floor, watch me bleed🥀"", ""statusesCount"": 10434, ""url"": ""https://x.com/stan4Legends"", ""username"": ""stan4Legends"", ""verified"": false}"
148,2994179314,1282769743469043715,e5421ef2b751488bd684e8f3,a79dad57476e0704b5b7f94ea444fd2a,23,2026-10-08T14:58:56+00:00,Flomellynews,Florence Melly Community Primary School,"We are a community primary school in Liverpool. Our core values (DREAMS) are at the heart of everything we do! If you can DREAM it, you can do it!","Liverpool, England",2116,445,11791,0,0,"{""_type"": ""snscrape.modules.twitter.User"", ""blue"": false, ""blueType"": null, ""created"": ""2015-01-23 13:32:20+00:00"", ""descriptionLinks"": [{""tcourl"": ""https://t.co/KpV7LSrspz"", ""text"": ""florencemelly.org"", ""url"": ""https://florencemelly.org""}], ""displayname"": ""Florence Melly Community Primary School"", ""favouritesCount"": 3893, ""followersCount"": 2116, ""friendsCount"": 445, ""id"": 2994179314, ""id_str"": ""2994179314"", ""listedCount"": 0, ""location"": ""Liverpool, England"", ""mediaCount"": 8626, ""pinnedIds"": [], ""profileBannerUrl"": ""https://pbs.twimg.com/profile_banners/2994179314/1632391801"", ""profileImageUrl"": ""https://pbs.twimg.com/profile_images/1440979862043381766/7g7R5a4Q_normal.jpg"", ""protected"": false, ""rawDescription"": ""We are a community primary school in Liverpool. Our core values (DREAMS) are at the heart of everything we do! If you can DREAM it, you can do it!"", ""statusesCount"": 11791, ""url"": ""https://x.com/Flomellynews"", ""username"": ""Flomellynews"", ""verified"": false}"
149,721824355819229184,1282761011456389121,e5421ef2b751488bd684e8f3,a79dad57476e0704b5b7f94ea444fd2a,23,2026-10-08T14:58:56+00:00,YMLA_Florence,YMLA@Florence,"YMLA@Florence is dedicated to teaching the young men of Pleasant Grove, TX the skills they will need to be leaders in their communities and successful in life.","Dallas, TX",591,384,1277,0,0,"{""_type"": ""snscrape.modules.twitter.User"", ""blue"": false, ""blueType"": null, ""created"": ""2016-04-17 22:15:12+00:00"", ""descriptionLinks"": [{""tcourl"": ""https://t.co/23gXoaNP9e"", ""text"": ""dallasisd.org/Domain/419"", ""url"": ""https://www.dallasisd.org/Domain/419""}], ""displayname"": ""YMLA@Florence"", ""favouritesCount"": 1808, ""followersCount"": 591, ""friendsCount"": 384, ""id"": 721824355819229184, ""id_str"": ""721824355819229184"", ""listedCount"": 0, ""location"": ""Dallas, TX"", ""mediaCount"": 660, ""pinnedIds"": [], ""profileBannerUrl"": ""https://pbs.twimg.com/profile_banners/721824355819229184/1759604277"", ""profileImageUrl"": ""https://pbs.twimg.com/profile_images/721827264036405249/-n45W1ZP_normal.jpg"", ""protected"": false, ""rawDescription"": ""YMLA@Florence is dedicated to teaching the young men of Pleasant Grove, TX the skills they will need to be leaders in their communities and successful in life."", ""statusesCount"": 1277, ""url"": ""https://x.com/YMLA_Florence"", ""username"": ""YMLA_Florence"", ""verified"": false}"
150,1009211625667260421,1282755227033104385,e5421ef2b751488bd684e8f3,a79dad57476e0704b5b7f94ea444fd2a,23,2026-10-08T14:58:56+00:00,florencemadenga,Dr. Florence Madenga,"Assistant prof @BostonCollege, sometimes I write things","Boston, MA",476,1359,706,0,0,"{""_type"": ""snscrape.modules.twitter.User"", ""blue"": false, ""blueType"": null, ""created"": ""2018-06-19 23:09:36+00:00"", ""descriptionLinks"": [], ""displayname"": ""Dr. Florence Madenga"", ""favouritesCount"": 14484, ""followersCount"": 476, ""friendsCount"": 1359, ""id"": 1009211625667260421, ""id_str"": ""1009211625667260421"", ""listedCount"": 0, ""location"": ""Boston, MA"", ""mediaCount"": 48, ""pinnedIds"": [], ""profileBannerUrl"": ""https://pbs.twimg.com/profile_banners/1009211625667260421/1553565167"", ""profileImageUrl"": ""https://pbs.twimg.com/profile_images/1839711629765668864/ddwrouWw_normal.jpg"", ""protected"": false, ""rawDescription"": ""Assistant prof @BostonCollege, sometimes I write things"", ""statusesCount"": 706, ""url"": ""https://x.com/florencemadenga"", ""username"": ""florencemadenga"", ""verified"": false}"
151,1249091185915973633,1282742695304343553,e5421ef2b751488bd684e8f3,a79dad57476e0704b5b7f94ea444fd2a,23,2026-10-08T14:58:56+00:00,wormybel,spooky scary beleton,cat mum + trinket collector,she/her | 24 | 🏴󠁧󠁢󠁷󠁬󠁳󠁿,684,637,15920,0,0,"{""_type"": ""snscrape.modules.twitter.User"", ""blue"": false, ""blueType"": null, ""created"": ""2020-04-11 21:45:25+00:00"", ""descriptionLinks"": [], ""displayname"": ""spooky scary beleton"", ""favouritesCount"": 9311, ""followersCount"": 684, ""friendsCount"": 637, ""id"": 1249091185915973633, ""id_str"": ""1249091185915973633"", ""listedCount"": 0, ""location"": ""she/her | 24 | 🏴󠁧󠁢󠁷󠁬󠁳󠁿"", ""mediaCount"": 2685, ""pinnedIds"": [1548415757054140422], ""profileBannerUrl"": ""https://pbs.twimg.com/profile_banners/1249091185915973633/1787395314"", ""profileImageUrl"": ""https://pbs.twimg.com/profile_images/2091113570222112768/jj_Xcyyy_normal.jpg"", ""protected"": false, ""rawDescription"": ""cat mum + trinket collector"", ""statusesCount"": 15920, ""url"": ""https://x.com/wormybel"", ""username"": ""wormybel"", ""verified"": false}"
152,826678350353608705,1282735095334535171,e5421ef2b751488bd684e8f3,a79dad57476e0704b5b7f94ea444fd2a,23,2026-10-08T14:58:56+00:00,_nyhomie,florence pugh stan acct,she / her,"Ohio, USA",199,180,12360,0,0,"{""_type"": ""snscrape.modules.twitter.User"", ""blue"": false, ""blueType"": null, ""created"": ""2017-02-01 06:27:32+00:00"", ""descriptionLinks"": [], ""displayname"": ""florence pugh stan acct"", ""favouritesCount"": 11951, ""followersCount"": 199, ""friendsCount"": 180, ""id"": 826678350353608705, ""id_str"": ""826678350353608705"", ""listedCount"": 0, ""location"": ""Ohio, USA"", ""mediaCount"": 708, ""pinnedIds"": [877002709743714304], ""profileBannerUrl"": ""https://pbs.twimg.com/profile_banners/826678350353608705/1622351750"", ""profileImageUrl"": ""https://pbs.twimg.com/profile_images/1476306817311461378/doDW6UAK_normal.jpg"", ""protected"": false, ""rawDescription"": ""she / her"", ""statusesCount"": 12360, ""url"": ""https://x.com/_nyhomie"", ""username"": ""_nyhomie"", ""verified"": false}"
153,21055909,1282734671588196353,e5421ef2b751488bd684e8f3,a79dad57476e0704b5b7f94ea444fd2a,23,2026-10-08T14:58:56+00:00,JoshBLevesque,Josh Levesque,"Mostly horror stuff with a bit of Dodger baseball. Writer. Comedian.
1/4 of The Creep-O-Rama Podcast | 235k on TikTok",Los Angeles,2670,3188,22972,0,0,"{""_type"": ""snscrape.modules.twitter.User"", ""blue"": false, ""blueType"": null, ""created"": ""2009-02-17 02:22:54+00:00"", ""descriptionLinks"": [{""tcourl"": ""https://t.co/7YRGoMCaOu"", ""text"": ""linktr.ee/JoshBLevesque"", ""url"": ""http://linktr.ee/JoshBLevesque""}], ""displayname"": ""Josh Levesque"", ""favouritesCount"": 46499, ""followersCount"": 2670, ""friendsCount"": 3188, ""id"": 21055909, ""id_str"": ""21055909"", ""listedCount"": 0, ""location"": ""Los Angeles"", ""mediaCount"": 2396, ""pinnedIds"": [2056540265666773077], ""profileBannerUrl"": ""https://pbs.twimg.com/profile_banners/21055909/1482986472"", ""profileImageUrl"": ""https://pbs.twimg.com/profile_images/1344049091429486592/rYL9VD-O_normal.jpg"", ""protected"": false, ""rawDescription"": ""Mostly horror stuff with a bit of Dodger baseball. Writer. Comedian.\n1/4 of The Creep-O-Rama Podcast | 235k on TikTok"", ""statusesCount"": 22972, ""url"": ""https://x.com/JoshBLevesque"", ""username"": ""JoshBLevesque"", ""verified"": false}"
154,51149783,1282726823231717377,e5421ef2b751488bd684e8f3,a79dad57476e0704b5b7f94ea444fd2a,23,2026-10-08T14:58:56+00:00,Florence_Sethi,Florence Sethi,I went to SOAS and didn’t like it • ill informed views are always my own and my more distinguished ones probably belong to somebody else • hungry and curious,Not London,105,322,883,0,0,"{""_type"": ""snscrape.modules.twitter.User"", ""blue"": false, ""blueType"": null, ""created"": ""2009-06-26 17:42:45+00:00"", ""descriptionLinks"": [], ""displayname"": ""Florence Sethi"", ""favouritesCount"": 35, ""followersCount"": 105, ""friendsCount"": 322, ""id"": 51149783, ""id_str"": ""51149783"", ""listedCount"": 0, ""location"": ""Not London"", ""mediaCount"": 295, ""pinnedIds"": [1293128318129143809], ""profileBannerUrl"": ""https://pbs.twimg.com/profile_banners/51149783/1596666296"", ""profileImageUrl"": ""https://pbs.twimg.com/profile_images/1291054335762345984/-WwC12nD_normal.jpg"", ""protected"": false, ""rawDescription"": ""I went to SOAS and didn’t like it • ill informed views are always my own and my more distinguished ones probably belong to somebody else • hungry and curious"", ""statusesCount"": 883, ""url"": ""https://x.com/Florence_Sethi"", ""username"": ""Florence_Sethi"", ""verified"": false}"
155,952528141116956672,1282722661278404616,e5421ef2b751488bd684e8f3,a79dad57476e0704b5b7f94ea444fd2a,23,2026-10-08T14:58:56+00:00,florence_rattle,Florence Rattle 💚🤍💜,"Sex is observed at birth. Gender is the problem, not the solution. #Womenwontwheesht",,987,1108,9080,0,0,"{""_type"": ""snscrape.modules.twitter.User"", ""blue"": false, ""blueType"": null, ""created"": ""2018-01-14 13:09:40+00:00"", ""descriptionLinks"": [], ""displayname"": ""Florence Rattle 💚🤍💜"", ""favouritesCount"": 66327, ""followersCount"": 987, ""friendsCount"": 1108, ""id"": 952528141116956672, ""id_str"": ""952528141116956672"", ""listedCount"": 0, ""location"": """", ""mediaCount"": 238, ""pinnedIds"": [], ""profileBannerUrl"": ""https://pbs.twimg.com/profile_banners/952528141116956672/1623011096"", ""profileImageUrl"": ""https://pbs.twimg.com/profile_images/1400539573298634752/RkkTEqhv_normal.jpg"", ""protected"": false, ""rawDescription"": ""Sex is observed at birth. Gender is the problem, not the solution. #Womenwontwheesht"", ""statusesCount"": 9080, ""url"": ""https://x.com/florence_rattle"", ""username"": ""florence_rattle"", ""verified"": false}"
156,1564320913,1282696695973851136,e5421ef2b751488bd684e8f3,2bef5a7e9b9ed2e1402dc3064fd5eb9b,24,2026-10-08T14:59:08+00:00,Floramano,Florence Mano,"Through it all I have learnt to trust in God and to depend upon His word. Edify, Teach and Encourage believers. 🚫NO DM please.",,5763,3634,5258,0,0,"{""_type"": ""snscrape.modules.twitter.User"", ""blue"": false, ""blueType"": null, ""created"": ""2013-07-02 22:58:06+00:00"", ""descriptionLinks"": [], ""displayname"": ""Florence Mano"", ""favouritesCount"": 24100, ""followersCount"": 5763, ""friendsCount"": 3634, ""id"": 1564320913, ""id_str"": ""1564320913"", ""listedCount"": 0, ""location"": """", ""mediaCount"": 33, ""pinnedIds"": [1650785247259246596], ""profileBannerUrl"": ""https://pbs.twimg.com/profile_banners/1564320913/1547274371"", ""profileImageUrl"": ""https://pbs.twimg.com/profile_images/1448697119704068103/bF_7Yd3R_normal.jpg"", ""protected"": false, ""rawDescription"": ""Through it all I have learnt to trust in God and to depend upon His word. Edify, Teach and Encourage believers. 🚫NO DM please."", ""statusesCount"": 5258, ""url"": ""https://x.com/Floramano"", ""username"": ""Floramano"", ""verified"": false}"
157,864433854148485120,1282692204562124800,e5421ef2b751488bd684e8f3,2bef5a7e9b9ed2e1402dc3064fd5eb9b,24,2026-10-08T14:59:08+00:00,SalonRebooted,SalonW'outBoundaries,"Salon Without Boundaries re-creates salon conversation with recordings, reconstructions, live event streaming, and the collection of artistic output from women.",,937,921,15203,0,0,"{""_type"": ""snscrape.modules.twitter.User"", ""blue"": false, ""blueType"": null, ""created"": ""2017-05-16 10:54:26+00:00"", ""descriptionLinks"": [{""tcourl"": ""https://t.co/zm0OzWpP0B"", ""text"": ""salonwithoutboundaries.com"", ""url"": ""http://salonwithoutboundaries.com""}], ""displayname"": ""SalonW'outBoundaries"", ""favouritesCount"": 5137, ""followersCount"": 937, ""friendsCount"": 921, ""id"": 864433854148485120, ""id_str"": ""864433854148485120"", ""listedCount"": 0, ""location"": """", ""mediaCount"": 8535, ""pinnedIds"": [], ""profileBannerUrl"": ""https://pbs.twimg.com/profile_banners/864433854148485120/1494932938"", ""profileImageUrl"": ""https://pbs.twimg.com/profile_images/1049321097932431360/6dsimFEP_normal.jpg"", ""protected"": false, ""rawDescription"": ""Salon Without Boundaries re-creates salon conversation with recordings, reconstructions, live event streaming, and the collection of artistic output from women."", ""statusesCount"": 15203, ""url"": ""https://x.com/SalonRebooted"", ""username"": ""SalonRebooted"", ""verified"": false}"
158,283969541,1282665973582049281,e5421ef2b751488bd684e8f3,2bef5a7e9b9ed2e1402dc3064fd5eb9b,24,2026-10-08T14:59:08+00:00,mrlurvy,Akin Akinwale,“Sarcasm – the ability to insult idiots without them realizing it.”,Nigeria,195898,15919,181425,0,0,"{""_type"": ""snscrape.modules.twitter.User"", ""blue"": true, ""blueType"": null, ""created"": ""2011-04-18 11:09:51+00:00"", ""descriptionLinks"": [{""tcourl"": ""https://t.co/owdCXovFaE"", ""text"": ""linktr.ee/mrlurvy"", ""url"": ""https://linktr.ee/mrlurvy""}], ""displayname"": ""Akin Akinwale"", ""favouritesCount"": 189, ""followersCount"": 195898, ""friendsCount"": 15919, ""id"": 283969541, ""id_str"": ""283969541"", ""listedCount"": 0, ""location"": ""Nigeria"", ""mediaCount"": 10402, ""pinnedIds"": [2068056715149381746], ""profileBannerUrl"": ""https://pbs.twimg.com/profile_banners/283969541/1777144789"", ""profileImageUrl"": ""https://pbs.twimg.com/profile_images/2006005862100324352/A38v8nZ9_normal.jpg"", ""protected"": false, ""rawDescription"": ""“Sarcasm – the ability to insult idiots without them realizing it.”"", ""statusesCount"": 181425, ""url"": ""https://x.com/mrlurvy"", ""username"": ""mrlurvy"", ""verified"": false}"
159,1123607039081615362,1282656638646788097,e5421ef2b751488bd684e8f3,2bef5a7e9b9ed2e1402dc3064fd5eb9b,24,2026-10-08T14:59:08+00:00,Florenceschatz7,Florence schatz,Fell in love with Outlander the TV series and Diana Gabaldon’s books and have been hooked ever since. Love Sam’s and Caitriona’s work on TV and in movies.,👩‍🦳🌈🇺🇸😀,758,533,87790,0,0,"{""_type"": ""snscrape.modules.twitter.User"", ""blue"": false, ""blueType"": null, ""created"": ""2019-05-01 15:16:08+00:00"", ""descriptionLinks"": [], ""displayname"": ""Florence schatz"", ""favouritesCount"": 161428, ""followersCount"": 758, ""friendsCount"": 533, ""id"": 1123607039081615362, ""id_str"": ""1123607039081615362"", ""listedCount"": 0, ""location"": ""👩‍🦳🌈🇺🇸😀"", ""mediaCount"": 93, ""pinnedIds"": [], ""profileBannerUrl"": """", ""profileImageUrl"": ""https://pbs.twimg.com/profile_images/1388140655835295751/BKmxolTX_normal.jpg"", ""protected"": false, ""rawDescription"": ""Fell in love with Outlander the TV series and Diana Gabaldon’s books and have been hooked ever since. Love Sam’s and Caitriona’s work on TV and in movies."", ""statusesCount"": 87790, ""url"": ""https://x.com/Florenceschatz7"", ""username"": ""Florenceschatz7"", ""verified"": false}"
160,2298068528,1282606094896914433,e5421ef2b751488bd684e8f3,2bef5a7e9b9ed2e1402dc3064fd5eb9b,24,2026-10-08T14:59:08+00:00,peekaboo_jen,Tash,Still Tash.,Australia,25777,62,116932,0,0,"{""_type"": ""snscrape.modules.twitter.User"", ""blue"": true, ""blueType"": null, ""created"": ""2014-01-18 15:28:36+00:00"", ""descriptionLinks"": [], ""displayname"": ""Tash"", ""favouritesCount"": 373172, ""followersCount"": 25777, ""friendsCount"": 62, ""id"": 2298068528, ""id_str"": ""2298068528"", ""listedCount"": 0, ""location"": ""Australia"", ""mediaCount"": 32422, ""pinnedIds"": [2105332101361152485], ""profileBannerUrl"": ""https://pbs.twimg.com/profile_banners/2298068528/1777610867"", ""profileImageUrl"": ""https://pbs.twimg.com/profile_images/2019952363679936513/AknuRzj__normal.jpg"", ""protected"": false, ""rawDescription"": ""Still Tash."", ""statusesCount"": 116932, ""url"": ""https://x.com/peekaboo_jen"", ""username"": ""peekaboo_jen"", ""verified"": false}"
161,1262499817596411904,1282646020795453440,e5421ef2b751488bd684e8f3,2bef5a7e9b9ed2e1402dc3064fd5eb9b,24,2026-10-08T14:59:08+00:00,iamenzovirtucio,Florence Peter D. Virtucio,Wellness | Travel | Lifestyle | Events,"Manila, Philippines",124273,14,606,0,0,"{""_type"": ""snscrape.modules.twitter.User"", ""blue"": false, ""blueType"": null, ""created"": ""2020-05-18 21:46:52+00:00"", ""descriptionLinks"": [{""tcourl"": ""https://t.co/QPYqBWMu9G"", ""text"": ""instagram.com/iamenzovirtucio"", ""url"": ""http://instagram.com/iamenzovirtucio""}], ""displayname"": ""Florence Peter D. Virtucio"", ""favouritesCount"": 16, ""followersCount"": 124273, ""friendsCount"": 14, ""id"": 1262499817596411904, ""id_str"": ""1262499817596411904"", ""listedCount"": 0, ""location"": ""Manila, Philippines"", ""mediaCount"": 380, ""pinnedIds"": [1455140554656804867], ""profileBannerUrl"": ""https://pbs.twimg.com/profile_banners/1262499817596411904/1589838694"", ""profileImageUrl"": ""https://pbs.twimg.com/profile_images/1382002952949231619/Xw-cP0gc_normal.jpg"", ""protected"": false, ""rawDescription"": ""Wellness | Travel | Lifestyle | Events"", ""statusesCount"": 606, ""url"": ""https://x.com/iamenzovirtucio"", ""username"": ""iamenzovirtucio"", ""verified"": false}"
162,435508149,1282636595351498758,e5421ef2b751488bd684e8f3,2bef5a7e9b9ed2e1402dc3064fd5eb9b,24,2026-10-08T14:59:08+00:00,florence446,florence Mapule,Live ur life!,phalaborwa ,1522,3870,2951,0,0,"{""_type"": ""snscrape.modules.twitter.User"", ""blue"": false, ""blueType"": null, ""created"": ""2011-12-13 04:17:02+00:00"", ""descriptionLinks"": [], ""displayname"": ""florence Mapule"", ""favouritesCount"": 46332, ""followersCount"": 1522, ""friendsCount"": 3870, ""id"": 435508149, ""id_str"": ""435508149"", ""listedCount"": 0, ""location"": ""phalaborwa "", ""mediaCount"": 217, ""pinnedIds"": [], ""profileBannerUrl"": ""https://pbs.twimg.com/profile_banners/435508149/1550950771"", ""profileImageUrl"": ""https://pbs.twimg.com/profile_images/1899417514586562560/2F5KHPTr_normal.jpg"", ""protected"": false, ""rawDescription"": ""Live ur life!"", ""statusesCount"": 2951, ""url"": ""https://x.com/florence446"", ""username"": ""florence446"", ""verified"": false}"
163,1404392137,1282634279479115777,e5421ef2b751488bd684e8f3,2bef5a7e9b9ed2e1402dc3064fd5eb9b,24,2026-10-08T14:59:08+00:00,FloMchunu,Florence,,,31,294,335,0,0,"{""_type"": ""snscrape.modules.twitter.User"", ""blue"": false, ""blueType"": null, ""created"": ""2013-05-05 07:36:49+00:00"", ""descriptionLinks"": [], ""displayname"": ""Florence"", ""favouritesCount"": 1420, ""followersCount"": 31, ""friendsCount"": 294, ""id"": 1404392137, ""id_str"": ""1404392137"", ""listedCount"": 0, ""location"": """", ""mediaCount"": 21, ""pinnedIds"": [], ""profileBannerUrl"": """", ""profileImageUrl"": ""https://pbs.twimg.com/profile_images/585332861189894144/WesRcG7c_normal.jpg"", ""protected"": false, ""rawDescription"": """", ""statusesCount"": 335, ""url"": ""https://x.com/FloMchunu"", ""username"": ""FloMchunu"", ""verified"": false}"
164,737362108397060096,1282612136557125643,e5421ef2b751488bd684e8f3,2bef5a7e9b9ed2e1402dc3064fd5eb9b,24,2026-10-08T14:59:08+00:00,KulikovUNIATF,Dr Alexey Kulikov,"Head of Partnerships and Operations, Deputy Head of Secretariat, @UN Task Force on #NCDs. Support @WHO countries achieve  #health related #SDGs. PhD MPH MD.","Geneva, Switzerland",63344,51762,13075,0,0,"{""_type"": ""snscrape.modules.twitter.User"", ""blue"": true, ""blueType"": null, ""created"": ""2016-05-30 19:16:41+00:00"", ""descriptionLinks"": [], ""displayname"": ""Dr Alexey Kulikov"", ""favouritesCount"": 48689, ""followersCount"": 63344, ""friendsCount"": 51762, ""id"": 737362108397060096, ""id_str"": ""737362108397060096"", ""listedCount"": 0, ""location"": ""Geneva, Switzerland"", ""mediaCount"": 6645, ""pinnedIds"": [], ""profileBannerUrl"": ""https://pbs.twimg.com/profile_banners/737362108397060096/1556271627"", ""profileImageUrl"": ""https://pbs.twimg.com/profile_images/1786303176557121536/fuzbfD6I_normal.jpg"", ""protected"": false, ""rawDescription"": ""Head of Partnerships and Operations, Deputy Head of Secretariat, @UN Task Force on #NCDs. Support @WHO countries achieve  #health related #SDGs. PhD MPH MD."", ""statusesCount"": 13075, ""url"": ""https://x.com/KulikovUNIATF"", ""username"": ""KulikovUNIATF"", ""verified"": false}"
165,1229049433549148162,1282575546208190470,e5421ef2b751488bd684e8f3,2bef5a7e9b9ed2e1402dc3064fd5eb9b,24,2026-10-08T14:59:08+00:00,east_facts,Facts East Africa,Random facts from East Africa and beyond.,East Africa ,108198,1,21896,0,0,"{""_type"": ""snscrape.modules.twitter.User"", ""blue"": false, ""blueType"": null, ""created"": ""2020-02-16 14:28:35+00:00"", ""descriptionLinks"": [], ""displayname"": ""Facts East Africa"", ""favouritesCount"": 3471, ""followersCount"": 108198, ""friendsCount"": 1, ""id"": 1229049433549148162, ""id_str"": ""1229049433549148162"", ""listedCount"": 0, ""location"": ""East Africa "", ""mediaCount"": 8472, ""pinnedIds"": [], ""profileBannerUrl"": ""https://pbs.twimg.com/profile_banners/1229049433549148162/1628722439"", ""profileImageUrl"": ""https://pbs.twimg.com/profile_images/1425590875804114952/W6wPtY2O_normal.jpg"", ""protected"": false, ""rawDescription"": ""Random facts from East Africa and beyond."", ""statusesCount"": 21896, ""url"": ""https://x.com/east_facts"", ""username"": ""east_facts"", ""verified"": false}"
166,1227481742283563008,1282555848343146496,e5421ef2b751488bd684e8f3,2bef5a7e9b9ed2e1402dc3064fd5eb9b,24,2026-10-08T14:59:08+00:00,certifiedmoody,Oh well...,🦁🦁 and 🐅🐅 and 🐻🐻.... oh cute!,,144,277,5768,0,0,"{""_type"": ""snscrape.modules.twitter.User"", ""blue"": false, ""blueType"": null, ""created"": ""2020-02-12 06:38:23+00:00"", ""descriptionLinks"": [], ""displayname"": ""Oh well..."", ""favouritesCount"": 73374, ""followersCount"": 144, ""friendsCount"": 277, ""id"": 1227481742283563008, ""id_str"": ""1227481742283563008"", ""listedCount"": 0, ""location"": """", ""mediaCount"": 618, ""pinnedIds"": [1290028618895089667], ""profileBannerUrl"": ""https://pbs.twimg.com/profile_banners/1227481742283563008/1587324601"", ""profileImageUrl"": ""https://pbs.twimg.com/profile_images/1252607643602104324/GtU3LOmt_normal.jpg"", ""protected"": false, ""rawDescription"": ""🦁🦁 and 🐅🐅 and 🐻🐻.... oh cute!"", ""statusesCount"": 5768, ""url"": ""https://x.com/certifiedmoody"", ""username"": ""certifiedmoody"", ""verified"": false}"
167,3287269172,1282546202844606464,e5421ef2b751488bd684e8f3,2bef5a7e9b9ed2e1402dc3064fd5eb9b,24,2026-10-08T14:59:08+00:00,FactBuffet,FactBuffet,"No repetition, No boring stats, No bias:  Just true, fresh mind satisfaction.",Universe,5129,5387,21190,0,0,"{""_type"": ""snscrape.modules.twitter.User"", ""blue"": true, ""blueType"": null, ""created"": ""2015-07-22 06:50:48+00:00"", ""descriptionLinks"": [{""tcourl"": ""https://t.co/OCtHUgtSyS"", ""text"": ""youtube.com/@FactBuffet"", ""url"": ""https://www.youtube.com/@FactBuffet""}], ""displayname"": ""FactBuffet"", ""favouritesCount"": 8717, ""followersCount"": 5129, ""friendsCount"": 5387, ""id"": 3287269172, ""id_str"": ""3287269172"", ""listedCount"": 0, ""location"": ""Universe"", ""mediaCount"": 7742, ""pinnedIds"": [2106626133735477257], ""profileBannerUrl"": ""https://pbs.twimg.com/profile_banners/3287269172/1531649080"", ""profileImageUrl"": ""https://pbs.twimg.com/profile_images/644281861024256000/H0GCmOCx_normal.jpg"", ""protected"": false, ""rawDescription"": ""No repetition, No boring stats, No bias:  Just true, fresh mind satisfaction."", ""statusesCount"": 21190, ""url"": ""https://x.com/FactBuffet"", ""username"": ""FactBuffet"", ""verified"": false}"
168,259325103,1282525912039215104,e5421ef2b751488bd684e8f3,2bef5a7e9b9ed2e1402dc3064fd5eb9b,24,2026-10-08T14:59:08+00:00,ONU_fr,Nations Unies (ONU),"Compte officiel des Nations Unies. 
Paix, dignité et égalité sur une planète saine.",,581178,1399,41193,0,0,"{""_type"": ""snscrape.modules.twitter.User"", ""blue"": false, ""blueType"": ""Government"", ""created"": ""2011-03-01 16:47:11+00:00"", ""descriptionLinks"": [{""tcourl"": ""https://t.co/Xub33LDEvR"", ""text"": ""un.org/fr/"", ""url"": ""http://www.un.org/fr/""}], ""displayname"": ""Nations Unies (ONU)"", ""favouritesCount"": 1421, ""followersCount"": 581178, ""friendsCount"": 1399, ""id"": 259325103, ""id_str"": ""259325103"", ""listedCount"": 0, ""location"": """", ""mediaCount"": 22713, ""pinnedIds"": [2105387958836875726], ""profileBannerUrl"": ""https://pbs.twimg.com/profile_banners/259325103/1607007911"", ""profileImageUrl"": ""https://pbs.twimg.com/profile_images/2039700115607142400/P8KWRjOe_normal.jpg"", ""protected"": false, ""rawDescription"": ""Compte officiel des Nations Unies. \nPaix, dignité et égalité sur une planète saine."", ""statusesCount"": 41193, ""url"": ""https://x.com/ONU_fr"", ""username"": ""ONU_fr"", ""verified"": false}"
169,1257910808433922048,1282514577389846528,e5421ef2b751488bd684e8f3,2bef5a7e9b9ed2e1402dc3064fd5eb9b,24,2026-10-08T14:59:08+00:00,newsNZcn,环球猎奇🏅,天地奇闻，古今趣谈。♨️,南极洲,162065,85,18241,0,0,"{""_type"": ""snscrape.modules.twitter.User"", ""blue"": true, ""blueType"": null, ""created"": ""2020-05-06 05:51:54+00:00"", ""descriptionLinks"": [], ""displayname"": ""环球猎奇🏅"", ""favouritesCount"": 50271, ""followersCount"": 162065, ""friendsCount"": 85, ""id"": 1257910808433922048, ""id_str"": ""1257910808433922048"", ""listedCount"": 0, ""location"": ""南极洲"", ""mediaCount"": 12907, ""pinnedIds"": [], ""profileBannerUrl"": ""https://pbs.twimg.com/profile_banners/1257910808433922048/1592478374"", ""profileImageUrl"": ""https://pbs.twimg.com/profile_images/1269197501799620609/qG1L0Xrk_normal.jpg"", ""protected"": false, ""rawDescription"": ""天地奇闻，古今趣谈。♨️"", ""statusesCount"": 18241, ""url"": ""https://x.com/newsNZcn"", ""username"": ""newsNZcn"", ""verified"": false}"
170,39352227,1282510060598501376,e5421ef2b751488bd684e8f3,2bef5a7e9b9ed2e1402dc3064fd5eb9b,24,2026-10-08T14:59:08+00:00,NZMorningReport,Morning Report,"RNZ National’s flagship news programme, broadcast weekdays from 6-9am. Breaking news and lively interviews with politicians, newsmakers and commentators.",New Zealand,33784,2067,39548,0,0,"{""_type"": ""snscrape.modules.twitter.User"", ""blue"": false, ""blueType"": null, ""created"": ""2009-05-11 21:52:50+00:00"", ""descriptionLinks"": [{""tcourl"": ""https://t.co/nMYcfDV1uM"", ""text"": ""rnz.co.nz/morningreport"", ""url"": ""http://www.rnz.co.nz/morningreport""}], ""displayname"": ""Morning Report"", ""favouritesCount"": 1941, ""followersCount"": 33784, ""friendsCount"": 2067, ""id"": 39352227, ""id_str"": ""39352227"", ""listedCount"": 0, ""location"": ""New Zealand"", ""mediaCount"": 5175, ""pinnedIds"": [], ""profileBannerUrl"": ""https://pbs.twimg.com/profile_banners/39352227/1681118667"", ""profileImageUrl"": ""https://pbs.twimg.com/profile_images/1645357054029357057/NvbqSJCG_normal.jpg"", ""protected"": false, ""rawDescription"": ""RNZ National’s flagship news programme, broadcast weekdays from 6-9am. Breaking news and lively interviews with politicians, newsmakers and commentators."", ""statusesCount"": 39548, ""url"": ""https://x.com/NZMorningReport"", ""username"": ""NZMorningReport"", ""verified"": false}"
171,1081991545497284608,1282480057475358720,e5421ef2b751488bd684e8f3,2bef5a7e9b9ed2e1402dc3064fd5eb9b,24,2026-10-08T14:59:08+00:00,Flobim1,Florence Ade Bimpe👑,Saved by Grace | Allergic to Corruption and Injustice,,2089,1387,31236,0,0,"{""_type"": ""snscrape.modules.twitter.User"", ""blue"": false, ""blueType"": null, ""created"": ""2019-01-06 19:11:01+00:00"", ""descriptionLinks"": [], ""displayname"": ""Florence Ade Bimpe👑"", ""favouritesCount"": 50636, ""followersCount"": 2089, ""friendsCount"": 1387, ""id"": 1081991545497284608, ""id_str"": ""1081991545497284608"", ""listedCount"": 0, ""location"": """", ""mediaCount"": 326, ""pinnedIds"": [1175944264930484224], ""profileBannerUrl"": ""https://pbs.twimg.com/profile_banners/1081991545497284608/1546803028"", ""profileImageUrl"": ""https://pbs.twimg.com/profile_images/1642203402124816391/bbXEVKtG_normal.jpg"", ""protected"": false, ""rawDescription"": ""Saved by Grace | Allergic to Corruption and Injustice"", ""statusesCount"": 31236, ""url"": ""https://x.com/Flobim1"", ""username"": ""Flobim1"", ""verified"": false}"
172,153365411,1282460770970763265,e5421ef2b751488bd684e8f3,2bef5a7e9b9ed2e1402dc3064fd5eb9b,24,2026-10-08T14:59:08+00:00,fowflo,Florence Young,PhD student | Economist | Management Consultant | Mother | Emerging Entrepreneur | Education,,739,696,10169,0,0,"{""_type"": ""snscrape.modules.twitter.User"", ""blue"": false, ""blueType"": null, ""created"": ""2010-06-08 10:46:17+00:00"", ""descriptionLinks"": [], ""displayname"": ""Florence Young"", ""favouritesCount"": 8183, ""followersCount"": 739, ""friendsCount"": 696, ""id"": 153365411, ""id_str"": ""153365411"", ""listedCount"": 0, ""location"": """", ""mediaCount"": 112, ""pinnedIds"": [], ""profileBannerUrl"": ""https://pbs.twimg.com/profile_banners/153365411/1436757528"", ""profileImageUrl"": ""https://pbs.twimg.com/profile_images/1835152575529635841/B33VmUSD_normal.jpg"", ""protected"": false, ""rawDescription"": ""PhD student | Economist | Management Consultant | Mother | Emerging Entrepreneur | Education"", ""statusesCount"": 10169, ""url"": ""https://x.com/fowflo"", ""username"": ""fowflo"", ""verified"": false}"
173,889939884898648065,1282428997360668679,e5421ef2b751488bd684e8f3,2bef5a7e9b9ed2e1402dc3064fd5eb9b,24,2026-10-08T14:59:08+00:00,Floawuor,Florence Awuor,A linguist😊 who LOVES THE LORD.,"Nakuru, Kenya",11723,11528,17874,0,0,"{""_type"": ""snscrape.modules.twitter.User"", ""blue"": false, ""blueType"": null, ""created"": ""2017-07-25 20:06:17+00:00"", ""descriptionLinks"": [], ""displayname"": ""Florence Awuor"", ""favouritesCount"": 12353, ""followersCount"": 11723, ""friendsCount"": 11528, ""id"": 889939884898648065, ""id_str"": ""889939884898648065"", ""listedCount"": 0, ""location"": ""Nakuru, Kenya"", ""mediaCount"": 504, ""pinnedIds"": [1265693684395376647], ""profileBannerUrl"": ""https://pbs.twimg.com/profile_banners/889939884898648065/1516726901"", ""profileImageUrl"": ""https://pbs.twimg.com/profile_images/1156208680750256129/jMG2DZXD_normal.jpg"", ""protected"": false, ""rawDescription"": ""A linguist😊 who LOVES THE LORD."", ""statusesCount"": 17874, ""url"": ""https://x.com/Floawuor"", ""username"": ""Floawuor"", ""verified"": false}"
174,1008618108771332096,1282421466831740928,e5421ef2b751488bd684e8f3,2bef5a7e9b9ed2e1402dc3064fd5eb9b,24,2026-10-08T14:59:08+00:00,musictakesbot,Hot Music Takes Bot,i’m a bot supplying searing music takes. @kasspatzln made me. dm submissions! #blacklivesmatter,Holland,12752,2,117378,0,0,"{""_type"": ""snscrape.modules.twitter.User"", ""blue"": false, ""blueType"": null, ""created"": ""2018-06-18 07:51:11+00:00"", ""descriptionLinks"": [], ""displayname"": ""Hot Music Takes Bot"", ""favouritesCount"": 81, ""followersCount"": 12752, ""friendsCount"": 2, ""id"": 1008618108771332096, ""id_str"": ""1008618108771332096"", ""listedCount"": 0, ""location"": ""Holland"", ""mediaCount"": 0, ""pinnedIds"": [1585800410958565376], ""profileBannerUrl"": ""https://pbs.twimg.com/profile_banners/1008618108771332096/1547950149"", ""profileImageUrl"": ""https://pbs.twimg.com/profile_images/1008644367505149952/rI7X6yw3_normal.jpg"", ""protected"": false, ""rawDescription"": ""i’m a bot supplying searing music takes. @kasspatzln made me. dm submissions! #blacklivesmatter"", ""statusesCount"": 117378, ""url"": ""https://x.com/musictakesbot"", ""username"": ""musictakesbot"", ""verified"": false}"
175,21920725,1282419128498872321,e5421ef2b751488bd684e8f3,2bef5a7e9b9ed2e1402dc3064fd5eb9b,24,2026-10-08T14:59:08+00:00,KySportsRadio,Matt Jones,"Host of Ky Sports Radio and NFL Preview show on ESPN Radio. On Netflix’s “Wrestlers” and Co-owner of OVW. Author of New York Times Bestseller, “Mitch, Please!”","Lexington, Kentucky",333090,3021,128990,0,0,"{""_type"": ""snscrape.modules.twitter.User"", ""blue"": true, ""blueType"": null, ""created"": ""2009-02-25 21:21:11+00:00"", ""descriptionLinks"": [{""tcourl"": ""https://t.co/Plm8dmmhph"", ""text"": ""kentuckysportsradio.com"", ""url"": ""http://kentuckysportsradio.com""}], ""displayname"": ""Matt Jones"", ""favouritesCount"": 10009, ""followersCount"": 333090, ""friendsCount"": 3021, ""id"": 21920725, ""id_str"": ""21920725"", ""listedCount"": 0, ""location"": ""Lexington, Kentucky"", ""mediaCount"": 11224, ""pinnedIds"": [], ""profileBannerUrl"": ""https://pbs.twimg.com/profile_banners/21920725/1727573432"", ""profileImageUrl"": ""https://pbs.twimg.com/profile_images/1864484964160688128/ArA5TgO0_normal.jpg"", ""protected"": false, ""rawDescription"": ""Host of Ky Sports Radio and NFL Preview show on ESPN Radio. On Netflix’s “Wrestlers” and Co-owner of OVW. Author of New York Times Bestseller, “Mitch, Please!”"", ""statusesCount"": 128990, ""url"": ""https://x.com/KySportsRadio"", ""username"": ""KySportsRadio"", ""verified"": false}"
177,924025332847521792,1282387687371087872,e5421ef2b751488bd684e8f3,2bef5a7e9b9ed2e1402dc3064fd5eb9b,25,2026-10-08T14:59:21+00:00,Florencecavpack,Florence,Fun loving member of the #cavpack proud member of #BWOC 🐶😈,,2696,1925,16319,0,0,"{""_type"": ""snscrape.modules.twitter.User"", ""blue"": false, ""blueType"": null, ""created"": ""2017-10-27 21:29:41+00:00"", ""descriptionLinks"": [], ""displayname"": ""Florence"", ""favouritesCount"": 79492, ""followersCount"": 2696, ""friendsCount"": 1925, ""id"": 924025332847521792, ""id_str"": ""924025332847521792"", ""listedCount"": 0, ""location"": """", ""mediaCount"": 2560, ""pinnedIds"": [2099195557587603816], ""profileBannerUrl"": ""https://pbs.twimg.com/profile_banners/924025332847521792/1721728564"", ""profileImageUrl"": ""https://pbs.twimg.com/profile_images/2087880658139873280/GQgeqZZV_normal.jpg"", ""protected"": false, ""rawDescription"": ""Fun loving member of the #cavpack proud member of #BWOC 🐶😈"", ""statusesCount"": 16319, ""url"": ""https://x.com/Florencecavpack"", ""username"": ""Florencecavpack"", ""verified"": false}"
178,1643583644,1282361159153319936,e5421ef2b751488bd684e8f3,2bef5a7e9b9ed2e1402dc3064fd5eb9b,25,2026-10-08T14:59:21+00:00,ISharvi,Shiv Roy's Ass,"I hate it here. 
SFA '22💜💜
she/her","Texas, USA",252,831,16928,0,0,"{""_type"": ""snscrape.modules.twitter.User"", ""blue"": false, ""blueType"": null, ""created"": ""2013-08-03 20:19:33+00:00"", ""descriptionLinks"": [], ""displayname"": ""Shiv Roy's Ass"", ""favouritesCount"": 89878, ""followersCount"": 252, ""friendsCount"": 831, ""id"": 1643583644, ""id_str"": ""1643583644"", ""listedCount"": 0, ""location"": ""Texas, USA"", ""mediaCount"": 245, ""pinnedIds"": [1004601760219127808], ""profileBannerUrl"": ""https://pbs.twimg.com/profile_banners/1643583644/1573760683"", ""profileImageUrl"": ""https://pbs.twimg.com/profile_images/1195065040254226434/V7bhr3Uf_normal.jpg"", ""protected"": false, ""rawDescription"": ""I hate it here. \nSFA '22💜💜\nshe/her"", ""statusesCount"": 16928, ""url"": ""https://x.com/ISharvi"", ""username"": ""ISharvi"", ""verified"": false}"
179,1123607039081615362,1282358668613345280,e5421ef2b751488bd684e8f3,2bef5a7e9b9ed2e1402dc3064fd5eb9b,25,2026-10-08T14:59:21+00:00,Florenceschatz7,Florence schatz,Fell in love with Outlander the TV series and Diana Gabaldon’s books and have been hooked ever since. Love Sam’s and Caitriona’s work on TV and in movies.,👩‍🦳🌈🇺🇸😀,758,533,87790,0,0,"{""_type"": ""snscrape.modules.twitter.User"", ""blue"": false, ""blueType"": null, ""created"": ""2019-05-01 15:16:08+00:00"", ""descriptionLinks"": [], ""displayname"": ""Florence schatz"", ""favouritesCount"": 161428, ""followersCount"": 758, ""friendsCount"": 533, ""id"": 1123607039081615362, ""id_str"": ""1123607039081615362"", ""listedCount"": 0, ""location"": ""👩‍🦳🌈🇺🇸😀"", ""mediaCount"": 93, ""pinnedIds"": [], ""profileBannerUrl"": """", ""profileImageUrl"": ""https://pbs.twimg.com/profile_images/1388140655835295751/BKmxolTX_normal.jpg"", ""protected"": false, ""rawDescription"": ""Fell in love with Outlander the TV series and Diana Gabaldon’s books and have been hooked ever since. Love Sam’s and Caitriona’s work on TV and in movies."", ""statusesCount"": 87790, ""url"": ""https://x.com/Florenceschatz7"", ""username"": ""Florenceschatz7"", ""verified"": false}"
180,50355887,1282354389366251523,e5421ef2b751488bd684e8f3,2bef5a7e9b9ed2e1402dc3064fd5eb9b,25,2026-10-08T14:59:21+00:00,MDrummond95,Marlaina,"25+ years married; Only on Twitter for #SamHeughan #OutlanderBooks #MIK 
#MPC2020 #MPC2021 #MPC2022","Mississippi, USA",929,584,15981,0,0,"{""_type"": ""snscrape.modules.twitter.User"", ""blue"": false, ""blueType"": null, ""created"": ""2009-06-24 16:36:33+00:00"", ""descriptionLinks"": [], ""displayname"": ""Marlaina"", ""favouritesCount"": 37821, ""followersCount"": 929, ""friendsCount"": 584, ""id"": 50355887, ""id_str"": ""50355887"", ""listedCount"": 0, ""location"": ""Mississippi, USA"", ""mediaCount"": 1761, ""pinnedIds"": [1281833431664648193], ""profileBannerUrl"": ""https://pbs.twimg.com/profile_banners/50355887/1645368451"", ""profileImageUrl"": ""https://pbs.twimg.com/profile_images/1495409786166329350/jsd9RGb5_normal.jpg"", ""protected"": false, ""rawDescription"": ""25+ years married; Only on Twitter for #SamHeughan #OutlanderBooks #MIK \n#MPC2020 #MPC2021 #MPC2022"", ""statusesCount"": 15981, ""url"": ""https://x.com/MDrummond95"", ""username"": ""MDrummond95"", ""verified"": false}"
181,1121770951203545093,1282312330945191938,e5421ef2b751488bd684e8f3,2bef5a7e9b9ed2e1402dc3064fd5eb9b,25,2026-10-08T14:59:21+00:00,MithiVita,Vita Vita,"Epidemiology
@ISTAART  Ambassador 2025-2026|@SOToxicology. Science=Revolution. ""Leave no stone unturned."" - Edward Bulwer Lytton",,407,811,8462,0,0,"{""_type"": ""snscrape.modules.twitter.User"", ""blue"": false, ""blueType"": null, ""created"": ""2019-04-26 13:40:11+00:00"", ""descriptionLinks"": [], ""displayname"": ""Vita Vita"", ""favouritesCount"": 7037, ""followersCount"": 407, ""friendsCount"": 811, ""id"": 1121770951203545093, ""id_str"": ""1121770951203545093"", ""listedCount"": 0, ""location"": """", ""mediaCount"": 85, ""pinnedIds"": [], ""profileBannerUrl"": """", ""profileImageUrl"": ""https://pbs.twimg.com/profile_images/2105612565116076032/QnOqE1h9_normal.jpg"", ""protected"": false, ""rawDescription"": ""Epidemiology\n@ISTAART  Ambassador 2025-2026|@SOToxicology. Science=Revolution. \""Leave no stone unturned.\"" - Edward Bulwer Lytton"", ""statusesCount"": 8462, ""url"": ""https://x.com/MithiVita"", ""username"": ""MithiVita"", ""verified"": false}"
183,2298068528,1282209683017592836,e5421ef2b751488bd684e8f3,2bef5a7e9b9ed2e1402dc3064fd5eb9b,25,2026-10-08T14:59:21+00:00,peekaboo_jen,Tash,Still Tash.,Australia,25778,62,116932,0,0,"{""_type"": ""snscrape.modules.twitter.User"", ""blue"": true, ""blueType"": null, ""created"": ""2014-01-18 15:28:36+00:00"", ""descriptionLinks"": [], ""displayname"": ""Tash"", ""favouritesCount"": 373172, ""followersCount"": 25778, ""friendsCount"": 62, ""id"": 2298068528, ""id_str"": ""2298068528"", ""listedCount"": 0, ""location"": ""Australia"", ""mediaCount"": 32422, ""pinnedIds"": [2105332101361152485], ""profileBannerUrl"": ""https://pbs.twimg.com/profile_banners/2298068528/1777610867"", ""profileImageUrl"": ""https://pbs.twimg.com/profile_images/2019952363679936513/AknuRzj__normal.jpg"", ""protected"": false, ""rawDescription"": ""Still Tash."", ""statusesCount"": 116932, ""url"": ""https://x.com/peekaboo_jen"", ""username"": ""peekaboo_jen"", ""verified"": false}"
184,1103261068498034688,1282304209224966150,e5421ef2b751488bd684e8f3,2bef5a7e9b9ed2e1402dc3064fd5eb9b,25,2026-10-08T14:59:21+00:00,lunamuriente,gisela,novelera,,436,274,6094,0,0,"{""_type"": ""snscrape.modules.twitter.User"", ""blue"": false, ""blueType"": null, ""created"": ""2019-03-06 11:48:31+00:00"", ""descriptionLinks"": [], ""displayname"": ""gisela"", ""favouritesCount"": 48995, ""followersCount"": 436, ""friendsCount"": 274, ""id"": 1103261068498034688, ""id_str"": ""1103261068498034688"", ""listedCount"": 0, ""location"": """", ""mediaCount"": 420, ""pinnedIds"": [], ""profileBannerUrl"": ""https://pbs.twimg.com/profile_banners/1103261068498034688/1714328707"", ""profileImageUrl"": ""https://pbs.twimg.com/profile_images/1993450418983075840/DuSXvQ-q_normal.jpg"", ""protected"": false, ""rawDescription"": ""novelera"", ""statusesCount"": 6094, ""url"": ""https://x.com/lunamuriente"", ""username"": ""lunamuriente"", ""verified"": false}"
186,705453495193890816,1282296959806640130,e5421ef2b751488bd684e8f3,2bef5a7e9b9ed2e1402dc3064fd5eb9b,25,2026-10-08T14:59:21+00:00,Flo_of_HFgaming,Florence the Unicorn,"30+ pansexual hobbyist who plays games, loves animals, and gets political. I support sexuality and the human race, unless you're an ass. Sometimes, there's art.",,43,470,2820,0,0,"{""_type"": ""snscrape.modules.twitter.User"", ""blue"": false, ""blueType"": null, ""created"": ""2016-03-03 18:03:14+00:00"", ""descriptionLinks"": [], ""displayname"": ""Florence the Unicorn"", ""favouritesCount"": 35228, ""followersCount"": 43, ""friendsCount"": 470, ""id"": 705453495193890816, ""id_str"": ""705453495193890816"", ""listedCount"": 0, ""location"": """", ""mediaCount"": 227, ""pinnedIds"": [], ""profileBannerUrl"": ""https://pbs.twimg.com/profile_banners/705453495193890816/1488218848"", ""profileImageUrl"": ""https://pbs.twimg.com/profile_images/1770744434780434432/Kw_p5va3_normal.png"", ""protected"": false, ""rawDescription"": ""30+ pansexual hobbyist who plays games, loves animals, and gets political. I support sexuality and the human race, unless you're an ass. Sometimes, there's art."", ""statusesCount"": 2820, ""url"": ""https://x.com/Flo_of_HFgaming"", ""username"": ""Flo_of_HFgaming"", ""verified"": false}"
187,394655183,1282280052923740160,e5421ef2b751488bd684e8f3,2bef5a7e9b9ed2e1402dc3064fd5eb9b,25,2026-10-08T14:59:21+00:00,EcigClick,EcigClick,All things vape. Home of the Ecigclick Vape Awards. Voted by Vapers - https://t.co/1vsp4Qmpje,UK,10231,418,13440,0,0,"{""_type"": ""snscrape.modules.twitter.User"", ""blue"": false, ""blueType"": null, ""created"": ""2011-10-20 12:31:02+00:00"", ""descriptionLinks"": [{""tcourl"": ""https://t.co/1vsp4Qmpje"", ""text"": ""ecigclick.co.uk/category/ecigc…"", ""url"": ""https://www.ecigclick.co.uk/category/ecigclick-awards/""}, {""tcourl"": ""https://t.co/BMXo38Shhn"", ""text"": ""linktr.ee/ecigclick"", ""url"": ""https://linktr.ee/ecigclick""}], ""displayname"": ""EcigClick"", ""favouritesCount"": 4875, ""followersCount"": 10231, ""friendsCount"": 418, ""id"": 394655183, ""id_str"": ""394655183"", ""listedCount"": 0, ""location"": ""UK"", ""mediaCount"": 8737, ""pinnedIds"": [1871587932605198549], ""profileBannerUrl"": ""https://pbs.twimg.com/profile_banners/394655183/1555434755"", ""profileImageUrl"": ""https://pbs.twimg.com/profile_images/620275261653843968/UMM9X2dv_normal.jpg"", ""protected"": false, ""rawDescription"": ""All things vape. Home of the Ecigclick Vape Awards. Voted by Vapers - https://t.co/1vsp4Qmpje"", ""statusesCount"": 13440, ""url"": ""https://x.com/EcigClick"", ""username"": ""EcigClick"", ""verified"": false}"
188,736586569621082112,1282223090320183297,e5421ef2b751488bd684e8f3,2bef5a7e9b9ed2e1402dc3064fd5eb9b,25,2026-10-08T14:59:21+00:00,DWOnThisDay,DW On This Day,"Celebrating the Cast, Crew & Production of Doctor Who on this day!   This account is no longer maintained daily.",,4652,182,14496,0,0,"{""_type"": ""snscrape.modules.twitter.User"", ""blue"": false, ""blueType"": null, ""created"": ""2016-05-28 15:54:58+00:00"", ""descriptionLinks"": [], ""displayname"": ""DW On This Day"", ""favouritesCount"": 342, ""followersCount"": 4652, ""friendsCount"": 182, ""id"": 736586569621082112, ""id_str"": ""736586569621082112"", ""listedCount"": 0, ""location"": """", ""mediaCount"": 13604, ""pinnedIds"": [], ""profileBannerUrl"": ""https://pbs.twimg.com/profile_banners/736586569621082112/1468343799"", ""profileImageUrl"": ""https://pbs.twimg.com/profile_images/980725615836921856/4yr8iASZ_normal.jpg"", ""protected"": false, ""rawDescription"": ""Celebrating the Cast, Crew & Production of Doctor Who on this day!   This account is no longer maintained daily."", ""statusesCount"": 14496, ""url"": ""https://x.com/DWOnThisDay"", ""username"": ""DWOnThisDay"", ""verified"": false}"
189,145600739,1282214756745535493,e5421ef2b751488bd684e8f3,2bef5a7e9b9ed2e1402dc3064fd5eb9b,25,2026-10-08T14:59:21+00:00,Vinayakmprasad,Vinayak Prasad,#Global Health expert . #Customs expert. Tweets are personal and may or may not reflect WHOs position where i am currently employed #tobacco control #WHO,Switzerland,651,825,1668,0,0,"{""_type"": ""snscrape.modules.twitter.User"", ""blue"": false, ""blueType"": null, ""created"": ""2010-05-19 11:03:08+00:00"", ""descriptionLinks"": [], ""displayname"": ""Vinayak Prasad"", ""favouritesCount"": 5651, ""followersCount"": 651, ""friendsCount"": 825, ""id"": 145600739, ""id_str"": ""145600739"", ""listedCount"": 0, ""location"": ""Switzerland"", ""mediaCount"": 49, ""pinnedIds"": [], ""profileBannerUrl"": ""https://pbs.twimg.com/profile_banners/145600739/1509821104"", ""profileImageUrl"": ""https://pbs.twimg.com/profile_images/930524645387853826/Q8HcMWkT_normal.jpg"", ""protected"": false, ""rawDescription"": ""#Global Health expert . #Customs expert. Tweets are personal and may or may not reflect WHOs position where i am currently employed #tobacco control #WHO"", ""statusesCount"": 1668, ""url"": ""https://x.com/Vinayakmprasad"", ""username"": ""Vinayakmprasad"", ""verified"": false}"
190,936996793,1282213239133294592,e5421ef2b751488bd684e8f3,2bef5a7e9b9ed2e1402dc3064fd5eb9b,25,2026-10-08T14:59:21+00:00,Florenceland60,Florence 🌼,"Una persona en paz, no anda tirando piedras ☕",,371,384,8592,0,0,"{""_type"": ""snscrape.modules.twitter.User"", ""blue"": false, ""blueType"": null, ""created"": ""2012-11-09 14:07:40+00:00"", ""descriptionLinks"": [], ""displayname"": ""Florence 🌼"", ""favouritesCount"": 23253, ""followersCount"": 371, ""friendsCount"": 384, ""id"": 936996793, ""id_str"": ""936996793"", ""listedCount"": 0, ""location"": """", ""mediaCount"": 910, ""pinnedIds"": [2104198357946093866], ""profileBannerUrl"": ""https://pbs.twimg.com/profile_banners/936996793/1790158353"", ""profileImageUrl"": ""https://pbs.twimg.com/profile_images/2092668166266621953/Xx9vXy0s_normal.jpg"", ""protected"": false, ""rawDescription"": ""Una persona en paz, no anda tirando piedras ☕"", ""statusesCount"": 8592, ""url"": ""https://x.com/Florenceland60"", ""username"": ""Florenceland60"", ""verified"": false}"
191,728736865,1282203225387499524,e5421ef2b751488bd684e8f3,2bef5a7e9b9ed2e1402dc3064fd5eb9b,25,2026-10-08T14:59:21+00:00,omcbabe,Florence :),just thanging my thang,"Seattle, WA",175,443,4004,0,0,"{""_type"": ""snscrape.modules.twitter.User"", ""blue"": false, ""blueType"": null, ""created"": ""2012-07-31 16:26:39+00:00"", ""descriptionLinks"": [], ""displayname"": ""Florence :)"", ""favouritesCount"": 15705, ""followersCount"": 175, ""friendsCount"": 443, ""id"": 728736865, ""id_str"": ""728736865"", ""listedCount"": 0, ""location"": ""Seattle, WA"", ""mediaCount"": 205, ""pinnedIds"": [1378538024196218880], ""profileBannerUrl"": ""https://pbs.twimg.com/profile_banners/728736865/1613880708"", ""profileImageUrl"": ""https://pbs.twimg.com/profile_images/1489857740189040640/W-jMQA9J_normal.jpg"", ""protected"": false, ""rawDescription"": ""just thanging my thang"", ""statusesCount"": 4004, ""url"": ""https://x.com/omcbabe"", ""username"": ""omcbabe"", ""verified"": false}"
192,3129353946,1282185272789172224,e5421ef2b751488bd684e8f3,2bef5a7e9b9ed2e1402dc3064fd5eb9b,25,2026-10-08T14:59:21+00:00,threshingflo,"Rev Florence Abi, PhD","I'm a budding preacher and teacher of the Word, a mouthpiece, an oracle of the Almighty and an awesome mum. My life is brilliant- I'm celebrating all the way.",,340,230,8823,0,0,"{""_type"": ""snscrape.modules.twitter.User"", ""blue"": false, ""blueType"": null, ""created"": ""2015-04-02 07:26:06+00:00"", ""descriptionLinks"": [], ""displayname"": ""Rev Florence Abi, PhD"", ""favouritesCount"": 1999, ""followersCount"": 340, ""friendsCount"": 230, ""id"": 3129353946, ""id_str"": ""3129353946"", ""listedCount"": 0, ""location"": """", ""mediaCount"": 9, ""pinnedIds"": [], ""profileBannerUrl"": """", ""profileImageUrl"": ""https://pbs.twimg.com/profile_images/586207714663075840/EksJPoUP_normal.jpg"", ""protected"": false, ""rawDescription"": ""I'm a budding preacher and teacher of the Word, a mouthpiece, an oracle of the Almighty and an awesome mum. My life is brilliant- I'm celebrating all the way."", ""statusesCount"": 8823, ""url"": ""https://x.com/threshingflo"", ""username"": ""threshingflo"", ""verified"": false}"
193,923032746804461568,1282140130174660608,e5421ef2b751488bd684e8f3,2bef5a7e9b9ed2e1402dc3064fd5eb9b,25,2026-10-08T14:59:21+00:00,Ashadevi9415,🏝️Ashadevi🏝️,अवश्य पढ़ें ये अनमोल पुस्तक #जीने_की_राह 🙏,"बाराबंकी ,उत्तर प्रदेश",12576,1259,6083,0,0,"{""_type"": ""snscrape.modules.twitter.User"", ""blue"": false, ""blueType"": null, ""created"": ""2017-10-25 03:45:30+00:00"", ""descriptionLinks"": [], ""displayname"": ""🏝️Ashadevi🏝️"", ""favouritesCount"": 3734, ""followersCount"": 12576, ""friendsCount"": 1259, ""id"": 923032746804461568, ""id_str"": ""923032746804461568"", ""listedCount"": 0, ""location"": ""बाराबंकी ,उत्तर प्रदेश"", ""mediaCount"": 2275, ""pinnedIds"": [1524350737844645890], ""profileBannerUrl"": ""https://pbs.twimg.com/profile_banners/923032746804461568/1695870014"", ""profileImageUrl"": ""https://pbs.twimg.com/profile_images/1371504408417116170/7wfhkjIs_normal.jpg"", ""protected"": false, ""rawDescription"": ""अवश्य पढ़ें ये अनमोल पुस्तक #जीने_की_राह 🙏"", ""statusesCount"": 6083, ""url"": ""https://x.com/Ashadevi9415"", ""username"": ""Ashadevi9415"", ""verified"": false}"
194,1185834457367900160,1282118910695763968,e5421ef2b751488bd684e8f3,2bef5a7e9b9ed2e1402dc3064fd5eb9b,25,2026-10-08T14:59:21+00:00,pawar_jaswinder,Jaswinder Pawar 👏 💯,I am support farmer.,"Haryana, India",573,891,14778,0,0,"{""_type"": ""snscrape.modules.twitter.User"", ""blue"": false, ""blueType"": null, ""created"": ""2019-10-20 08:26:02+00:00"", ""descriptionLinks"": [{""tcourl"": ""https://t.co/Fyr6mTvcof"", ""text"": ""jagatgururampalji.org"", ""url"": ""https://www.jagatgururampalji.org/""}], ""displayname"": ""Jaswinder Pawar 👏 💯"", ""favouritesCount"": 15278, ""followersCount"": 573, ""friendsCount"": 891, ""id"": 1185834457367900160, ""id_str"": ""1185834457367900160"", ""listedCount"": 0, ""location"": ""Haryana, India"", ""mediaCount"": 4423, ""pinnedIds"": [1213333163469991936], ""profileBannerUrl"": ""https://pbs.twimg.com/profile_banners/1185834457367900160/1781792539"", ""profileImageUrl"": ""https://pbs.twimg.com/profile_images/1571548987156725761/W_jKfQSV_normal.jpg"", ""protected"": false, ""rawDescription"": ""I am support farmer."", ""statusesCount"": 14778, ""url"": ""https://x.com/pawar_jaswinder"", ""username"": ""pawar_jaswinder"", ""verified"": false}"
195,955925072375701504,1282058081673908227,e5421ef2b751488bd684e8f3,2bef5a7e9b9ed2e1402dc3064fd5eb9b,25,2026-10-08T14:59:21+00:00,ChaunceyGardner,"Charles A. Gardner, PhD","Consultant | Speaker.  Goals:  Reduce smoking-related DEATH; reduce teen nicotine USE.  Both involve change.  To change something, we need to measure it...","New York, NY, USA",14468,4346,134082,0,0,"{""_type"": ""snscrape.modules.twitter.User"", ""blue"": true, ""blueType"": null, ""created"": ""2018-01-23 22:07:52+00:00"", ""descriptionLinks"": [], ""displayname"": ""Charles A. Gardner, PhD"", ""favouritesCount"": 136137, ""followersCount"": 14468, ""friendsCount"": 4346, ""id"": 955925072375701504, ""id_str"": ""955925072375701504"", ""listedCount"": 0, ""location"": ""New York, NY, USA"", ""mediaCount"": 32116, ""pinnedIds"": [2099298986356076888], ""profileBannerUrl"": ""https://pbs.twimg.com/profile_banners/955925072375701504/1526183785"", ""profileImageUrl"": ""https://pbs.twimg.com/profile_images/996919846725210112/jNj0MInc_normal.jpg"", ""protected"": false, ""rawDescription"": ""Consultant | Speaker.  Goals:  Reduce smoking-related DEATH; reduce teen nicotine USE.  Both involve change.  To change something, we need to measure it..."", ""statusesCount"": 134082, ""url"": ""https://x.com/ChaunceyGardner"", ""username"": ""ChaunceyGardner"", ""verified"": false}"
196,276236590,1282057111602630661,e5421ef2b751488bd684e8f3,2bef5a7e9b9ed2e1402dc3064fd5eb9b,25,2026-10-08T14:59:21+00:00,RushmoreExt23,Phillip Kirschberg,"Smoking/tobacco harm reduction advocate. WNL co-host. ASU Alumni '97 🌹 Not humorless. Personal account. I'd prefer to make the world a better place, and you?",Birmingham,3799,1052,68352,0,0,"{""_type"": ""snscrape.modules.twitter.User"", ""blue"": true, ""blueType"": null, ""created"": ""2011-04-02 23:22:22+00:00"", ""descriptionLinks"": [{""tcourl"": ""https://t.co/w2pPb2HrcY"", ""text"": ""youtube.com/@zamplebox"", ""url"": ""https://youtube.com/@zamplebox""}], ""displayname"": ""Phillip Kirschberg"", ""favouritesCount"": 353379, ""followersCount"": 3799, ""friendsCount"": 1052, ""id"": 276236590, ""id_str"": ""276236590"", ""listedCount"": 0, ""location"": ""Birmingham"", ""mediaCount"": 7426, ""pinnedIds"": [2099913433088995685], ""profileBannerUrl"": ""https://pbs.twimg.com/profile_banners/276236590/1787258247"", ""profileImageUrl"": ""https://pbs.twimg.com/profile_images/2064688135804473344/9tY5j5i4_normal.jpg"", ""protected"": false, ""rawDescription"": ""Smoking/tobacco harm reduction advocate. WNL co-host. ASU Alumni '97 🌹 Not humorless. Personal account. I'd prefer to make the world a better place, and you?"", ""statusesCount"": 68352, ""url"": ""https://x.com/RushmoreExt23"", ""username"": ""RushmoreExt23"", ""verified"": false}"
198,1013321524273602560,1282052786314772483,e5421ef2b751488bd684e8f3,2bef5a7e9b9ed2e1402dc3064fd5eb9b,25,2026-10-08T14:59:21+00:00,vampflore,florence,23 he 🇨🇦🪶・ ficto/夢男子 ・ mainly oc/selfship art・🔥🌹・🐂🦑 ・ icon/middymidmid ・ COMM info➡️straw/linktree ・🔑@vampfloor,,1525,48,7136,0,0,"{""_type"": ""snscrape.modules.twitter.User"", ""blue"": false, ""blueType"": null, ""created"": ""2018-07-01 07:20:52+00:00"", ""descriptionLinks"": [{""tcourl"": ""https://t.co/8cf6UDkHmJ"", ""text"": ""vampflore.straw.page"", ""url"": ""https://vampflore.straw.page/""}], ""displayname"": ""florence"", ""favouritesCount"": 7545, ""followersCount"": 1525, ""friendsCount"": 48, ""id"": 1013321524273602560, ""id_str"": ""1013321524273602560"", ""listedCount"": 0, ""location"": """", ""mediaCount"": 1591, ""pinnedIds"": [2086110202059735410], ""profileBannerUrl"": ""https://pbs.twimg.com/profile_banners/1013321524273602560/1779940829"", ""profileImageUrl"": ""https://pbs.twimg.com/profile_images/2084090053412708352/bW068Rfh_normal.jpg"", ""protected"": false, ""rawDescription"": ""23 he 🇨🇦🪶・ ficto/夢男子 ・ mainly oc/selfship art・🔥🌹・🐂🦑 ・ icon/middymidmid ・ COMM info➡️straw/linktree ・🔑@vampfloor"", ""statusesCount"": 7136, ""url"": ""https://x.com/vampflore"", ""username"": ""vampflore"", ""verified"": false}"
199,1040792355601829889,1282043150018793479,e5421ef2b751488bd684e8f3,2bef5a7e9b9ed2e1402dc3064fd5eb9b,26,2026-10-08T14:59:34+00:00,Florence3207479,Florence,,,278,219,10580,0,0,"{""_type"": ""snscrape.modules.twitter.User"", ""blue"": false, ""blueType"": null, ""created"": ""2018-09-15 02:40:09+00:00"", ""descriptionLinks"": [], ""displayname"": ""Florence"", ""favouritesCount"": 58797, ""followersCount"": 278, ""friendsCount"": 219, ""id"": 1040792355601829889, ""id_str"": ""1040792355601829889"", ""listedCount"": 0, ""location"": """", ""mediaCount"": 1900, ""pinnedIds"": [], ""profileBannerUrl"": """", ""profileImageUrl"": ""https://pbs.twimg.com/profile_images/1070093564246417411/7DUt2UIr_normal.jpg"", ""protected"": false, ""rawDescription"": """", ""statusesCount"": 10580, ""url"": ""https://x.com/Florence3207479"", ""username"": ""Florence3207479"", ""verified"": false}"
200,924025332847521792,1282041225105879042,e5421ef2b751488bd684e8f3,2bef5a7e9b9ed2e1402dc3064fd5eb9b,26,2026-10-08T14:59:34+00:00,Florencecavpack,Florence,Fun loving member of the #cavpack proud member of #BWOC 🐶😈,,2696,1925,16319,0,0,"{""_type"": ""snscrape.modules.twitter.User"", ""blue"": false, ""blueType"": null, ""created"": ""2017-10-27 21:29:41+00:00"", ""descriptionLinks"": [], ""displayname"": ""Florence"", ""favouritesCount"": 79492, ""followersCount"": 2696, ""friendsCount"": 1925, ""id"": 924025332847521792, ""id_str"": ""924025332847521792"", ""listedCount"": 0, ""location"": """", ""mediaCount"": 2560, ""pinnedIds"": [2099195557587603816], ""profileBannerUrl"": ""https://pbs.twimg.com/profile_banners/924025332847521792/1721728564"", ""profileImageUrl"": ""https://pbs.twimg.com/profile_images/2087880658139873280/GQgeqZZV_normal.jpg"", ""protected"": false, ""rawDescription"": ""Fun loving member of the #cavpack proud member of #BWOC 🐶😈"", ""statusesCount"": 16319, ""url"": ""https://x.com/Florencecavpack"", ""username"": ""Florencecavpack"", ""verified"": false}"
201,276236590,1282039953594167296,e5421ef2b751488bd684e8f3,2bef5a7e9b9ed2e1402dc3064fd5eb9b,26,2026-10-08T14:59:34+00:00,RushmoreExt23,Phillip Kirschberg,"Smoking/tobacco harm reduction advocate. WNL co-host. ASU Alumni '97 🌹 Not humorless. Personal account. I'd prefer to make the world a better place, and you?",Birmingham,3799,1052,68352,0,0,"{""_type"": ""snscrape.modules.twitter.User"", ""blue"": true, ""blueType"": null, ""created"": ""2011-04-02 23:22:22+00:00"", ""descriptionLinks"": [{""tcourl"": ""https://t.co/w2pPb2HrcY"", ""text"": ""youtube.com/@zamplebox"", ""url"": ""https://youtube.com/@zamplebox""}], ""displayname"": ""Phillip Kirschberg"", ""favouritesCount"": 353385, ""followersCount"": 3799, ""friendsCount"": 1052, ""id"": 276236590, ""id_str"": ""276236590"", ""listedCount"": 0, ""location"": ""Birmingham"", ""mediaCount"": 7426, ""pinnedIds"": [2099913433088995685], ""profileBannerUrl"": ""https://pbs.twimg.com/profile_banners/276236590/1787258247"", ""profileImageUrl"": ""https://pbs.twimg.com/profile_images/2064688135804473344/9tY5j5i4_normal.jpg"", ""protected"": false, ""rawDescription"": ""Smoking/tobacco harm reduction advocate. WNL co-host. ASU Alumni '97 🌹 Not humorless. Personal account. I'd prefer to make the world a better place, and you?"", ""statusesCount"": 68352, ""url"": ""https://x.com/RushmoreExt23"", ""username"": ""RushmoreExt23"", ""verified"": false}"
203,2635771711,1282035744777949186,e5421ef2b751488bd684e8f3,2bef5a7e9b9ed2e1402dc3064fd5eb9b,26,2026-10-08T14:59:34+00:00,Akuba03,Esther Akua Gyamfi,,,10,25,85,0,0,"{""_type"": ""snscrape.modules.twitter.User"", ""blue"": false, ""blueType"": null, ""created"": ""2014-07-13 09:10:48+00:00"", ""descriptionLinks"": [], ""displayname"": ""Esther Akua Gyamfi"", ""favouritesCount"": 27, ""followersCount"": 10, ""friendsCount"": 25, ""id"": 2635771711, ""id_str"": ""2635771711"", ""listedCount"": 0, ""location"": """", ""mediaCount"": 0, ""pinnedIds"": [], ""profileBannerUrl"": """", ""profileImageUrl"": ""https://abs.twimg.com/sticky/default_profile_images/default_profile_normal.png"", ""protected"": false, ""rawDescription"": """", ""statusesCount"": 85, ""url"": ""https://x.com/Akuba03"", ""username"": ""Akuba03"", ""verified"": false}"
204,952528141116956672,1282033465299546112,e5421ef2b751488bd684e8f3,2bef5a7e9b9ed2e1402dc3064fd5eb9b,26,2026-10-08T14:59:34+00:00,florence_rattle,Florence Rattle 💚🤍💜,"Sex is observed at birth. Gender is the problem, not the solution. #Womenwontwheesht",,987,1108,9080,0,0,"{""_type"": ""snscrape.modules.twitter.User"", ""blue"": false, ""blueType"": null, ""created"": ""2018-01-14 13:09:40+00:00"", ""descriptionLinks"": [], ""displayname"": ""Florence Rattle 💚🤍💜"", ""favouritesCount"": 66327, ""followersCount"": 987, ""friendsCount"": 1108, ""id"": 952528141116956672, ""id_str"": ""952528141116956672"", ""listedCount"": 0, ""location"": """", ""mediaCount"": 238, ""pinnedIds"": [], ""profileBannerUrl"": ""https://pbs.twimg.com/profile_banners/952528141116956672/1623011096"", ""profileImageUrl"": ""https://pbs.twimg.com/profile_images/1400539573298634752/RkkTEqhv_normal.jpg"", ""protected"": false, ""rawDescription"": ""Sex is observed at birth. Gender is the problem, not the solution. #Womenwontwheesht"", ""statusesCount"": 9080, ""url"": ""https://x.com/florence_rattle"", ""username"": ""florence_rattle"", ""verified"": false}"
205,2567782003,1282027433873625097,e5421ef2b751488bd684e8f3,2bef5a7e9b9ed2e1402dc3064fd5eb9b,26,2026-10-08T14:59:34+00:00,Vapingit,"VapingIT, SPE, EEI","CDC Certified #Tobacco Control ""Prevention"" Expert.

#Freedom #Choice #HarmReduction #Nicotine #YouDontKnowNicotine #ABillionLives #Caffeine #Grandpalife","#Vaping Where I Am, Ohio",16975,12805,211551,0,0,"{""_type"": ""snscrape.modules.twitter.User"", ""blue"": true, ""blueType"": null, ""created"": ""2014-06-14 20:49:36+00:00"", ""descriptionLinks"": [{""tcourl"": ""https://t.co/9ZKbhSJcJf"", ""text"": ""vapingit.substack.com"", ""url"": ""https://vapingit.substack.com/""}], ""displayname"": ""VapingIT, SPE, EEI"", ""favouritesCount"": 102234, ""followersCount"": 16975, ""friendsCount"": 12805, ""id"": 2567782003, ""id_str"": ""2567782003"", ""listedCount"": 0, ""location"": ""#Vaping Where I Am, Ohio"", ""mediaCount"": 33845, ""pinnedIds"": [2016519462661353631], ""profileBannerUrl"": ""https://pbs.twimg.com/profile_banners/2567782003/1424916037"", ""profileImageUrl"": ""https://pbs.twimg.com/profile_images/1114919834804989955/IkobGtPG_normal.png"", ""protected"": false, ""rawDescription"": ""CDC Certified #Tobacco Control \""Prevention\"" Expert.\n\n#Freedom #Choice #HarmReduction #Nicotine #YouDontKnowNicotine #ABillionLives #Caffeine #Grandpalife"", ""statusesCount"": 211551, ""url"": ""https://x.com/Vapingit"", ""username"": ""Vapingit"", ""verified"": false}"
206,27145245,1282027284610854913,e5421ef2b751488bd684e8f3,2bef5a7e9b9ed2e1402dc3064fd5eb9b,26,2026-10-08T14:59:34+00:00,SeismicPirate,Marc and Bernie,"Multiple business owner, father of three. #harmreduction advocate. Living with the coolest dog, ever. #LLAP","Houghton, MI",2694,1599,29056,0,0,"{""_type"": ""snscrape.modules.twitter.User"", ""blue"": false, ""blueType"": null, ""created"": ""2009-03-28 01:08:26+00:00"", ""descriptionLinks"": [], ""displayname"": ""Marc and Bernie"", ""favouritesCount"": 17627, ""followersCount"": 2694, ""friendsCount"": 1599, ""id"": 27145245, ""id_str"": ""27145245"", ""listedCount"": 0, ""location"": ""Houghton, MI"", ""mediaCount"": 1322, ""pinnedIds"": [], ""profileBannerUrl"": ""https://pbs.twimg.com/profile_banners/27145245/1657736521"", ""profileImageUrl"": ""https://pbs.twimg.com/profile_images/1547285230318395392/YHxALkdx_normal.jpg"", ""protected"": false, ""rawDescription"": ""Multiple business owner, father of three. #harmreduction advocate. Living with the coolest dog, ever. #LLAP"", ""statusesCount"": 29056, ""url"": ""https://x.com/SeismicPirate"", ""username"": ""SeismicPirate"", ""verified"": false}"
207,243666972,1282023915238219777,e5421ef2b751488bd684e8f3,2bef5a7e9b9ed2e1402dc3064fd5eb9b,26,2026-10-08T14:59:34+00:00,HoffmanMichaelA,Michael Hoffman,"Revisionist historian who is a lover, not a hater. Former reporter for the NY bureau of the Associated Press. https://t.co/FNCyzLVncy","Coeur d’Alene, Idaho",13994,29,3835,0,0,"{""_type"": ""snscrape.modules.twitter.User"", ""blue"": true, ""blueType"": null, ""created"": ""2011-01-27 15:14:04+00:00"", ""descriptionLinks"": [{""tcourl"": ""https://t.co/FNCyzLVncy"", ""text"": ""grokipedia.com/page/Michael_A…"", ""url"": ""https://grokipedia.com/page/Michael_A._Hoffman_II""}, {""tcourl"": ""https://t.co/gLD0PuMajU"", ""text"": ""tinyurl.com/ynp6jf96"", ""url"": ""https://tinyurl.com/ynp6jf96""}], ""displayname"": ""Michael Hoffman"", ""favouritesCount"": 2318, ""followersCount"": 13994, ""friendsCount"": 29, ""id"": 243666972, ""id_str"": ""243666972"", ""listedCount"": 0, ""location"": ""Coeur d’Alene, Idaho"", ""mediaCount"": 565, ""pinnedIds"": [1977109274481639520], ""profileBannerUrl"": ""https://pbs.twimg.com/profile_banners/243666972/1572019262"", ""profileImageUrl"": ""https://pbs.twimg.com/profile_images/1172162051659091969/FPCHLmv8_normal.jpg"", ""protected"": false, ""rawDescription"": ""Revisionist historian who is a lover, not a hater. Former reporter for the NY bureau of the Associated Press. https://t.co/FNCyzLVncy"", ""statusesCount"": 3835, ""url"": ""https://x.com/HoffmanMichaelA"", ""username"": ""HoffmanMichaelA"", ""verified"": false}"
208,955925072375701504,1282022750937391104,e5421ef2b751488bd684e8f3,2bef5a7e9b9ed2e1402dc3064fd5eb9b,26,2026-10-08T14:59:34+00:00,ChaunceyGardner,"Charles A. Gardner, PhD","Consultant | Speaker.  Goals:  Reduce smoking-related DEATH; reduce teen nicotine USE.  Both involve change.  To change something, we need to measure it...","New York, NY, USA",14468,4346,134082,0,0,"{""_type"": ""snscrape.modules.twitter.User"", ""blue"": true, ""blueType"": null, ""created"": ""2018-01-23 22:07:52+00:00"", ""descriptionLinks"": [], ""displayname"": ""Charles A. Gardner, PhD"", ""favouritesCount"": 136137, ""followersCount"": 14468, ""friendsCount"": 4346, ""id"": 955925072375701504, ""id_str"": ""955925072375701504"", ""listedCount"": 0, ""location"": ""New York, NY, USA"", ""mediaCount"": 32116, ""pinnedIds"": [2099298986356076888], ""profileBannerUrl"": ""https://pbs.twimg.com/profile_banners/955925072375701504/1526183785"", ""profileImageUrl"": ""https://pbs.twimg.com/profile_images/996919846725210112/jNj0MInc_normal.jpg"", ""protected"": false, ""rawDescription"": ""Consultant | Speaker.  Goals:  Reduce smoking-related DEATH; reduce teen nicotine USE.  Both involve change.  To change something, we need to measure it..."", ""statusesCount"": 134082, ""url"": ""https://x.com/ChaunceyGardner"", ""username"": ""ChaunceyGardner"", ""verified"": false}"
210,14499829,1281625190871511040,e5421ef2b751488bd684e8f3,2bef5a7e9b9ed2e1402dc3064fd5eb9b,26,2026-10-08T14:59:34+00:00,WHO,World Health Organization (WHO),"We are the @UN’s health agency working for #HealthForAll
Always check our latest tweets for updated advice/information.","Geneva, Switzerland",12669862,1734,83434,0,0,"{""_type"": ""snscrape.modules.twitter.User"", ""blue"": true, ""blueType"": ""Government"", ""created"": ""2008-04-23 19:56:27+00:00"", ""descriptionLinks"": [{""tcourl"": ""https://t.co/28yN4nSRNK"", ""text"": ""who.int"", ""url"": ""http://www.who.int""}], ""displayname"": ""World Health Organization (WHO)"", ""favouritesCount"": 13969, ""followersCount"": 12669862, ""friendsCount"": 1734, ""id"": 14499829, ""id_str"": ""14499829"", ""listedCount"": 0, ""location"": ""Geneva, Switzerland"", ""mediaCount"": 26313, ""pinnedIds"": [2107852059706114345], ""profileBannerUrl"": ""https://pbs.twimg.com/profile_banners/14499829/1715598334"", ""profileImageUrl"": ""https://pbs.twimg.com/profile_images/1572512818796335105/YF_H68EL_normal.jpg"", ""protected"": false, ""rawDescription"": ""We are the @UN’s health agency working for #HealthForAll\nAlways check our latest tweets for updated advice/information."", ""statusesCount"": 83434, ""url"": ""https://x.com/WHO"", ""username"": ""WHO"", ""verified"": false}"
212,244947103,1281712815145877505,e5421ef2b751488bd684e8f3,2bef5a7e9b9ed2e1402dc3064fd5eb9b,26,2026-10-08T14:59:34+00:00,swimdaily,Derek Yach,#GlobalHealth promotion focused on #NCDs #mentalhealth #AI #Health @WHO @Yale @VitalityUSA @PepsiCo & @CMMB 🏊‍♂️ daily! Psychroloutes.,"Fairfield, CT",3292,2481,9102,0,0,"{""_type"": ""snscrape.modules.twitter.User"", ""blue"": true, ""blueType"": null, ""created"": ""2011-01-30 14:18:14+00:00"", ""descriptionLinks"": [{""tcourl"": ""https://t.co/zYYEq2kS01"", ""text"": ""derekyach.com"", ""url"": ""http://derekyach.com""}], ""displayname"": ""Derek Yach"", ""favouritesCount"": 8262, ""followersCount"": 3292, ""friendsCount"": 2481, ""id"": 244947103, ""id_str"": ""244947103"", ""listedCount"": 0, ""location"": ""Fairfield, CT"", ""mediaCount"": 569, ""pinnedIds"": [], ""profileBannerUrl"": ""https://pbs.twimg.com/profile_banners/244947103/1788465586"", ""profileImageUrl"": ""https://pbs.twimg.com/profile_images/2107217951392718848/kQztrD96_normal.jpg"", ""protected"": false, ""rawDescription"": ""#GlobalHealth promotion focused on #NCDs #mentalhealth #AI #Health @WHO @Yale @VitalityUSA @PepsiCo & @CMMB 🏊‍♂️ daily! Psychroloutes."", ""statusesCount"": 9102, ""url"": ""https://x.com/swimdaily"", ""username"": ""swimdaily"", ""verified"": false}"
214,3038007755,1282000335444336640,e5421ef2b751488bd684e8f3,2bef5a7e9b9ed2e1402dc3064fd5eb9b,26,2026-10-08T14:59:34+00:00,hinchadehozier,rory gilmore del conurbano,nadie ama a jane austen más que yo,in the woods somewhere,5342,3296,44153,0,0,"{""_type"": ""snscrape.modules.twitter.User"", ""blue"": false, ""blueType"": null, ""created"": ""2015-02-15 00:35:49+00:00"", ""descriptionLinks"": [], ""displayname"": ""rory gilmore del conurbano"", ""favouritesCount"": 253385, ""followersCount"": 5342, ""friendsCount"": 3296, ""id"": 3038007755, ""id_str"": ""3038007755"", ""listedCount"": 0, ""location"": ""in the woods somewhere"", ""mediaCount"": 8234, ""pinnedIds"": [1863084843392725086], ""profileBannerUrl"": ""https://pbs.twimg.com/profile_banners/3038007755/1761350687"", ""profileImageUrl"": ""https://pbs.twimg.com/profile_images/2037655310207258624/AZcwbRDF_normal.jpg"", ""protected"": false, ""rawDescription"": ""nadie ama a jane austen más que yo"", ""statusesCount"": 44153, ""url"": ""https://x.com/hinchadehozier"", ""username"": ""hinchadehozier"", ""verified"": false}"
215,1104272756030533632,1281699880755503105,e5421ef2b751488bd684e8f3,2bef5a7e9b9ed2e1402dc3064fd5eb9b,26,2026-10-08T14:59:34+00:00,koralinadean,cay,this account was filmed in front of a live studio audience,😫✨ she/her ,37025,885,106454,0,0,"{""_type"": ""snscrape.modules.twitter.User"", ""blue"": false, ""blueType"": null, ""created"": ""2019-03-09 06:48:36+00:00"", ""descriptionLinks"": [{""tcourl"": ""https://t.co/UmznKvy6vP"", ""text"": ""boxd.it/2KcVT"", ""url"": ""https://boxd.it/2KcVT""}], ""displayname"": ""cay"", ""favouritesCount"": 128223, ""followersCount"": 37025, ""friendsCount"": 885, ""id"": 1104272756030533632, ""id_str"": ""1104272756030533632"", ""listedCount"": 0, ""location"": ""😫✨ she/her "", ""mediaCount"": 33812, ""pinnedIds"": [1395776842607611906], ""profileBannerUrl"": ""https://pbs.twimg.com/profile_banners/1104272756030533632/1622723510"", ""profileImageUrl"": ""https://pbs.twimg.com/profile_images/1982929887380877312/nuEgGkAh_normal.jpg"", ""protected"": false, ""rawDescription"": ""this account was filmed in front of a live studio audience"", ""statusesCount"": 106454, ""url"": ""https://x.com/koralinadean"", ""username"": ""koralinadean"", ""verified"": false}"
216,772714266,1281978164374315008,e5421ef2b751488bd684e8f3,2bef5a7e9b9ed2e1402dc3064fd5eb9b,26,2026-10-08T14:59:34+00:00,FHSFalconRadio,FlorenceFalconRadio,The Voice of the Florence Falcons,,1101,73,2250,0,0,"{""_type"": ""snscrape.modules.twitter.User"", ""blue"": false, ""blueType"": null, ""created"": ""2012-08-22 02:29:28+00:00"", ""descriptionLinks"": [], ""displayname"": ""FlorenceFalconRadio"", ""favouritesCount"": 227, ""followersCount"": 1101, ""friendsCount"": 73, ""id"": 772714266, ""id_str"": ""772714266"", ""listedCount"": 0, ""location"": """", ""mediaCount"": 154, ""pinnedIds"": [], ""profileBannerUrl"": """", ""profileImageUrl"": ""https://pbs.twimg.com/profile_images/2547268567/jxpv2c7gzfwa169knpla_normal.png"", ""protected"": false, ""rawDescription"": ""The Voice of the Florence Falcons"", ""statusesCount"": 2250, ""url"": ""https://x.com/FHSFalconRadio"", ""username"": ""FHSFalconRadio"", ""verified"": false}"
217,104277809,1281951382807822351,e5421ef2b751488bd684e8f3,2bef5a7e9b9ed2e1402dc3064fd5eb9b,26,2026-10-08T14:59:34+00:00,UN_News_Centre,UN News,"The United Nations’ official news service.
Breaking news and stories from across the UN and its work around the world.","Manhattan, NY",846675,1349,74051,0,0,"{""_type"": ""snscrape.modules.twitter.User"", ""blue"": false, ""blueType"": ""Government"", ""created"": ""2010-01-12 21:25:52+00:00"", ""descriptionLinks"": [{""tcourl"": ""https://t.co/r2JoWl9PDy"", ""text"": ""news.un.org/en/"", ""url"": ""https://news.un.org/en/""}], ""displayname"": ""UN News"", ""favouritesCount"": 3500, ""followersCount"": 846675, ""friendsCount"": 1349, ""id"": 104277809, ""id_str"": ""104277809"", ""listedCount"": 0, ""location"": ""Manhattan, NY"", ""mediaCount"": 17818, ""pinnedIds"": [], ""profileBannerUrl"": ""https://pbs.twimg.com/profile_banners/104277809/1787754846"", ""profileImageUrl"": ""https://pbs.twimg.com/profile_images/1166788017354432512/SO_UaxYd_normal.jpg"", ""protected"": false, ""rawDescription"": ""The United Nations’ official news service.\nBreaking news and stories from across the UN and its work around the world."", ""statusesCount"": 74051, ""url"": ""https://x.com/UN_News_Centre"", ""username"": ""UN_News_Centre"", ""verified"": false}"
218,20224173,1281940226794049536,e5421ef2b751488bd684e8f3,2bef5a7e9b9ed2e1402dc3064fd5eb9b,26,2026-10-08T14:59:34+00:00,Sineadey,Sinéad Florence Livingston,"@Sage_Gateshead @Sunderlanduni graduate-BA(Hons)Community Music  

Leader of The Singergy Collective Choirs 
Lover of the hills and sea.
Tea enthusiast

she/her",Weardale,1211,2650,21265,0,0,"{""_type"": ""snscrape.modules.twitter.User"", ""blue"": false, ""blueType"": null, ""created"": ""2009-02-06 08:57:56+00:00"", ""descriptionLinks"": [{""tcourl"": ""https://t.co/EdJEwgbX3o"", ""text"": ""youtube.com/sineadey1990"", ""url"": ""http://www.youtube.com/sineadey1990""}], ""displayname"": ""Sinéad Florence Livingston"", ""favouritesCount"": 15795, ""followersCount"": 1211, ""friendsCount"": 2650, ""id"": 20224173, ""id_str"": ""20224173"", ""listedCount"": 0, ""location"": ""Weardale"", ""mediaCount"": 1609, ""pinnedIds"": [1066840795137871873], ""profileBannerUrl"": ""https://pbs.twimg.com/profile_banners/20224173/1469696392"", ""profileImageUrl"": ""https://pbs.twimg.com/profile_images/1657113645879373825/vVF_AIdO_normal.jpg"", ""protected"": false, ""rawDescription"": ""@Sage_Gateshead @Sunderlanduni graduate-BA(Hons)Community Music  \n\nLeader of The Singergy Collective Choirs \nLover of the hills and sea.\nTea enthusiast\n\nshe/her"", ""statusesCount"": 21265, ""url"": ""https://x.com/Sineadey"", ""username"": ""Sineadey"", ""verified"": false}"
219,851144697804455936,1281929513941774337,e5421ef2b751488bd684e8f3,2bef5a7e9b9ed2e1402dc3064fd5eb9b,26,2026-10-08T14:59:34+00:00,laciaociao,melissa 🇩🇰🇷🇸🇫🇮🇮🇹,22 | she/her | i'm a million miles away from who i wanna be 💔,🤍💙🤍,389,350,10246,0,0,"{""_type"": ""snscrape.modules.twitter.User"", ""blue"": false, ""blueType"": null, ""created"": ""2017-04-09 18:48:04+00:00"", ""descriptionLinks"": [], ""displayname"": ""melissa 🇩🇰🇷🇸🇫🇮🇮🇹"", ""favouritesCount"": 25730, ""followersCount"": 389, ""friendsCount"": 350, ""id"": 851144697804455936, ""id_str"": ""851144697804455936"", ""listedCount"": 0, ""location"": ""🤍💙🤍"", ""mediaCount"": 1108, ""pinnedIds"": [], ""profileBannerUrl"": ""https://pbs.twimg.com/profile_banners/851144697804455936/1675984091"", ""profileImageUrl"": ""https://pbs.twimg.com/profile_images/1889461837579603968/mujd1MMi_normal.jpg"", ""protected"": false, ""rawDescription"": ""22 | she/her | i'm a million miles away from who i wanna be 💔"", ""statusesCount"": 10246, ""url"": ""https://x.com/laciaociao"", ""username"": ""laciaociao"", ""verified"": false}"
220,904192688,1281928881512026124,e5421ef2b751488bd684e8f3,2bef5a7e9b9ed2e1402dc3064fd5eb9b,26,2026-10-08T14:59:34+00:00,OakminsterHC,Oakminster Healthcare,Specialist care homes with experience of more then 20 years in the care of elderly people. Our strength lies in the excellent service we provide.,"Glasgow, Scotland",666,516,2125,0,0,"{""_type"": ""snscrape.modules.twitter.User"", ""blue"": false, ""blueType"": null, ""created"": ""2012-10-25 16:13:47+00:00"", ""descriptionLinks"": [{""tcourl"": ""https://t.co/R1G9gWDF1p"", ""text"": ""oakminsterhealthcare.co.uk"", ""url"": ""http://www.oakminsterhealthcare.co.uk""}], ""displayname"": ""Oakminster Healthcare"", ""favouritesCount"": 160, ""followersCount"": 666, ""friendsCount"": 516, ""id"": 904192688, ""id_str"": ""904192688"", ""listedCount"": 0, ""location"": ""Glasgow, Scotland"", ""mediaCount"": 714, ""pinnedIds"": [1063588664633171968], ""profileBannerUrl"": ""https://pbs.twimg.com/profile_banners/904192688/1530627092"", ""profileImageUrl"": ""https://pbs.twimg.com/profile_images/1384879529655681027/uU-6XgPR_normal.jpg"", ""protected"": false, ""rawDescription"": ""Specialist care homes with experience of more then 20 years in the care of elderly people. Our strength lies in the excellent service we provide."", ""statusesCount"": 2125, ""url"": ""https://x.com/OakminsterHC"", ""username"": ""OakminsterHC"", ""verified"": false}"
221,190226956,1281911029383847939,e5421ef2b751488bd684e8f3,2bef5a7e9b9ed2e1402dc3064fd5eb9b,26,2026-10-08T14:59:34+00:00,cherubinvinuya,Florence,"i love fish tofu and tortang talong, also pad thai.",Mandaluyong,1231,674,69556,0,0,"{""_type"": ""snscrape.modules.twitter.User"", ""blue"": false, ""blueType"": null, ""created"": ""2010-09-13 12:17:01+00:00"", ""descriptionLinks"": [{""tcourl"": ""https://t.co/uyQY6fmeDw"", ""text"": ""instagram.com/cherubinvinuya/"", ""url"": ""https://www.instagram.com/cherubinvinuya/""}], ""displayname"": ""Florence"", ""favouritesCount"": 146738, ""followersCount"": 1231, ""friendsCount"": 674, ""id"": 190226956, ""id_str"": ""190226956"", ""listedCount"": 0, ""location"": ""Mandaluyong"", ""mediaCount"": 4078, ""pinnedIds"": [1630074082585878529], ""profileBannerUrl"": ""https://pbs.twimg.com/profile_banners/190226956/1681302354"", ""profileImageUrl"": ""https://pbs.twimg.com/profile_images/1775043074194083840/Wtor_UTJ_normal.jpg"", ""protected"": false, ""rawDescription"": ""i love fish tofu and tortang talong, also pad thai."", ""statusesCount"": 69556, ""url"": ""https://x.com/cherubinvinuya"", ""username"": ""cherubinvinuya"", ""verified"": false}"
222,567028657,1281910029612994561,e5421ef2b751488bd684e8f3,2bef5a7e9b9ed2e1402dc3064fd5eb9b,27,2026-10-08T14:59:49+00:00,FlorenceThune,Florence Thune,Directrice Générale - Executive Director @SIdaction #HIV #VIH #sida #aids #droitsdesfemmes #WomensRights #HumanRights #droitsdesmalades #solidarité,,4212,1211,6259,0,0,"{""_type"": ""snscrape.modules.twitter.User"", ""blue"": false, ""blueType"": null, ""created"": ""2012-04-30 07:59:20+00:00"", ""descriptionLinks"": [], ""displayname"": ""Florence Thune"", ""favouritesCount"": 7961, ""followersCount"": 4212, ""friendsCount"": 1211, ""id"": 567028657, ""id_str"": ""567028657"", ""listedCount"": 0, ""location"": """", ""mediaCount"": 552, ""pinnedIds"": [1805125892181520487], ""profileBannerUrl"": ""https://pbs.twimg.com/profile_banners/567028657/1445696059"", ""profileImageUrl"": ""https://pbs.twimg.com/profile_images/1023208261137387520/UuL4908D_normal.jpg"", ""protected"": false, ""rawDescription"": ""Directrice Générale - Executive Director @SIdaction #HIV #VIH #sida #aids #droitsdesfemmes #WomensRights #HumanRights #droitsdesmalades #solidarité"", ""statusesCount"": 6259, ""url"": ""https://x.com/FlorenceThune"", ""username"": ""FlorenceThune"", ""verified"": false}"
223,1927011510,1281902650892705792,e5421ef2b751488bd684e8f3,2bef5a7e9b9ed2e1402dc3064fd5eb9b,27,2026-10-08T14:59:49+00:00,AgeUKSandwell,Age UK Sandwell,Improving the quality of life for older people in Sandwell -              0121 437 0033. Now part of the Age UK Birmingham family.,Sandwell,762,440,1084,0,0,"{""_type"": ""snscrape.modules.twitter.User"", ""blue"": false, ""blueType"": null, ""created"": ""2013-10-02 14:28:30+00:00"", ""descriptionLinks"": [{""tcourl"": ""https://t.co/wXYmQCOoI1"", ""text"": ""ageuksandwell.org.uk"", ""url"": ""http://www.ageuksandwell.org.uk""}], ""displayname"": ""Age UK Sandwell"", ""favouritesCount"": 91, ""followersCount"": 762, ""friendsCount"": 440, ""id"": 1927011510, ""id_str"": ""1927011510"", ""listedCount"": 0, ""location"": ""Sandwell"", ""mediaCount"": 521, ""pinnedIds"": [], ""profileBannerUrl"": ""https://pbs.twimg.com/profile_banners/1927011510/1641470177"", ""profileImageUrl"": ""https://pbs.twimg.com/profile_images/1093504929896034304/GNLDhjJ5_normal.jpg"", ""protected"": false, ""rawDescription"": ""Improving the quality of life for older people in Sandwell -              0121 437 0033. Now part of the Age UK Birmingham family."", ""statusesCount"": 1084, ""url"": ""https://x.com/AgeUKSandwell"", ""username"": ""AgeUKSandwell"", ""verified"": false}"
224,1564320913,1281882138309165056,e5421ef2b751488bd684e8f3,2bef5a7e9b9ed2e1402dc3064fd5eb9b,27,2026-10-08T14:59:49+00:00,Floramano,Florence Mano,"Through it all I have learnt to trust in God and to depend upon His word. Edify, Teach and Encourage believers. 🚫NO DM please.",,5763,3634,5258,0,0,"{""_type"": ""snscrape.modules.twitter.User"", ""blue"": false, ""blueType"": null, ""created"": ""2013-07-02 22:58:06+00:00"", ""descriptionLinks"": [], ""displayname"": ""Florence Mano"", ""favouritesCount"": 24100, ""followersCount"": 5763, ""friendsCount"": 3634, ""id"": 1564320913, ""id_str"": ""1564320913"", ""listedCount"": 0, ""location"": """", ""mediaCount"": 33, ""pinnedIds"": [1650785247259246596], ""profileBannerUrl"": ""https://pbs.twimg.com/profile_banners/1564320913/1547274371"", ""profileImageUrl"": ""https://pbs.twimg.com/profile_images/1448697119704068103/bF_7Yd3R_normal.jpg"", ""protected"": false, ""rawDescription"": ""Through it all I have learnt to trust in God and to depend upon His word. Edify, Teach and Encourage believers. 🚫NO DM please."", ""statusesCount"": 5258, ""url"": ""https://x.com/Floramano"", ""username"": ""Floramano"", ""verified"": false}"
225,153365411,1281874632002490368,e5421ef2b751488bd684e8f3,2bef5a7e9b9ed2e1402dc3064fd5eb9b,27,2026-10-08T14:59:49+00:00,fowflo,Florence Young,PhD student | Economist | Management Consultant | Mother | Emerging Entrepreneur | Education,,739,696,10169,0,0,"{""_type"": ""snscrape.modules.twitter.User"", ""blue"": false, ""blueType"": null, ""created"": ""2010-06-08 10:46:17+00:00"", ""descriptionLinks"": [], ""displayname"": ""Florence Young"", ""favouritesCount"": 8183, ""followersCount"": 739, ""friendsCount"": 696, ""id"": 153365411, ""id_str"": ""153365411"", ""listedCount"": 0, ""location"": """", ""mediaCount"": 112, ""pinnedIds"": [], ""profileBannerUrl"": ""https://pbs.twimg.com/profile_banners/153365411/1436757528"", ""profileImageUrl"": ""https://pbs.twimg.com/profile_images/1835152575529635841/B33VmUSD_normal.jpg"", ""protected"": false, ""rawDescription"": ""PhD student | Economist | Management Consultant | Mother | Emerging Entrepreneur | Education"", ""statusesCount"": 10169, ""url"": ""https://x.com/fowflo"", ""username"": ""fowflo"", ""verified"": false}"
226,1005831521058656257,1281845361200504832,e5421ef2b751488bd684e8f3,2bef5a7e9b9ed2e1402dc3064fd5eb9b,27,2026-10-08T14:59:49+00:00,Treich13,Nicolas Treich,"Economist working on animal welfare, as well as on environmental & ag economics, and public policy. All opinions are my own, not those of TSE or INRAE.","Toulouse, France",2504,1753,6087,0,0,"{""_type"": ""snscrape.modules.twitter.User"", ""blue"": false, ""blueType"": null, ""created"": ""2018-06-10 15:18:16+00:00"", ""descriptionLinks"": [{""tcourl"": ""https://t.co/FpCGBTQSUP"", ""text"": ""nicolastreich.com"", ""url"": ""http://www.nicolastreich.com""}], ""displayname"": ""Nicolas Treich"", ""favouritesCount"": 17885, ""followersCount"": 2504, ""friendsCount"": 1753, ""id"": 1005831521058656257, ""id_str"": ""1005831521058656257"", ""listedCount"": 0, ""location"": ""Toulouse, France"", ""mediaCount"": 403, ""pinnedIds"": [], ""profileBannerUrl"": """", ""profileImageUrl"": ""https://pbs.twimg.com/profile_images/1867915659721474048/NrIYKqpI_normal.jpg"", ""protected"": false, ""rawDescription"": ""Economist working on animal welfare, as well as on environmental & ag economics, and public policy. All opinions are my own, not those of TSE or INRAE."", ""statusesCount"": 6087, ""url"": ""https://x.com/Treich13"", ""username"": ""Treich13"", ""verified"": false}"
227,1212134237643526144,1281843266661478402,e5421ef2b751488bd684e8f3,2bef5a7e9b9ed2e1402dc3064fd5eb9b,27,2026-10-08T14:59:49+00:00,pizzzazlut,melissa thee stallion 🎃👻💀,Carol. part time dumbass. full time heathen. Kylux 4ever. currently kingdon. multi fandom and multi shipping galore 🔞NSFW🔞,30+•bi•she/her•force choke me,1424,717,102906,0,0,"{""_type"": ""snscrape.modules.twitter.User"", ""blue"": false, ""blueType"": null, ""created"": ""2019-12-31 22:11:46+00:00"", ""descriptionLinks"": [{""tcourl"": ""https://t.co/TYtyRFG1jG"", ""text"": ""archiveofourown.org/users/Pizzzazl…"", ""url"": ""https://archiveofourown.org/users/Pizzzazlut/works""}], ""displayname"": ""melissa thee stallion 🎃👻💀"", ""favouritesCount"": 183899, ""followersCount"": 1424, ""friendsCount"": 717, ""id"": 1212134237643526144, ""id_str"": ""1212134237643526144"", ""listedCount"": 0, ""location"": ""30+•bi•she/her•force choke me"", ""mediaCount"": 8446, ""pinnedIds"": [2086543865511899524], ""profileBannerUrl"": ""https://pbs.twimg.com/profile_banners/1212134237643526144/1784840945"", ""profileImageUrl"": ""https://pbs.twimg.com/profile_images/2086214110782668800/Tp1V2wB9_normal.jpg"", ""protected"": false, ""rawDescription"": ""Carol. part time dumbass. full time heathen. Kylux 4ever. currently kingdon. multi fandom and multi shipping galore 🔞NSFW🔞"", ""statusesCount"": 102906, ""url"": ""https://x.com/pizzzazlut"", ""username"": ""pizzzazlut"", ""verified"": false}"
228,258408688,1281839664442351618,e5421ef2b751488bd684e8f3,2bef5a7e9b9ed2e1402dc3064fd5eb9b,27,2026-10-08T14:59:49+00:00,Clive_Bates,Clive Bates,"What's right thing to do? Been with IBM, Greenpeace, ASH, Cabinet Office, Environment Agency, UN in Sudan, Welsh Government, DECC and now my own Counterfactual.","London or Derbyshire, UK",13900,1444,25305,0,0,"{""_type"": ""snscrape.modules.twitter.User"", ""blue"": true, ""blueType"": null, ""created"": ""2011-02-27 17:21:17+00:00"", ""descriptionLinks"": [{""tcourl"": ""https://t.co/UQ8IFavpp9"", ""text"": ""clivebates.substack.com"", ""url"": ""https://clivebates.substack.com/""}], ""displayname"": ""Clive Bates"", ""favouritesCount"": 6817, ""followersCount"": 13900, ""friendsCount"": 1444, ""id"": 258408688, ""id_str"": ""258408688"", ""listedCount"": 0, ""location"": ""London or Derbyshire, UK"", ""mediaCount"": 1624, ""pinnedIds"": [1450085683209584640], ""profileBannerUrl"": ""https://pbs.twimg.com/profile_banners/258408688/1706217132"", ""profileImageUrl"": ""https://pbs.twimg.com/profile_images/510833217004261376/hmWaVTS4_normal.jpeg"", ""protected"": false, ""rawDescription"": ""What's right thing to do? Been with IBM, Greenpeace, ASH, Cabinet Office, Environment Agency, UN in Sudan, Welsh Government, DECC and now my own Counterfactual."", ""statusesCount"": 25305, ""url"": ""https://x.com/Clive_Bates"", ""username"": ""Clive_Bates"", ""verified"": false}"
229,2349883271,1281831119596421121,e5421ef2b751488bd684e8f3,2bef5a7e9b9ed2e1402dc3064fd5eb9b,27,2026-10-08T14:59:49+00:00,cbibitch,florence like the machine,black lives matter |24 there’s been a slight misuse of the substance,new york,227,231,11727,0,0,"{""_type"": ""snscrape.modules.twitter.User"", ""blue"": false, ""blueType"": null, ""created"": ""2014-02-18 03:59:04+00:00"", ""descriptionLinks"": [], ""displayname"": ""florence like the machine"", ""favouritesCount"": 16679, ""followersCount"": 227, ""friendsCount"": 231, ""id"": 2349883271, ""id_str"": ""2349883271"", ""listedCount"": 0, ""location"": ""new york"", ""mediaCount"": 244, ""pinnedIds"": [1545851099894235136], ""profileBannerUrl"": ""https://pbs.twimg.com/profile_banners/2349883271/1662060556"", ""profileImageUrl"": ""https://pbs.twimg.com/profile_images/1697642807744237568/Nr7YXyJ__normal.jpg"", ""protected"": false, ""rawDescription"": ""black lives matter |24 there’s been a slight misuse of the substance"", ""statusesCount"": 11727, ""url"": ""https://x.com/cbibitch"", ""username"": ""cbibitch"", ""verified"": false}"
230,145600739,1281820078028124161,e5421ef2b751488bd684e8f3,2bef5a7e9b9ed2e1402dc3064fd5eb9b,27,2026-10-08T14:59:49+00:00,Vinayakmprasad,Vinayak Prasad,#Global Health expert . #Customs expert. Tweets are personal and may or may not reflect WHOs position where i am currently employed #tobacco control #WHO,Switzerland,651,825,1668,0,0,"{""_type"": ""snscrape.modules.twitter.User"", ""blue"": false, ""blueType"": null, ""created"": ""2010-05-19 11:03:08+00:00"", ""descriptionLinks"": [], ""displayname"": ""Vinayak Prasad"", ""favouritesCount"": 5651, ""followersCount"": 651, ""friendsCount"": 825, ""id"": 145600739, ""id_str"": ""145600739"", ""listedCount"": 0, ""location"": ""Switzerland"", ""mediaCount"": 49, ""pinnedIds"": [], ""profileBannerUrl"": ""https://pbs.twimg.com/profile_banners/145600739/1509821104"", ""profileImageUrl"": ""https://pbs.twimg.com/profile_images/930524645387853826/Q8HcMWkT_normal.jpg"", ""protected"": false, ""rawDescription"": ""#Global Health expert . #Customs expert. Tweets are personal and may or may not reflect WHOs position where i am currently employed #tobacco control #WHO"", ""statusesCount"": 1668, ""url"": ""https://x.com/Vinayakmprasad"", ""username"": ""Vinayakmprasad"", ""verified"": false}"
231,873681823112597504,1281804829229223939,e5421ef2b751488bd684e8f3,2bef5a7e9b9ed2e1402dc3064fd5eb9b,27,2026-10-08T14:59:49+00:00,audiblemarco,Marco 🇻🇦 🎃,+JMJ+. I sometimes make art. Blessed Fulton Sheen gang. 🇺🇸🇫🇷🇲🇽,"Illinois, United States",2612,339,31793,0,0,"{""_type"": ""snscrape.modules.twitter.User"", ""blue"": false, ""blueType"": null, ""created"": ""2017-06-10 23:22:33+00:00"", ""descriptionLinks"": [], ""displayname"": ""Marco 🇻🇦 🎃"", ""favouritesCount"": 206423, ""followersCount"": 2612, ""friendsCount"": 339, ""id"": 873681823112597504, ""id_str"": ""873681823112597504"", ""listedCount"": 0, ""location"": ""Illinois, United States"", ""mediaCount"": 2854, ""pinnedIds"": [1517159824047452162], ""profileBannerUrl"": ""https://pbs.twimg.com/profile_banners/873681823112597504/1755230521"", ""profileImageUrl"": ""https://pbs.twimg.com/profile_images/2033747635140800512/oxo1DIdf_normal.jpg"", ""protected"": false, ""rawDescription"": ""+JMJ+. I sometimes make art. Blessed Fulton Sheen gang. 🇺🇸🇫🇷🇲🇽"", ""statusesCount"": 31793, ""url"": ""https://x.com/audiblemarco"", ""username"": ""audiblemarco"", ""verified"": false}"
232,3248735790,1281802033566085120,e5421ef2b751488bd684e8f3,2bef5a7e9b9ed2e1402dc3064fd5eb9b,27,2026-10-08T14:59:49+00:00,blaisedre,Florence,pero amor no basta,,270,224,23473,0,0,"{""_type"": ""snscrape.modules.twitter.User"", ""blue"": false, ""blueType"": null, ""created"": ""2015-06-18 14:25:25+00:00"", ""descriptionLinks"": [], ""displayname"": ""Florence"", ""favouritesCount"": 26937, ""followersCount"": 270, ""friendsCount"": 224, ""id"": 3248735790, ""id_str"": ""3248735790"", ""listedCount"": 0, ""location"": """", ""mediaCount"": 1197, ""pinnedIds"": [1536755090903937024], ""profileBannerUrl"": ""https://pbs.twimg.com/profile_banners/3248735790/1668729451"", ""profileImageUrl"": ""https://pbs.twimg.com/profile_images/1647457554677772288/rRQC6VIc_normal.jpg"", ""protected"": false, ""rawDescription"": ""pero amor no basta"", ""statusesCount"": 23473, ""url"": ""https://x.com/blaisedre"", ""username"": ""blaisedre"", ""verified"": false}"
233,1243419404265648148,1281797395274018822,e5421ef2b751488bd684e8f3,2bef5a7e9b9ed2e1402dc3064fd5eb9b,27,2026-10-08T14:59:49+00:00,JustReddz,Swagapino Gopnik Cholo Rasta,"I am a trader of horses from Tajik SSR

Viewmodel, Character, and 3D Animator for:
Fallout: Cascadia
Fallout: Miami
Fallout 4: New Vegas
Fallout: Empire Wastes","Dushanbe, Tajik SSR",1420,4722,251792,0,0,"{""_type"": ""snscrape.modules.twitter.User"", ""blue"": false, ""blueType"": null, ""created"": ""2020-03-27 06:07:49+00:00"", ""descriptionLinks"": [], ""displayname"": ""Swagapino Gopnik Cholo Rasta"", ""favouritesCount"": 404637, ""followersCount"": 1420, ""friendsCount"": 4722, ""id"": 1243419404265648148, ""id_str"": ""1243419404265648148"", ""listedCount"": 0, ""location"": ""Dushanbe, Tajik SSR"", ""mediaCount"": 19725, ""pinnedIds"": [2073242102188978332], ""profileBannerUrl"": ""https://pbs.twimg.com/profile_banners/1243419404265648148/1778732459"", ""profileImageUrl"": ""https://pbs.twimg.com/profile_images/2102919413083074560/NAA52zU2_normal.jpg"", ""protected"": false, ""rawDescription"": ""I am a trader of horses from Tajik SSR\n\nViewmodel, Character, and 3D Animator for:\nFallout: Cascadia\nFallout: Miami\nFallout 4: New Vegas\nFallout: Empire Wastes"", ""statusesCount"": 251792, ""url"": ""https://x.com/JustReddz"", ""username"": ""JustReddz"", ""verified"": false}"
234,20689390,1281785987270615055,e5421ef2b751488bd684e8f3,2bef5a7e9b9ed2e1402dc3064fd5eb9b,27,2026-10-08T14:59:49+00:00,HarvestFlo,Florence Reed,"Founder @sust_harv_intl + mother, #organic gardener, #treehugger & community organizer. Promoting #reforestation, #regenerativeag & #agroecology Tweets my own.","Ellsworth, ME",559,841,4081,0,0,"{""_type"": ""snscrape.modules.twitter.User"", ""blue"": false, ""blueType"": null, ""created"": ""2009-02-12 16:17:10+00:00"", ""descriptionLinks"": [{""tcourl"": ""https://t.co/7mXES5hRcT"", ""text"": ""sustainableharvest.org"", ""url"": ""http://www.sustainableharvest.org""}], ""displayname"": ""Florence Reed"", ""favouritesCount"": 4857, ""followersCount"": 559, ""friendsCount"": 841, ""id"": 20689390, ""id_str"": ""20689390"", ""listedCount"": 0, ""location"": ""Ellsworth, ME"", ""mediaCount"": 304, ""pinnedIds"": [1267073474905989120], ""profileBannerUrl"": ""https://pbs.twimg.com/profile_banners/20689390/1363800815"", ""profileImageUrl"": ""https://pbs.twimg.com/profile_images/1121831350594678785/USX6-yib_normal.png"", ""protected"": false, ""rawDescription"": ""Founder @sust_harv_intl + mother, #organic gardener, #treehugger & community organizer. Promoting #reforestation, #regenerativeag & #agroecology Tweets my own."", ""statusesCount"": 4081, ""url"": ""https://x.com/HarvestFlo"", ""username"": ""HarvestFlo"", ""verified"": false}"
235,887695590095818756,1281776482663174144,e5421ef2b751488bd684e8f3,2bef5a7e9b9ed2e1402dc3064fd5eb9b,27,2026-10-08T14:59:49+00:00,CrimeReads,CrimeReads,"A daily culture site featuring the best crime, mystery, and thriller writing. From the makers of @lithub.",,29874,822,34464,0,0,"{""_type"": ""snscrape.modules.twitter.User"", ""blue"": false, ""blueType"": null, ""created"": ""2017-07-19 15:28:16+00:00"", ""descriptionLinks"": [{""tcourl"": ""https://t.co/UP7BDNdpm1"", ""text"": ""crimereads.memberful.com/join"", ""url"": ""https://crimereads.memberful.com/join""}], ""displayname"": ""CrimeReads"", ""favouritesCount"": 27554, ""followersCount"": 29874, ""friendsCount"": 822, ""id"": 887695590095818756, ""id_str"": ""887695590095818756"", ""listedCount"": 0, ""location"": """", ""mediaCount"": 2369, ""pinnedIds"": [971448933259137024], ""profileBannerUrl"": ""https://pbs.twimg.com/profile_banners/887695590095818756/1516300608"", ""profileImageUrl"": ""https://pbs.twimg.com/profile_images/954059808122032129/4AKnb_0W_normal.jpg"", ""protected"": false, ""rawDescription"": ""A daily culture site featuring the best crime, mystery, and thriller writing. From the makers of @lithub."", ""statusesCount"": 34464, ""url"": ""https://x.com/CrimeReads"", ""username"": ""CrimeReads"", ""verified"": false}"
236,1058365961739403265,1281775670121631744,e5421ef2b751488bd684e8f3,2bef5a7e9b9ed2e1402dc3064fd5eb9b,27,2026-10-08T14:59:49+00:00,sarsantucci,sarsantooch,,,11,162,136,0,0,"{""_type"": ""snscrape.modules.twitter.User"", ""blue"": false, ""blueType"": null, ""created"": ""2018-11-02 14:31:23+00:00"", ""descriptionLinks"": [], ""displayname"": ""sarsantooch"", ""favouritesCount"": 300, ""followersCount"": 11, ""friendsCount"": 162, ""id"": 1058365961739403265, ""id_str"": ""1058365961739403265"", ""listedCount"": 0, ""location"": """", ""mediaCount"": 0, ""pinnedIds"": [], ""profileBannerUrl"": ""https://pbs.twimg.com/profile_banners/1058365961739403265/1541169333"", ""profileImageUrl"": ""https://pbs.twimg.com/profile_images/1058367007165505536/PgWJ7pmH_normal.jpg"", ""protected"": false, ""rawDescription"": """", ""statusesCount"": 136, ""url"": ""https://x.com/sarsantucci"", ""username"": ""sarsantucci"", ""verified"": false}"
237,889939884898648065,1281756950808666112,e5421ef2b751488bd684e8f3,2bef5a7e9b9ed2e1402dc3064fd5eb9b,27,2026-10-08T14:59:49+00:00,Floawuor,Florence Awuor,A linguist😊 who LOVES THE LORD.,"Nakuru, Kenya",11723,11528,17874,0,0,"{""_type"": ""snscrape.modules.twitter.User"", ""blue"": false, ""blueType"": null, ""created"": ""2017-07-25 20:06:17+00:00"", ""descriptionLinks"": [], ""displayname"": ""Florence Awuor"", ""favouritesCount"": 12353, ""followersCount"": 11723, ""friendsCount"": 11528, ""id"": 889939884898648065, ""id_str"": ""889939884898648065"", ""listedCount"": 0, ""location"": ""Nakuru, Kenya"", ""mediaCount"": 504, ""pinnedIds"": [1265693684395376647], ""profileBannerUrl"": ""https://pbs.twimg.com/profile_banners/889939884898648065/1516726901"", ""profileImageUrl"": ""https://pbs.twimg.com/profile_images/1156208680750256129/jMG2DZXD_normal.jpg"", ""protected"": false, ""rawDescription"": ""A linguist😊 who LOVES THE LORD."", ""statusesCount"": 17874, ""url"": ""https://x.com/Floawuor"", ""username"": ""Floawuor"", ""verified"": false}"
238,244947103,1281712815145877505,e5421ef2b751488bd684e8f3,2bef5a7e9b9ed2e1402dc3064fd5eb9b,27,2026-10-08T14:59:49+00:00,swimdaily,Derek Yach,#GlobalHealth promotion focused on #NCDs #mentalhealth #AI #Health @WHO @Yale @VitalityUSA @PepsiCo & @CMMB 🏊‍♂️ daily! Psychroloutes.,"Fairfield, CT",3292,2481,9102,0,0,"{""_type"": ""snscrape.modules.twitter.User"", ""blue"": true, ""blueType"": null, ""created"": ""2011-01-30 14:18:14+00:00"", ""descriptionLinks"": [{""tcourl"": ""https://t.co/zYYEq2kS01"", ""text"": ""derekyach.com"", ""url"": ""http://derekyach.com""}], ""displayname"": ""Derek Yach"", ""favouritesCount"": 8262, ""followersCount"": 3292, ""friendsCount"": 2481, ""id"": 244947103, ""id_str"": ""244947103"", ""listedCount"": 0, ""location"": ""Fairfield, CT"", ""mediaCount"": 569, ""pinnedIds"": [], ""profileBannerUrl"": ""https://pbs.twimg.com/profile_banners/244947103/1788465586"", ""profileImageUrl"": ""https://pbs.twimg.com/profile_images/2107217951392718848/kQztrD96_normal.jpg"", ""protected"": false, ""rawDescription"": ""#GlobalHealth promotion focused on #NCDs #mentalhealth #AI #Health @WHO @Yale @VitalityUSA @PepsiCo & @CMMB 🏊‍♂️ daily! Psychroloutes."", ""statusesCount"": 9102, ""url"": ""https://x.com/swimdaily"", ""username"": ""swimdaily"", ""verified"": false}"
239,968677375918706689,1281708439673073664,e5421ef2b751488bd684e8f3,2bef5a7e9b9ed2e1402dc3064fd5eb9b,27,2026-10-08T14:59:49+00:00,brujacontumbao,Bachata in the mosh pit,Briana 🏴 Black since 1502. 🌈 Salem Had It Coming 🌙 Swimming thru the depths in the Great Lakes region. She/Her.,"Chicago, IL",9803,904,80953,0,0,"{""_type"": ""snscrape.modules.twitter.User"", ""blue"": false, ""blueType"": null, ""created"": ""2018-02-28 02:40:58+00:00"", ""descriptionLinks"": [{""tcourl"": ""https://t.co/EBorv5vnCa"", ""text"": ""toramata.substack.com"", ""url"": ""https://toramata.substack.com""}], ""displayname"": ""Bachata in the mosh pit"", ""favouritesCount"": 223141, ""followersCount"": 9803, ""friendsCount"": 904, ""id"": 968677375918706689, ""id_str"": ""968677375918706689"", ""listedCount"": 0, ""location"": ""Chicago, IL"", ""mediaCount"": 3849, ""pinnedIds"": [], ""profileBannerUrl"": ""https://pbs.twimg.com/profile_banners/968677375918706689/1538563626"", ""profileImageUrl"": ""https://pbs.twimg.com/profile_images/2061580500272066561/XGL1TmLL_normal.jpg"", ""protected"": false, ""rawDescription"": ""Briana 🏴 Black since 1502. 🌈 Salem Had It Coming 🌙 Swimming thru the depths in the Great Lakes region. She/Her."", ""statusesCount"": 80953, ""url"": ""https://x.com/brujacontumbao"", ""username"": ""brujacontumbao"", ""verified"": false}"
241,1278195544456925186,1281655776591835136,e5421ef2b751488bd684e8f3,2bef5a7e9b9ed2e1402dc3064fd5eb9b,27,2026-10-08T14:59:49+00:00,DrDavidOwuorBr,Dr. David Owuor Brasil,"⚠️ Avivamento SP 2026
🔥 Mega Cruzada de Milagres 
🗓 26/09 | 14h 📍Ginásio da Portuguesa
👇Reserve sua presença gratuitamente!",Brasil,10051,3565,4592,0,0,"{""_type"": ""snscrape.modules.twitter.User"", ""blue"": true, ""blueType"": null, ""created"": ""2020-07-01 05:16:02+00:00"", ""descriptionLinks"": [{""tcourl"": ""https://t.co/apFX86DZeD"", ""text"": ""drdavidowuorbrasil.com.br"", ""url"": ""https://drdavidowuorbrasil.com.br""}], ""displayname"": ""Dr. David Owuor Brasil"", ""favouritesCount"": 9111, ""followersCount"": 10051, ""friendsCount"": 3565, ""id"": 1278195544456925186, ""id_str"": ""1278195544456925186"", ""listedCount"": 0, ""location"": ""Brasil"", ""mediaCount"": 579, ""pinnedIds"": [], ""profileBannerUrl"": ""https://pbs.twimg.com/profile_banners/1278195544456925186/1786973687"", ""profileImageUrl"": ""https://pbs.twimg.com/profile_images/2011728255150153729/Y0X1vaUO_normal.jpg"", ""protected"": false, ""rawDescription"": ""⚠️ Avivamento SP 2026\n🔥 Mega Cruzada de Milagres \n🗓 26/09 | 14h 📍Ginásio da Portuguesa\n👇Reserve sua presença gratuitamente!"", ""statusesCount"": 4592, ""url"": ""https://x.com/DrDavidOwuorBr"", ""username"": ""DrDavidOwuorBr"", ""verified"": false}"
242,18790681,1281700250059599872,e5421ef2b751488bd684e8f3,2bef5a7e9b9ed2e1402dc3064fd5eb9b,27,2026-10-08T14:59:49+00:00,thegregcross,Greg Cross,AI+AI=AI,Auckland,979,838,2040,0,0,"{""_type"": ""snscrape.modules.twitter.User"", ""blue"": false, ""blueType"": null, ""created"": ""2009-01-09 03:32:08+00:00"", ""descriptionLinks"": [{""tcourl"": ""https://t.co/TCcJoXw8m2"", ""text"": ""eighty20.ai"", ""url"": ""http://www.eighty20.ai""}], ""displayname"": ""Greg Cross"", ""favouritesCount"": 860, ""followersCount"": 979, ""friendsCount"": 838, ""id"": 18790681, ""id_str"": ""18790681"", ""listedCount"": 0, ""location"": ""Auckland"", ""mediaCount"": 132, ""pinnedIds"": [], ""profileBannerUrl"": """", ""profileImageUrl"": ""https://pbs.twimg.com/profile_images/1314793359240646658/GCGKpqt4_normal.jpg"", ""protected"": false, ""rawDescription"": ""AI+AI=AI"", ""statusesCount"": 2040, ""url"": ""https://x.com/thegregcross"", ""username"": ""thegregcross"", ""verified"": false}"
243,1104272756030533632,1281699880755503105,e5421ef2b751488bd684e8f3,2bef5a7e9b9ed2e1402dc3064fd5eb9b,28,2026-10-08T15:00:06+00:00,koralinadean,cay,this account was filmed in front of a live studio audience,😫✨ she/her ,37025,885,106454,0,0,"{""_type"": ""snscrape.modules.twitter.User"", ""blue"": false, ""blueType"": null, ""created"": ""2019-03-09 06:48:36+00:00"", ""descriptionLinks"": [{""tcourl"": ""https://t.co/UmznKvy6vP"", ""text"": ""boxd.it/2KcVT"", ""url"": ""https://boxd.it/2KcVT""}], ""displayname"": ""cay"", ""favouritesCount"": 128223, ""followersCount"": 37025, ""friendsCount"": 885, ""id"": 1104272756030533632, ""id_str"": ""1104272756030533632"", ""listedCount"": 0, ""location"": ""😫✨ she/her "", ""mediaCount"": 33812, ""pinnedIds"": [1395776842607611906], ""profileBannerUrl"": ""https://pbs.twimg.com/profile_banners/1104272756030533632/1622723510"", ""profileImageUrl"": ""https://pbs.twimg.com/profile_images/1982929887380877312/nuEgGkAh_normal.jpg"", ""protected"": false, ""rawDescription"": ""this account was filmed in front of a live studio audience"", ""statusesCount"": 106454, ""url"": ""https://x.com/koralinadean"", ""username"": ""koralinadean"", ""verified"": false}"
244,17826047,1281699106184814592,e5421ef2b751488bd684e8f3,2bef5a7e9b9ed2e1402dc3064fd5eb9b,28,2026-10-08T15:00:06+00:00,slaterradio,slaterradio,"Christian, Husband, Dad.

Host of @BreitbartNews Daily on Sirius/XM & @TheFirstonTV weekdays 6-9am
Politics By Faith podcast

https://t.co/1DGrRwuZaJ","San Diego, CA",12754,957,9741,0,0,"{""_type"": ""snscrape.modules.twitter.User"", ""blue"": true, ""blueType"": null, ""created"": ""2008-12-03 02:22:45+00:00"", ""descriptionLinks"": [{""tcourl"": ""https://t.co/1DGrRwuZaJ"", ""text"": ""linktr.ee/slaterradio"", ""url"": ""https://www.linktr.ee/slaterradio""}], ""displayname"": ""slaterradio"", ""favouritesCount"": 1610, ""followersCount"": 12754, ""friendsCount"": 957, ""id"": 17826047, ""id_str"": ""17826047"", ""listedCount"": 0, ""location"": ""San Diego, CA"", ""mediaCount"": 669, ""pinnedIds"": [1149768361993068544], ""profileBannerUrl"": ""https://pbs.twimg.com/profile_banners/17826047/1571944820"", ""profileImageUrl"": ""https://pbs.twimg.com/profile_images/1746003850606055424/zfpANdA9_normal.jpg"", ""protected"": false, ""rawDescription"": ""Christian, Husband, Dad.\n\nHost of @BreitbartNews Daily on Sirius/XM & @TheFirstonTV weekdays 6-9am\nPolitics By Faith podcast\n\nhttps://t.co/1DGrRwuZaJ"", ""statusesCount"": 9741, ""url"": ""https://x.com/slaterradio"", ""username"": ""slaterradio"", ""verified"": false}"
245,390284285,1281682952926240768,e5421ef2b751488bd684e8f3,2bef5a7e9b9ed2e1402dc3064fd5eb9b,28,2026-10-08T15:00:06+00:00,DataInnovation,Center for Data Innovation,The Center for Data Innovation conducts independent research and formulates public policies to enable data-driven innovation in the public and private sector.,"Washington, DC",13783,4194,34886,0,0,"{""_type"": ""snscrape.modules.twitter.User"", ""blue"": true, ""blueType"": null, ""created"": ""2011-10-13 18:59:59+00:00"", ""descriptionLinks"": [{""tcourl"": ""https://t.co/51usnjkL19"", ""text"": ""datainnovation.org"", ""url"": ""http://www.datainnovation.org""}], ""displayname"": ""Center for Data Innovation"", ""favouritesCount"": 1448, ""followersCount"": 13783, ""friendsCount"": 4194, ""id"": 390284285, ""id_str"": ""390284285"", ""listedCount"": 0, ""location"": ""Washington, DC"", ""mediaCount"": 986, ""pinnedIds"": [], ""profileBannerUrl"": ""https://pbs.twimg.com/profile_banners/390284285/1405971838"", ""profileImageUrl"": ""https://pbs.twimg.com/profile_images/1894804102573383680/1k6mFdpG_normal.jpg"", ""protected"": false, ""rawDescription"": ""The Center for Data Innovation conducts independent research and formulates public policies to enable data-driven innovation in the public and private sector."", ""statusesCount"": 34886, ""url"": ""https://x.com/DataInnovation"", ""username"": ""DataInnovation"", ""verified"": false}"
246,14499829,1281613727696146432,e5421ef2b751488bd684e8f3,2bef5a7e9b9ed2e1402dc3064fd5eb9b,28,2026-10-08T15:00:06+00:00,WHO,World Health Organization (WHO),"We are the @UN’s health agency working for #HealthForAll
Always check our latest tweets for updated advice/information.","Geneva, Switzerland",12669863,1734,83434,0,0,"{""_type"": ""snscrape.modules.twitter.User"", ""blue"": true, ""blueType"": ""Government"", ""created"": ""2008-04-23 19:56:27+00:00"", ""descriptionLinks"": [{""tcourl"": ""https://t.co/28yN4nSRNK"", ""text"": ""who.int"", ""url"": ""http://www.who.int""}], ""displayname"": ""World Health Organization (WHO)"", ""favouritesCount"": 13969, ""followersCount"": 12669863, ""friendsCount"": 1734, ""id"": 14499829, ""id_str"": ""14499829"", ""listedCount"": 0, ""location"": ""Geneva, Switzerland"", ""mediaCount"": 26313, ""pinnedIds"": [2107852059706114345], ""profileBannerUrl"": ""https://pbs.twimg.com/profile_banners/14499829/1715598334"", ""profileImageUrl"": ""https://pbs.twimg.com/profile_images/1572512818796335105/YF_H68EL_normal.jpg"", ""protected"": false, ""rawDescription"": ""We are the @UN’s health agency working for #HealthForAll\nAlways check our latest tweets for updated advice/information."", ""statusesCount"": 83434, ""url"": ""https://x.com/WHO"", ""username"": ""WHO"", ""verified"": false}"
247,704263829132288001,1281676123441639425,e5421ef2b751488bd684e8f3,2bef5a7e9b9ed2e1402dc3064fd5eb9b,28,2026-10-08T15:00:06+00:00,KeelingFlorence,Florence Keeling is A Little in Love,WF & Romance Author @simonschusterUk @CharlieADean @TanyaMounts69 Never refuses tea or biscuits.,"Warwickshire, England",1328,867,8818,0,0,"{""_type"": ""snscrape.modules.twitter.User"", ""blue"": false, ""blueType"": null, ""created"": ""2016-02-29 11:15:56+00:00"", ""descriptionLinks"": [{""tcourl"": ""https://t.co/4QAsooYyO7"", ""text"": ""fb.me/florencekeelin…"", ""url"": ""http://fb.me/florencekeeling1""}], ""displayname"": ""Florence Keeling is A Little in Love"", ""favouritesCount"": 5314, ""followersCount"": 1328, ""friendsCount"": 867, ""id"": 704263829132288001, ""id_str"": ""704263829132288001"", ""listedCount"": 0, ""location"": ""Warwickshire, England"", ""mediaCount"": 3487, ""pinnedIds"": [1950820032415408560], ""profileBannerUrl"": ""https://pbs.twimg.com/profile_banners/704263829132288001/1751397094"", ""profileImageUrl"": ""https://pbs.twimg.com/profile_images/1800040827223195648/xNqfj4LM_normal.jpg"", ""protected"": false, ""rawDescription"": ""WF & Romance Author @simonschusterUk @CharlieADean @TanyaMounts69 Never refuses tea or biscuits."", ""statusesCount"": 8818, ""url"": ""https://x.com/KeelingFlorence"", ""username"": ""KeelingFlorence"", ""verified"": false}"
248,189868631,1281671753627033606,e5421ef2b751488bd684e8f3,2bef5a7e9b9ed2e1402dc3064fd5eb9b,28,2026-10-08T15:00:06+00:00,DrTedros,Tedros Adhanom Ghebreyesus,Director-General of the World Health Organization. Retweets are not endorsements,"Geneva, Switzerland",2039836,1968,42763,0,0,"{""_type"": ""snscrape.modules.twitter.User"", ""blue"": true, ""blueType"": ""Government"", ""created"": ""2010-09-12 13:09:27+00:00"", ""descriptionLinks"": [{""tcourl"": ""https://t.co/xvC98tYvg8"", ""text"": ""who.int"", ""url"": ""http://www.who.int""}], ""displayname"": ""Tedros Adhanom Ghebreyesus"", ""favouritesCount"": 25779, ""followersCount"": 2039836, ""friendsCount"": 1968, ""id"": 189868631, ""id_str"": ""189868631"", ""listedCount"": 0, ""location"": ""Geneva, Switzerland"", ""mediaCount"": 8183, ""pinnedIds"": [], ""profileBannerUrl"": ""https://pbs.twimg.com/profile_banners/189868631/1712514683"", ""profileImageUrl"": ""https://pbs.twimg.com/profile_images/1886494919449034752/xGe4gs5k_normal.jpg"", ""protected"": false, ""rawDescription"": ""Director-General of the World Health Organization. Retweets are not endorsements"", ""statusesCount"": 42763, ""url"": ""https://x.com/DrTedros"", ""username"": ""DrTedros"", ""verified"": false}"
249,798660856439590912,1281670474339164162,e5421ef2b751488bd684e8f3,2bef5a7e9b9ed2e1402dc3064fd5eb9b,28,2026-10-08T15:00:06+00:00,TirelessSister,Florence Moore.,"❝𝐘𝐎𝐔 𝐒𝐄𝐓 𝐎𝐅𝐅 𝐀 𝐃𝐑𝐄𝐀𝐌 𝐈𝐍 𝐌𝐄, @MasonMuffinMan.❞ —— 𝑇ℎ𝑒 𝐵𝑎𝑘𝑒𝑟 #AllYouKneadIsLove",#Katleesi | 21+ Fan Account,664,204,5500,0,0,"{""_type"": ""snscrape.modules.twitter.User"", ""blue"": false, ""blueType"": null, ""created"": ""2016-11-15 22:56:01+00:00"", ""descriptionLinks"": [], ""displayname"": ""Florence Moore."", ""favouritesCount"": 678, ""followersCount"": 664, ""friendsCount"": 204, ""id"": 798660856439590912, ""id_str"": ""798660856439590912"", ""listedCount"": 0, ""location"": ""#Katleesi | 21+ Fan Account"", ""mediaCount"": 439, ""pinnedIds"": [1517219566665019392], ""profileBannerUrl"": ""https://pbs.twimg.com/profile_banners/798660856439590912/1687729140"", ""profileImageUrl"": ""https://pbs.twimg.com/profile_images/1673083349890482177/p-H3ZG-f_normal.jpg"", ""protected"": false, ""rawDescription"": ""❝𝐘𝐎𝐔 𝐒𝐄𝐓 𝐎𝐅𝐅 𝐀 𝐃𝐑𝐄𝐀𝐌 𝐈𝐍 𝐌𝐄, @MasonMuffinMan.❞ —— 𝑇ℎ𝑒 𝐵𝑎𝑘𝑒𝑟 #AllYouKneadIsLove"", ""statusesCount"": 5500, ""url"": ""https://x.com/TirelessSister"", ""username"": ""TirelessSister"", ""verified"": false}"
250,1236262020170821635,1281667601907814409,e5421ef2b751488bd684e8f3,2bef5a7e9b9ed2e1402dc3064fd5eb9b,28,2026-10-08T15:00:06+00:00,s_cameroon,Cameroon Women's Peace Movement (CAWOPEM),Constellation of women led civil society organisation from all 10 Regions of 🇨🇲working to ensure the meaningful participatn of 🇨🇲 women in peace processes,Cameroon. cawopem@gmail.com ,2989,3966,282,0,0,"{""_type"": ""snscrape.modules.twitter.User"", ""blue"": false, ""blueType"": null, ""created"": ""2020-03-07 12:07:32+00:00"", ""descriptionLinks"": [{""tcourl"": ""https://t.co/kIzLOhdXyW"", ""text"": ""cawopem.org"", ""url"": ""http://www.cawopem.org""}], ""displayname"": ""Cameroon Women's Peace Movement (CAWOPEM)"", ""favouritesCount"": 1125, ""followersCount"": 2989, ""friendsCount"": 3966, ""id"": 1236262020170821635, ""id_str"": ""1236262020170821635"", ""listedCount"": 0, ""location"": ""Cameroon. cawopem@gmail.com "", ""mediaCount"": 129, ""pinnedIds"": [1564344430361993216], ""profileBannerUrl"": ""https://pbs.twimg.com/profile_banners/1236262020170821635/1644248825"", ""profileImageUrl"": ""https://pbs.twimg.com/profile_images/1236262358865137664/UzHLrX_a_normal.jpg"", ""protected"": false, ""rawDescription"": ""Constellation of women led civil society organisation from all 10 Regions of 🇨🇲working to ensure the meaningful participatn of 🇨🇲 women in peace processes"", ""statusesCount"": 282, ""url"": ""https://x.com/s_cameroon"", ""username"": ""s_cameroon"", ""verified"": false}"
251,1038857368870834181,1281664405877522437,e5421ef2b751488bd684e8f3,2bef5a7e9b9ed2e1402dc3064fd5eb9b,28,2026-10-08T15:00:06+00:00,drcathyegbe,Catherine Egbe,"Chief Specialist Scientist; Mental health, Alcohol, Subst use & Tobacco Research Unit, SAMRC;
A/Prof Sch of Public Health Med, UKZN & UCT
(NB: Tweets are mine)",,653,568,1469,0,0,"{""_type"": ""snscrape.modules.twitter.User"", ""blue"": false, ""blueType"": null, ""created"": ""2018-09-09 18:31:12+00:00"", ""descriptionLinks"": [{""tcourl"": ""https://t.co/GPCKVQWCmG"", ""text"": ""catherineegbe.com"", ""url"": ""http://catherineegbe.com""}], ""displayname"": ""Catherine Egbe"", ""favouritesCount"": 4347, ""followersCount"": 653, ""friendsCount"": 568, ""id"": 1038857368870834181, ""id_str"": ""1038857368870834181"", ""listedCount"": 0, ""location"": """", ""mediaCount"": 120, ""pinnedIds"": [1681593510539952130], ""profileBannerUrl"": ""https://pbs.twimg.com/profile_banners/1038857368870834181/1537010785"", ""profileImageUrl"": ""https://pbs.twimg.com/profile_images/2063916731932786689/8IeMYl5f_normal.jpg"", ""protected"": false, ""rawDescription"": ""Chief Specialist Scientist; Mental health, Alcohol, Subst use & Tobacco Research Unit, SAMRC;\nA/Prof Sch of Public Health Med, UKZN & UCT\n(NB: Tweets are mine)"", ""statusesCount"": 1469, ""url"": ""https://x.com/drcathyegbe"", ""username"": ""drcathyegbe"", ""verified"": false}"
252,737362108397060096,1281581250118123520,e5421ef2b751488bd684e8f3,2bef5a7e9b9ed2e1402dc3064fd5eb9b,28,2026-10-08T15:00:06+00:00,KulikovUNIATF,Dr Alexey Kulikov,"Head of Partnerships and Operations, Deputy Head of Secretariat, @UN Task Force on #NCDs. Support @WHO countries achieve  #health related #SDGs. PhD MPH MD.","Geneva, Switzerland",63344,51762,13075,0,0,"{""_type"": ""snscrape.modules.twitter.User"", ""blue"": true, ""blueType"": null, ""created"": ""2016-05-30 19:16:41+00:00"", ""descriptionLinks"": [], ""displayname"": ""Dr Alexey Kulikov"", ""favouritesCount"": 48689, ""followersCount"": 63344, ""friendsCount"": 51762, ""id"": 737362108397060096, ""id_str"": ""737362108397060096"", ""listedCount"": 0, ""location"": ""Geneva, Switzerland"", ""mediaCount"": 6645, ""pinnedIds"": [], ""profileBannerUrl"": ""https://pbs.twimg.com/profile_banners/737362108397060096/1556271627"", ""profileImageUrl"": ""https://pbs.twimg.com/profile_images/1786303176557121536/fuzbfD6I_normal.jpg"", ""protected"": false, ""rawDescription"": ""Head of Partnerships and Operations, Deputy Head of Secretariat, @UN Task Force on #NCDs. Support @WHO countries achieve  #health related #SDGs. PhD MPH MD."", ""statusesCount"": 13075, ""url"": ""https://x.com/KulikovUNIATF"", ""username"": ""KulikovUNIATF"", ""verified"": false}"
253,191346389,1281664028352413696,e5421ef2b751488bd684e8f3,2bef5a7e9b9ed2e1402dc3064fd5eb9b,28,2026-10-08T15:00:06+00:00,Floramujaasi,Florence Naluyimba BLONDEL,@FlowReadyNow | Journalist | MSc #Population @LSEnews #God #DementiaFriend #SRHR #MenstruationMatters #Env #fertilitytransition #Digital #Arsenal #Uganda SB's🌼,,151598,77174,13198,0,0,"{""_type"": ""snscrape.modules.twitter.User"", ""blue"": true, ""blueType"": null, ""created"": ""2010-09-16 06:30:33+00:00"", ""descriptionLinks"": [{""tcourl"": ""https://t.co/Hd7zJfDMVu"", ""text"": ""flowready.org/donate"", ""url"": ""http://flowready.org/donate""}], ""displayname"": ""Florence Naluyimba BLONDEL"", ""favouritesCount"": 23701, ""followersCount"": 151598, ""friendsCount"": 77174, ""id"": 191346389, ""id_str"": ""191346389"", ""listedCount"": 0, ""location"": """", ""mediaCount"": 2176, ""pinnedIds"": [653258190696673280], ""profileBannerUrl"": ""https://pbs.twimg.com/profile_banners/191346389/1672454870"", ""profileImageUrl"": ""https://pbs.twimg.com/profile_images/1609020846663663616/1o4nLwG-_normal.jpg"", ""protected"": false, ""rawDescription"": ""@FlowReadyNow | Journalist | MSc #Population @LSEnews #God #DementiaFriend #SRHR #MenstruationMatters #Env #fertilitytransition #Digital #Arsenal #Uganda SB's🌼"", ""statusesCount"": 13198, ""url"": ""https://x.com/Floramujaasi"", ""username"": ""Floramujaasi"", ""verified"": false}"
254,701725963,1278345868668735489,e5421ef2b751488bd684e8f3,2bef5a7e9b9ed2e1402dc3064fd5eb9b,28,2026-10-08T15:00:06+00:00,nowthisimpact,NowThis Impact,"Follow us on Bluesky https://t.co/y7pWJ8WB4u
Contact us at partnerships@nowthismedia.com",The Internet & NYC,2359714,1234,302328,0,0,"{""_type"": ""snscrape.modules.twitter.User"", ""blue"": true, ""blueType"": ""Business"", ""created"": ""2012-07-17 20:31:08+00:00"", ""descriptionLinks"": [{""tcourl"": ""https://t.co/y7pWJ8WB4u"", ""text"": ""bsky.app/profile/nowthi…"", ""url"": ""https://bsky.app/profile/nowthisimpact.bsky.social""}, {""tcourl"": ""https://t.co/y7pWJ8WB4u"", ""text"": ""bsky.app/profile/nowthi…"", ""url"": ""https://bsky.app/profile/nowthisimpact.bsky.social""}], ""displayname"": ""NowThis Impact"", ""favouritesCount"": 11582, ""followersCount"": 2359714, ""friendsCount"": 1234, ""id"": 701725963, ""id_str"": ""701725963"", ""listedCount"": 0, ""location"": ""The Internet & NYC"", ""mediaCount"": 198095, ""pinnedIds"": [], ""profileBannerUrl"": ""https://pbs.twimg.com/profile_banners/701725963/1744729986"", ""profileImageUrl"": ""https://pbs.twimg.com/profile_images/1907545792254193664/d-fr-aNb_normal.jpg"", ""protected"": false, ""rawDescription"": ""Follow us on Bluesky https://t.co/y7pWJ8WB4u\nContact us at partnerships@nowthismedia.com"", ""statusesCount"": 302328, ""url"": ""https://x.com/nowthisimpact"", ""username"": ""nowthisimpact"", ""verified"": false}"
255,889939884898648065,1281663300640673793,e5421ef2b751488bd684e8f3,2bef5a7e9b9ed2e1402dc3064fd5eb9b,28,2026-10-08T15:00:06+00:00,Floawuor,Florence Awuor,A linguist😊 who LOVES THE LORD.,"Nakuru, Kenya",11723,11528,17874,0,0,"{""_type"": ""snscrape.modules.twitter.User"", ""blue"": false, ""blueType"": null, ""created"": ""2017-07-25 20:06:17+00:00"", ""descriptionLinks"": [], ""displayname"": ""Florence Awuor"", ""favouritesCount"": 12353, ""followersCount"": 11723, ""friendsCount"": 11528, ""id"": 889939884898648065, ""id_str"": ""889939884898648065"", ""listedCount"": 0, ""location"": ""Nakuru, Kenya"", ""mediaCount"": 504, ""pinnedIds"": [1265693684395376647], ""profileBannerUrl"": ""https://pbs.twimg.com/profile_banners/889939884898648065/1516726901"", ""profileImageUrl"": ""https://pbs.twimg.com/profile_images/1156208680750256129/jMG2DZXD_normal.jpg"", ""protected"": false, ""rawDescription"": ""A linguist😊 who LOVES THE LORD."", ""statusesCount"": 17874, ""url"": ""https://x.com/Floawuor"", ""username"": ""Floawuor"", ""verified"": false}"
256,2484672570,1281658307501912064,e5421ef2b751488bd684e8f3,2bef5a7e9b9ed2e1402dc3064fd5eb9b,28,2026-10-08T15:00:06+00:00,Audreyj101,Audrey Jensen,"Reporter @ICTbizjournal covering commercial real estate and economic development in Wichita, KS. Previously @phxbizjournal. Reach me at ajensen@bizjournals.com.","Wichita, KS",1441,2726,1851,0,0,"{""_type"": ""snscrape.modules.twitter.User"", ""blue"": false, ""blueType"": null, ""created"": ""2014-05-08 23:09:43+00:00"", ""descriptionLinks"": [{""tcourl"": ""https://t.co/PKSxk9cnhZ"", ""text"": ""linkedin.com/in/audrey-jens…"", ""url"": ""https://www.linkedin.com/in/audrey-jensen-pbj/""}], ""displayname"": ""Audrey Jensen"", ""favouritesCount"": 6335, ""followersCount"": 1441, ""friendsCount"": 2726, ""id"": 2484672570, ""id_str"": ""2484672570"", ""listedCount"": 0, ""location"": ""Wichita, KS"", ""mediaCount"": 324, ""pinnedIds"": [1902445639905980529], ""profileBannerUrl"": ""https://pbs.twimg.com/profile_banners/2484672570/1742413119"", ""profileImageUrl"": ""https://pbs.twimg.com/profile_images/2044238729213104128/y-CjHkgL_normal.jpg"", ""protected"": false, ""rawDescription"": ""Reporter @ICTbizjournal covering commercial real estate and economic development in Wichita, KS. Previously @phxbizjournal. Reach me at ajensen@bizjournals.com."", ""statusesCount"": 1851, ""url"": ""https://x.com/Audreyj101"", ""username"": ""Audreyj101"", ""verified"": false}"
257,122769401,1281653821756694529,e5421ef2b751488bd684e8f3,2bef5a7e9b9ed2e1402dc3064fd5eb9b,28,2026-10-08T15:00:06+00:00,topherflorence,Topher Florence,,The South,7103,412,8295,0,0,"{""_type"": ""snscrape.modules.twitter.User"", ""blue"": false, ""blueType"": null, ""created"": ""2010-03-13 21:06:38+00:00"", ""descriptionLinks"": [], ""displayname"": ""Topher Florence"", ""favouritesCount"": 13522, ""followersCount"": 7103, ""friendsCount"": 412, ""id"": 122769401, ""id_str"": ""122769401"", ""listedCount"": 0, ""location"": ""The South"", ""mediaCount"": 2423, ""pinnedIds"": [708521438681153536], ""profileBannerUrl"": ""https://pbs.twimg.com/profile_banners/122769401/1482705330"", ""profileImageUrl"": ""https://pbs.twimg.com/profile_images/813151077637861376/2NbAbRiQ_normal.jpg"", ""protected"": false, ""rawDescription"": """", ""statusesCount"": 8295, ""url"": ""https://x.com/topherflorence"", ""username"": ""topherflorence"", ""verified"": false}"
258,34316513,1281649889961742336,e5421ef2b751488bd684e8f3,2bef5a7e9b9ed2e1402dc3064fd5eb9b,28,2026-10-08T15:00:06+00:00,TodayFM,Today FM 💛,Ireland's biggest independent radio station 🇮🇪🎶,Ireland,319504,15522,113426,0,0,"{""_type"": ""snscrape.modules.twitter.User"", ""blue"": true, ""blueType"": null, ""created"": ""2009-04-22 16:22:39+00:00"", ""descriptionLinks"": [{""tcourl"": ""https://t.co/SnvsLHdd9p"", ""text"": ""TodayFM.com"", ""url"": ""http://www.TodayFM.com""}], ""displayname"": ""Today FM 💛"", ""favouritesCount"": 28001, ""followersCount"": 319504, ""friendsCount"": 15522, ""id"": 34316513, ""id_str"": ""34316513"", ""listedCount"": 0, ""location"": ""Ireland"", ""mediaCount"": 50920, ""pinnedIds"": [], ""profileBannerUrl"": ""https://pbs.twimg.com/profile_banners/34316513/1731091036"", ""profileImageUrl"": ""https://pbs.twimg.com/profile_images/1854955787749117952/vrbHAAM4_normal.jpg"", ""protected"": false, ""rawDescription"": ""Ireland's biggest independent radio station 🇮🇪🎶"", ""statusesCount"": 113426, ""url"": ""https://x.com/TodayFM"", ""username"": ""TodayFM"", ""verified"": false}"
259,221200440,1281648882217177089,e5421ef2b751488bd684e8f3,2bef5a7e9b9ed2e1402dc3064fd5eb9b,28,2026-10-08T15:00:06+00:00,TwittyTweets_1,Who is Mike Conway? 👟 🇮🇪,"“Shit, you barely got sneaker money."" Size 10. Permanently in my Bukowski Era. Runner-up for the 1998 MacArthur Genius Grant.",New New York ,490,1750,14464,0,0,"{""_type"": ""snscrape.modules.twitter.User"", ""blue"": false, ""blueType"": null, ""created"": ""2010-11-30 00:46:19+00:00"", ""descriptionLinks"": [], ""displayname"": ""Who is Mike Conway? 👟 🇮🇪"", ""favouritesCount"": 19163, ""followersCount"": 490, ""friendsCount"": 1750, ""id"": 221200440, ""id_str"": ""221200440"", ""listedCount"": 0, ""location"": ""New New York "", ""mediaCount"": 2251, ""pinnedIds"": [1328450644563419142], ""profileBannerUrl"": ""https://pbs.twimg.com/profile_banners/221200440/1585840395"", ""profileImageUrl"": ""https://pbs.twimg.com/profile_images/1245731016771338240/-NoNcV0N_normal.jpg"", ""protected"": false, ""rawDescription"": ""“Shit, you barely got sneaker money.\"" Size 10. Permanently in my Bukowski Era. Runner-up for the 1998 MacArthur Genius Grant."", ""statusesCount"": 14464, ""url"": ""https://x.com/TwittyTweets_1"", ""username"": ""TwittyTweets_1"", ""verified"": false}"
260,371301931,1281648781361119238,e5421ef2b751488bd684e8f3,2bef5a7e9b9ed2e1402dc3064fd5eb9b,28,2026-10-08T15:00:06+00:00,nurdreamss,samantha jones🦋,tequila me. always.,MD/PA. ,568,229,79495,0,0,"{""_type"": ""snscrape.modules.twitter.User"", ""blue"": false, ""blueType"": null, ""created"": ""2011-09-10 15:51:13+00:00"", ""descriptionLinks"": [], ""displayname"": ""samantha jones🦋"", ""favouritesCount"": 68091, ""followersCount"": 568, ""friendsCount"": 229, ""id"": 371301931, ""id_str"": ""371301931"", ""listedCount"": 0, ""location"": ""MD/PA. "", ""mediaCount"": 1156, ""pinnedIds"": [1602296693625860098], ""profileBannerUrl"": ""https://pbs.twimg.com/profile_banners/371301931/1737944051"", ""profileImageUrl"": ""https://pbs.twimg.com/profile_images/1712466683208814593/5fMTPQrv_normal.jpg"", ""protected"": false, ""rawDescription"": ""tequila me. always."", ""statusesCount"": 79495, ""url"": ""https://x.com/nurdreamss"", ""username"": ""nurdreamss"", ""verified"": false}"
261,4817844544,1281647943041376258,e5421ef2b751488bd684e8f3,2bef5a7e9b9ed2e1402dc3064fd5eb9b,28,2026-10-08T15:00:06+00:00,Florencehope6,"Florence Sibomana, MD",Rwanda Senior Program Officer on NCDs at PATH and Youth Champion on Nutrition.  Views are mine.,Rwanda,1919,934,2617,0,0,"{""_type"": ""snscrape.modules.twitter.User"", ""blue"": false, ""blueType"": null, ""created"": ""2016-01-16 11:33:58+00:00"", ""descriptionLinks"": [{""tcourl"": ""https://t.co/ZsSPogBgWj"", ""text"": ""path.org"", ""url"": ""https://www.path.org/""}], ""displayname"": ""Florence Sibomana, MD"", ""favouritesCount"": 4297, ""followersCount"": 1919, ""friendsCount"": 934, ""id"": 4817844544, ""id_str"": ""4817844544"", ""listedCount"": 0, ""location"": ""Rwanda"", ""mediaCount"": 147, ""pinnedIds"": [], ""profileBannerUrl"": ""https://pbs.twimg.com/profile_banners/4817844544/1567178592"", ""profileImageUrl"": ""https://pbs.twimg.com/profile_images/1644268307963338752/FTH2NJ2o_normal.jpg"", ""protected"": false, ""rawDescription"": ""Rwanda Senior Program Officer on NCDs at PATH and Youth Champion on Nutrition.  Views are mine."", ""statusesCount"": 2617, ""url"": ""https://x.com/Florencehope6"", ""username"": ""Florencehope6"", ""verified"": false}"
262,806787321542504449,1281647083842232320,e5421ef2b751488bd684e8f3,2bef5a7e9b9ed2e1402dc3064fd5eb9b,28,2026-10-08T15:00:06+00:00,ynkurunziza1,Yvette NKURUNZIZA,,,2127,323,2727,0,0,"{""_type"": ""snscrape.modules.twitter.User"", ""blue"": false, ""blueType"": null, ""created"": ""2016-12-08 09:07:41+00:00"", ""descriptionLinks"": [], ""displayname"": ""Yvette NKURUNZIZA"", ""favouritesCount"": 13948, ""followersCount"": 2127, ""friendsCount"": 323, ""id"": 806787321542504449, ""id_str"": ""806787321542504449"", ""listedCount"": 0, ""location"": """", ""mediaCount"": 351, ""pinnedIds"": [], ""profileBannerUrl"": ""https://pbs.twimg.com/profile_banners/806787321542504449/1756240624"", ""profileImageUrl"": ""https://pbs.twimg.com/profile_images/1712153314060541952/Pevkv7TH_normal.jpg"", ""protected"": false, ""rawDescription"": """", ""statusesCount"": 2727, ""url"": ""https://x.com/ynkurunziza1"", ""username"": ""ynkurunziza1"", ""verified"": false}"
263,82694772,1281647856571437057,e5421ef2b751488bd684e8f3,2bef5a7e9b9ed2e1402dc3064fd5eb9b,28,2026-10-08T15:00:06+00:00,MxJinzoJr,Florence,Bisexual Non Binary. Often seen in a bright yellow jacket. 😁🌈They/Them pronouns,North Yorkshire,634,1033,13960,0,0,"{""_type"": ""snscrape.modules.twitter.User"", ""blue"": false, ""blueType"": null, ""created"": ""2009-10-15 19:39:30+00:00"", ""descriptionLinks"": [], ""displayname"": ""Florence"", ""favouritesCount"": 18234, ""followersCount"": 634, ""friendsCount"": 1033, ""id"": 82694772, ""id_str"": ""82694772"", ""listedCount"": 0, ""location"": ""North Yorkshire"", ""mediaCount"": 2972, ""pinnedIds"": [], ""profileBannerUrl"": ""https://pbs.twimg.com/profile_banners/82694772/1555618003"", ""profileImageUrl"": ""https://pbs.twimg.com/profile_images/1938801448181211137/hQU7r3BS_normal.jpg"", ""protected"": false, ""rawDescription"": ""Bisexual Non Binary. Often seen in a bright yellow jacket. 😁🌈They/Them pronouns"", ""statusesCount"": 13960, ""url"": ""https://x.com/MxJinzoJr"", ""username"": ""MxJinzoJr"", ""verified"": false}"
265,3220698090,1281641685458591745,e5421ef2b751488bd684e8f3,2bef5a7e9b9ed2e1402dc3064fd5eb9b,28,2026-10-08T15:00:06+00:00,artofflorence,Florence 🏳️‍🌈Back at College 🏳️‍🌈,They/them | 26 | Freelance Illustrator | https://t.co/8k6aBpYIH3… | https://t.co/HE6cAmNxrc | Icon by @houteian | I don’t NFT,,909,360,5107,0,0,"{""_type"": ""snscrape.modules.twitter.User"", ""blue"": false, ""blueType"": null, ""created"": ""2015-05-19 20:32:42+00:00"", ""descriptionLinks"": [{""tcourl"": ""https://t.co/8k6aBpYIH3"", ""text"": ""Patreon.com/theartoffloren…"", ""url"": ""https://Patreon.com/theartofflorence""}, {""tcourl"": ""https://t.co/HE6cAmNxrc"", ""text"": ""curiouscat.qa/theartoffloren…"", ""url"": ""https://curiouscat.qa/theartofflorence""}, {""tcourl"": ""https://t.co/W3UNBRlNPO"", ""text"": ""artofflorence.bigcartel.com"", ""url"": ""http://artofflorence.bigcartel.com""}], ""displayname"": ""Florence 🏳️‍🌈Back at College 🏳️‍🌈"", ""favouritesCount"": 22201, ""followersCount"": 909, ""friendsCount"": 360, ""id"": 3220698090, ""id_str"": ""3220698090"", ""listedCount"": 0, ""location"": """", ""mediaCount"": 778, ""pinnedIds"": [1973417679756337235], ""profileBannerUrl"": ""https://pbs.twimg.com/profile_banners/3220698090/1610551553"", ""profileImageUrl"": ""https://pbs.twimg.com/profile_images/1280220690810130438/URfXZK1w_normal.jpg"", ""protected"": false, ""rawDescription"": ""They/them | 26 | Freelance Illustrator | https://t.co/8k6aBpYIH3… | https://t.co/HE6cAmNxrc | Icon by @houteian | I don’t NFT"", ""statusesCount"": 5107, ""url"": ""https://x.com/artofflorence"", ""username"": ""artofflorence"", ""verified"": false}"
266,2408735437,1281536121164517377,e5421ef2b751488bd684e8f3,2bef5a7e9b9ed2e1402dc3064fd5eb9b,28,2026-10-08T15:00:06+00:00,xSkelior,Skelly //🍉🇱🇧 ✨🌿,"Interactive Media and English Lit. Interested in games, comics, books, and art! ✨ 

She/they | 90s kid | Please do not repost. NoAI.

Opinions my own.",✨🇳🇴/🇱🇧✨,468,1586,4234,0,0,"{""_type"": ""snscrape.modules.twitter.User"", ""blue"": false, ""blueType"": null, ""created"": ""2014-03-24 09:49:25+00:00"", ""descriptionLinks"": [{""tcourl"": ""https://t.co/TwIwmWxU19"", ""text"": ""linktr.ee/skelior"", ""url"": ""https://linktr.ee/skelior""}], ""displayname"": ""Skelly //🍉🇱🇧 ✨🌿"", ""favouritesCount"": 99652, ""followersCount"": 468, ""friendsCount"": 1586, ""id"": 2408735437, ""id_str"": ""2408735437"", ""listedCount"": 0, ""location"": ""✨🇳🇴/🇱🇧✨"", ""mediaCount"": 614, ""pinnedIds"": [1996231581048971310], ""profileBannerUrl"": ""https://pbs.twimg.com/profile_banners/2408735437/1764859427"", ""profileImageUrl"": ""https://pbs.twimg.com/profile_images/1112436135295438848/H1Pyo6VB_normal.jpg"", ""protected"": false, ""rawDescription"": ""Interactive Media and English Lit. Interested in games, comics, books, and art! ✨ \n\nShe/they | 90s kid | Please do not repost. NoAI.\n\nOpinions my own."", ""statusesCount"": 4234, ""url"": ""https://x.com/xSkelior"", ""username"": ""xSkelior"", ""verified"": false}"
267,945587529482473473,1281631892974993413,e5421ef2b751488bd684e8f3,2bef5a7e9b9ed2e1402dc3064fd5eb9b,28,2026-10-08T15:00:06+00:00,WHOLIBYA,WHO Libya,Official Twitter account of the World Health Organization Libya,,18371,339,3963,0,0,"{""_type"": ""snscrape.modules.twitter.User"", ""blue"": false, ""blueType"": ""Government"", ""created"": ""2017-12-26 09:30:10+00:00"", ""descriptionLinks"": [], ""displayname"": ""WHO Libya"", ""favouritesCount"": 578, ""followersCount"": 18371, ""friendsCount"": 339, ""id"": 945587529482473473, ""id_str"": ""945587529482473473"", ""listedCount"": 0, ""location"": """", ""mediaCount"": 2883, ""pinnedIds"": [], ""profileBannerUrl"": ""https://pbs.twimg.com/profile_banners/945587529482473473/1791121175"", ""profileImageUrl"": ""https://pbs.twimg.com/profile_images/2051783442661023745/h9slTMqX_normal.jpg"", ""protected"": false, ""rawDescription"": ""Official Twitter account of the World Health Organization Libya"", ""statusesCount"": 3963, ""url"": ""https://x.com/WHOLIBYA"", ""username"": ""WHOLIBYA"", ""verified"": false}"
268,259372802,1281618238695243776,e5421ef2b751488bd684e8f3,2bef5a7e9b9ed2e1402dc3064fd5eb9b,28,2026-10-08T15:00:06+00:00,WHOEMRO,WHO Regional Office for the Eastern Mediterranean,Official Twitter account of the World Health Organization Eastern Mediterranean Regional Office. Follow our Regional Director @HananBalkhy.,"Cairo, Egypt",234469,840,39778,0,0,"{""_type"": ""snscrape.modules.twitter.User"", ""blue"": true, ""blueType"": ""Government"", ""created"": ""2011-03-01 19:51:10+00:00"", ""descriptionLinks"": [{""tcourl"": ""https://t.co/UkVSlujvQe"", ""text"": ""emro.who.int"", ""url"": ""http://www.emro.who.int""}], ""displayname"": ""WHO Regional Office for the Eastern Mediterranean"", ""favouritesCount"": 2890, ""followersCount"": 234469, ""friendsCount"": 840, ""id"": 259372802, ""id_str"": ""259372802"", ""listedCount"": 0, ""location"": ""Cairo, Egypt"", ""mediaCount"": 16446, ""pinnedIds"": [], ""profileBannerUrl"": ""https://pbs.twimg.com/profile_banners/259372802/1791272765"", ""profileImageUrl"": ""https://pbs.twimg.com/profile_images/1976188483556237312/XeVb4SlO_normal.jpg"", ""protected"": false, ""rawDescription"": ""Official Twitter account of the World Health Organization Eastern Mediterranean Regional Office. Follow our Regional Director @HananBalkhy."", ""statusesCount"": 39778, ""url"": ""https://x.com/WHOEMRO"", ""username"": ""WHOEMRO"", ""verified"": false}"
269,259372802,1281631029581746180,e5421ef2b751488bd684e8f3,2bef5a7e9b9ed2e1402dc3064fd5eb9b,29,2026-10-08T15:00:17+00:00,WHOEMRO,WHO Regional Office for the Eastern Mediterranean,Official Twitter account of the World Health Organization Eastern Mediterranean Regional Office. Follow our Regional Director @HananBalkhy.,"Cairo, Egypt",234469,840,39778,0,0,"{""_type"": ""snscrape.modules.twitter.User"", ""blue"": true, ""blueType"": ""Government"", ""created"": ""2011-03-01 19:51:10+00:00"", ""descriptionLinks"": [{""tcourl"": ""https://t.co/UkVSlujvQe"", ""text"": ""emro.who.int"", ""url"": ""http://www.emro.who.int""}], ""displayname"": ""WHO Regional Office for the Eastern Mediterranean"", ""favouritesCount"": 2890, ""followersCount"": 234469, ""friendsCount"": 840, ""id"": 259372802, ""id_str"": ""259372802"", ""listedCount"": 0, ""location"": ""Cairo, Egypt"", ""mediaCount"": 16446, ""pinnedIds"": [], ""profileBannerUrl"": ""https://pbs.twimg.com/profile_banners/259372802/1791272765"", ""profileImageUrl"": ""https://pbs.twimg.com/profile_images/1976188483556237312/XeVb4SlO_normal.jpg"", ""protected"": false, ""rawDescription"": ""Official Twitter account of the World Health Organization Eastern Mediterranean Regional Office. Follow our Regional Director @HananBalkhy."", ""statusesCount"": 39778, ""url"": ""https://x.com/WHOEMRO"", ""username"": ""WHOEMRO"", ""verified"": false}"
270,211583400,1281630667386888199,e5421ef2b751488bd684e8f3,2bef5a7e9b9ed2e1402dc3064fd5eb9b,29,2026-10-08T15:00:17+00:00,chrissyfarr,Christina Farr,"Second Opinion Media CEO writing about the future of healthcare. GP @ Scrub Capital. Host of Lifers. 

Author: The Storyteller's Advantage (Hachette)","Queens, NY",99482,2759,51939,0,0,"{""_type"": ""snscrape.modules.twitter.User"", ""blue"": true, ""blueType"": null, ""created"": ""2010-11-03 17:32:03+00:00"", ""descriptionLinks"": [{""tcourl"": ""https://t.co/PesL1Bnf9p"", ""text"": ""Secondopinion.media"", ""url"": ""http://Secondopinion.media""}], ""displayname"": ""Christina Farr"", ""favouritesCount"": 97752, ""followersCount"": 99482, ""friendsCount"": 2759, ""id"": 211583400, ""id_str"": ""211583400"", ""listedCount"": 0, ""location"": ""Queens, NY"", ""mediaCount"": 1922, ""pinnedIds"": [], ""profileBannerUrl"": ""https://pbs.twimg.com/profile_banners/211583400/1774437082"", ""profileImageUrl"": ""https://pbs.twimg.com/profile_images/1932929345577689088/UR-OTIfm_normal.jpg"", ""protected"": false, ""rawDescription"": ""Second Opinion Media CEO writing about the future of healthcare. GP @ Scrub Capital. Host of Lifers. \n\nAuthor: The Storyteller's Advantage (Hachette)"", ""statusesCount"": 51939, ""url"": ""https://x.com/chrissyfarr"", ""username"": ""chrissyfarr"", ""verified"": false}"
271,475691798,1281630359160000512,e5421ef2b751488bd684e8f3,2bef5a7e9b9ed2e1402dc3064fd5eb9b,29,2026-10-08T15:00:17+00:00,florence_mutua,"Hon Florence Mutua, CBS",Busia County MP 2013 - 2022. Retain Girls in School. OFAB - Kenya Biotech Champion 2023.,Kenya,131571,1439,36369,0,0,"{""_type"": ""snscrape.modules.twitter.User"", ""blue"": false, ""blueType"": null, ""created"": ""2012-01-27 10:14:16+00:00"", ""descriptionLinks"": [], ""displayname"": ""Hon Florence Mutua, CBS"", ""favouritesCount"": 94124, ""followersCount"": 131571, ""friendsCount"": 1439, ""id"": 475691798, ""id_str"": ""475691798"", ""listedCount"": 0, ""location"": ""Kenya"", ""mediaCount"": 520, ""pinnedIds"": [], ""profileBannerUrl"": ""https://pbs.twimg.com/profile_banners/475691798/1732547610"", ""profileImageUrl"": ""https://pbs.twimg.com/profile_images/1946143890181849088/Oi5OZdu6_normal.jpg"", ""protected"": false, ""rawDescription"": ""Busia County MP 2013 - 2022. Retain Girls in School. OFAB - Kenya Biotech Champion 2023."", ""statusesCount"": 36369, ""url"": ""https://x.com/florence_mutua"", ""username"": ""florence_mutua"", ""verified"": false}"
272,14499829,1281625190871511040,e5421ef2b751488bd684e8f3,2bef5a7e9b9ed2e1402dc3064fd5eb9b,29,2026-10-08T15:00:17+00:00,WHO,World Health Organization (WHO),"We are the @UN’s health agency working for #HealthForAll
Always check our latest tweets for updated advice/information.","Geneva, Switzerland",12669863,1734,83434,0,0,"{""_type"": ""snscrape.modules.twitter.User"", ""blue"": true, ""blueType"": ""Government"", ""created"": ""2008-04-23 19:56:27+00:00"", ""descriptionLinks"": [{""tcourl"": ""https://t.co/28yN4nSRNK"", ""text"": ""who.int"", ""url"": ""http://www.who.int""}], ""displayname"": ""World Health Organization (WHO)"", ""favouritesCount"": 13969, ""followersCount"": 12669863, ""friendsCount"": 1734, ""id"": 14499829, ""id_str"": ""14499829"", ""listedCount"": 0, ""location"": ""Geneva, Switzerland"", ""mediaCount"": 26313, ""pinnedIds"": [2107852059706114345], ""profileBannerUrl"": ""https://pbs.twimg.com/profile_banners/14499829/1715598334"", ""profileImageUrl"": ""https://pbs.twimg.com/profile_images/1572512818796335105/YF_H68EL_normal.jpg"", ""protected"": false, ""rawDescription"": ""We are the @UN’s health agency working for #HealthForAll\nAlways check our latest tweets for updated advice/information."", ""statusesCount"": 83434, ""url"": ""https://x.com/WHO"", ""username"": ""WHO"", ""verified"": false}"
273,931668301,1281622608635715586,e5421ef2b751488bd684e8f3,2bef5a7e9b9ed2e1402dc3064fd5eb9b,29,2026-10-08T15:00:17+00:00,WHOJordan,WHO Jordan,The Official Twitter channel of the World Health Organization - Jordan,"Amman, Jordan",22633,89,6745,0,0,"{""_type"": ""snscrape.modules.twitter.User"", ""blue"": false, ""blueType"": ""Government"", ""created"": ""2012-11-07 09:37:40+00:00"", ""descriptionLinks"": [{""tcourl"": ""https://t.co/jNLL8RQaex"", ""text"": ""emro.who.int/countries/jor/"", ""url"": ""http://www.emro.who.int/countries/jor/""}], ""displayname"": ""WHO Jordan"", ""favouritesCount"": 766, ""followersCount"": 22633, ""friendsCount"": 89, ""id"": 931668301, ""id_str"": ""931668301"", ""listedCount"": 0, ""location"": ""Amman, Jordan"", ""mediaCount"": 3941, ""pinnedIds"": [], ""profileBannerUrl"": ""https://pbs.twimg.com/profile_banners/931668301/1791183599"", ""profileImageUrl"": ""https://pbs.twimg.com/profile_images/1658560232409255936/0OS11YK4_normal.jpg"", ""protected"": false, ""rawDescription"": ""The Official Twitter channel of the World Health Organization - Jordan"", ""statusesCount"": 6745, ""url"": ""https://x.com/WHOJordan"", ""username"": ""WHOJordan"", ""verified"": false}"
275,796297762283229184,1281618973558071296,e5421ef2b751488bd684e8f3,2bef5a7e9b9ed2e1402dc3064fd5eb9b,29,2026-10-08T15:00:17+00:00,Soulmachines,SoulMachines👥,"Soul Machines™ provides easy-to-use creator tools so anyone can create astonishingly life-like, GPT-enabled Digital People.",Worldwide,5325,1754,1839,0,0,"{""_type"": ""snscrape.modules.twitter.User"", ""blue"": false, ""blueType"": null, ""created"": ""2016-11-09 10:25:55+00:00"", ""descriptionLinks"": [{""tcourl"": ""https://t.co/cv2CVPbcXg"", ""text"": ""soulmachines.com"", ""url"": ""http://www.soulmachines.com""}], ""displayname"": ""SoulMachines👥"", ""favouritesCount"": 3880, ""followersCount"": 5325, ""friendsCount"": 1754, ""id"": 796297762283229184, ""id_str"": ""796297762283229184"", ""listedCount"": 0, ""location"": ""Worldwide"", ""mediaCount"": 546, ""pinnedIds"": [], ""profileBannerUrl"": ""https://pbs.twimg.com/profile_banners/796297762283229184/1739483068"", ""profileImageUrl"": ""https://pbs.twimg.com/profile_images/1890087715850641408/CEm3gjLJ_normal.jpg"", ""protected"": false, ""rawDescription"": ""Soul Machines™ provides easy-to-use creator tools so anyone can create astonishingly life-like, GPT-enabled Digital People."", ""statusesCount"": 1839, ""url"": ""https://x.com/Soulmachines"", ""username"": ""Soulmachines"", ""verified"": false}"
277,1179874218,1281616660236050438,e5421ef2b751488bd684e8f3,2bef5a7e9b9ed2e1402dc3064fd5eb9b,29,2026-10-08T15:00:17+00:00,HelenMcGuire14,Helen McGuire,Working in partnership to improve access to prevention and care for people living with NCDs.  Views are my own and retweets are not endorsements.,,176,239,184,0,0,"{""_type"": ""snscrape.modules.twitter.User"", ""blue"": false, ""blueType"": null, ""created"": ""2013-02-14 17:53:40+00:00"", ""descriptionLinks"": [], ""displayname"": ""Helen McGuire"", ""favouritesCount"": 200, ""followersCount"": 176, ""friendsCount"": 239, ""id"": 1179874218, ""id_str"": ""1179874218"", ""listedCount"": 0, ""location"": """", ""mediaCount"": 16, ""pinnedIds"": [], ""profileBannerUrl"": """", ""profileImageUrl"": ""https://pbs.twimg.com/profile_images/1258088506926092288/QHtQ_r_a_normal.jpg"", ""protected"": false, ""rawDescription"": ""Working in partnership to improve access to prevention and care for people living with NCDs.  Views are my own and retweets are not endorsements."", ""statusesCount"": 184, ""url"": ""https://x.com/HelenMcGuire14"", ""username"": ""HelenMcGuire14"", ""verified"": false}"
278,737362108397060096,1281615883274682368,e5421ef2b751488bd684e8f3,2bef5a7e9b9ed2e1402dc3064fd5eb9b,29,2026-10-08T15:00:17+00:00,KulikovUNIATF,Dr Alexey Kulikov,"Head of Partnerships and Operations, Deputy Head of Secretariat, @UN Task Force on #NCDs. Support @WHO countries achieve  #health related #SDGs. PhD MPH MD.","Geneva, Switzerland",63344,51762,13075,0,0,"{""_type"": ""snscrape.modules.twitter.User"", ""blue"": true, ""blueType"": null, ""created"": ""2016-05-30 19:16:41+00:00"", ""descriptionLinks"": [], ""displayname"": ""Dr Alexey Kulikov"", ""favouritesCount"": 48689, ""followersCount"": 63344, ""friendsCount"": 51762, ""id"": 737362108397060096, ""id_str"": ""737362108397060096"", ""listedCount"": 0, ""location"": ""Geneva, Switzerland"", ""mediaCount"": 6645, ""pinnedIds"": [], ""profileBannerUrl"": ""https://pbs.twimg.com/profile_banners/737362108397060096/1556271627"", ""profileImageUrl"": ""https://pbs.twimg.com/profile_images/1786303176557121536/fuzbfD6I_normal.jpg"", ""protected"": false, ""rawDescription"": ""Head of Partnerships and Operations, Deputy Head of Secretariat, @UN Task Force on #NCDs. Support @WHO countries achieve  #health related #SDGs. PhD MPH MD."", ""statusesCount"": 13075, ""url"": ""https://x.com/KulikovUNIATF"", ""username"": ""KulikovUNIATF"", ""verified"": false}"
281,45586617,1281614007846273024,e5421ef2b751488bd684e8f3,2bef5a7e9b9ed2e1402dc3064fd5eb9b,29,2026-10-08T15:00:17+00:00,kakape,Kai Kupferschmidt,"@kakape.bsky.social science journalist. molecular biologist. curious. writer at @sciencemagazine part of @pandemiapodcast, all things #blue","Berlin, Germany",132319,1999,23999,0,0,"{""_type"": ""snscrape.modules.twitter.User"", ""blue"": true, ""blueType"": null, ""created"": ""2009-06-08 15:17:36+00:00"", ""descriptionLinks"": [{""tcourl"": ""https://t.co/aQGTOoefTF"", ""text"": ""sciencemag.org/author/kai-kup…"", ""url"": ""https://www.sciencemag.org/author/kai-kupferschmidt""}], ""displayname"": ""Kai Kupferschmidt"", ""favouritesCount"": 9067, ""followersCount"": 132319, ""friendsCount"": 1999, ""id"": 45586617, ""id_str"": ""45586617"", ""listedCount"": 0, ""location"": ""Berlin, Germany"", ""mediaCount"": 1350, ""pinnedIds"": [1851663695887163679], ""profileBannerUrl"": ""https://pbs.twimg.com/profile_banners/45586617/1675979248"", ""profileImageUrl"": ""https://pbs.twimg.com/profile_images/1623801452819894272/vRLQed-z_normal.jpg"", ""protected"": false, ""rawDescription"": ""@kakape.bsky.social science journalist. molecular biologist. curious. writer at @sciencemagazine part of @pandemiapodcast, all things #blue"", ""statusesCount"": 23999, ""url"": ""https://x.com/kakape"", ""username"": ""kakape"", ""verified"": false}"
283,1010988278538014721,1281602434448723969,e5421ef2b751488bd684e8f3,2bef5a7e9b9ed2e1402dc3064fd5eb9b,29,2026-10-08T15:00:17+00:00,pita6620gmailc1,pita6620@gmail.com,vaping saved my life,"Florida, USA",779,610,7078,0,0,"{""_type"": ""snscrape.modules.twitter.User"", ""blue"": false, ""blueType"": null, ""created"": ""2018-06-24 20:49:23+00:00"", ""descriptionLinks"": [], ""displayname"": ""pita6620@gmail.com"", ""favouritesCount"": 70814, ""followersCount"": 779, ""friendsCount"": 610, ""id"": 1010988278538014721, ""id_str"": ""1010988278538014721"", ""listedCount"": 0, ""location"": ""Florida, USA"", ""mediaCount"": 3783, ""pinnedIds"": [], ""profileBannerUrl"": """", ""profileImageUrl"": ""https://pbs.twimg.com/profile_images/1456575083955302400/9rZdK9O__normal.jpg"", ""protected"": false, ""rawDescription"": ""vaping saved my life"", ""statusesCount"": 7078, ""url"": ""https://x.com/pita6620gmailc1"", ""username"": ""pita6620gmailc1"", ""verified"": false}"
284,2994179314,1281588620693049344,e5421ef2b751488bd684e8f3,2bef5a7e9b9ed2e1402dc3064fd5eb9b,29,2026-10-08T15:00:17+00:00,Flomellynews,Florence Melly Community Primary School,"We are a community primary school in Liverpool. Our core values (DREAMS) are at the heart of everything we do! If you can DREAM it, you can do it!","Liverpool, England",2116,445,11791,0,0,"{""_type"": ""snscrape.modules.twitter.User"", ""blue"": false, ""blueType"": null, ""created"": ""2015-01-23 13:32:20+00:00"", ""descriptionLinks"": [{""tcourl"": ""https://t.co/KpV7LSrspz"", ""text"": ""florencemelly.org"", ""url"": ""https://florencemelly.org""}], ""displayname"": ""Florence Melly Community Primary School"", ""favouritesCount"": 3893, ""followersCount"": 2116, ""friendsCount"": 445, ""id"": 2994179314, ""id_str"": ""2994179314"", ""listedCount"": 0, ""location"": ""Liverpool, England"", ""mediaCount"": 8626, ""pinnedIds"": [], ""profileBannerUrl"": ""https://pbs.twimg.com/profile_banners/2994179314/1632391801"", ""profileImageUrl"": ""https://pbs.twimg.com/profile_images/1440979862043381766/7g7R5a4Q_normal.jpg"", ""protected"": false, ""rawDescription"": ""We are a community primary school in Liverpool. Our core values (DREAMS) are at the heart of everything we do! If you can DREAM it, you can do it!"", ""statusesCount"": 11791, ""url"": ""https://x.com/Flomellynews"", ""username"": ""Flomellynews"", ""verified"": false}"
285,798660856439590912,1281584861032132608,e5421ef2b751488bd684e8f3,2bef5a7e9b9ed2e1402dc3064fd5eb9b,29,2026-10-08T15:00:17+00:00,TirelessSister,Florence Moore.,"❝𝐘𝐎𝐔 𝐒𝐄𝐓 𝐎𝐅𝐅 𝐀 𝐃𝐑𝐄𝐀𝐌 𝐈𝐍 𝐌𝐄, @MasonMuffinMan.❞ —— 𝑇ℎ𝑒 𝐵𝑎𝑘𝑒𝑟 #AllYouKneadIsLove",#Katleesi | 21+ Fan Account,664,204,5500,0,0,"{""_type"": ""snscrape.modules.twitter.User"", ""blue"": false, ""blueType"": null, ""created"": ""2016-11-15 22:56:01+00:00"", ""descriptionLinks"": [], ""displayname"": ""Florence Moore."", ""favouritesCount"": 678, ""followersCount"": 664, ""friendsCount"": 204, ""id"": 798660856439590912, ""id_str"": ""798660856439590912"", ""listedCount"": 0, ""location"": ""#Katleesi | 21+ Fan Account"", ""mediaCount"": 439, ""pinnedIds"": [1517219566665019392], ""profileBannerUrl"": ""https://pbs.twimg.com/profile_banners/798660856439590912/1687729140"", ""profileImageUrl"": ""https://pbs.twimg.com/profile_images/1673083349890482177/p-H3ZG-f_normal.jpg"", ""protected"": false, ""rawDescription"": ""❝𝐘𝐎𝐔 𝐒𝐄𝐓 𝐎𝐅𝐅 𝐀 𝐃𝐑𝐄𝐀𝐌 𝐈𝐍 𝐌𝐄, @MasonMuffinMan.❞ —— 𝑇ℎ𝑒 𝐵𝑎𝑘𝑒𝑟 #AllYouKneadIsLove"", ""statusesCount"": 5500, ""url"": ""https://x.com/TirelessSister"", ""username"": ""TirelessSister"", ""verified"": false}"
286,586884216,1281584832728961025,e5421ef2b751488bd684e8f3,2bef5a7e9b9ed2e1402dc3064fd5eb9b,29,2026-10-08T15:00:17+00:00,SupesBatsy,•The Last PhotoMax•,"Dum spiro, spero. #TheLastPhotograph in theatres soon. For art and stuff @SupesBatsyArt. AP for #ZackSnydersJusticeLeague. Donate to @afspnational.",,5319,1970,214663,0,0,"{""_type"": ""snscrape.modules.twitter.User"", ""blue"": false, ""blueType"": null, ""created"": ""2012-05-21 19:22:16+00:00"", ""descriptionLinks"": [], ""displayname"": ""•The Last PhotoMax•"", ""favouritesCount"": 311662, ""followersCount"": 5319, ""friendsCount"": 1970, ""id"": 586884216, ""id_str"": ""586884216"", ""listedCount"": 0, ""location"": """", ""mediaCount"": 20072, ""pinnedIds"": [2106684555721621648], ""profileBannerUrl"": ""https://pbs.twimg.com/profile_banners/586884216/1674812074"", ""profileImageUrl"": ""https://pbs.twimg.com/profile_images/2094467625359220736/lt7Cz1s8_normal.jpg"", ""protected"": false, ""rawDescription"": ""Dum spiro, spero. #TheLastPhotograph in theatres soon. For art and stuff @SupesBatsyArt. AP for #ZackSnydersJusticeLeague. Donate to @afspnational."", ""statusesCount"": 214663, ""url"": ""https://x.com/SupesBatsy"", ""username"": ""SupesBatsy"", ""verified"": false}"
287,2567782003,1281583205687197696,e5421ef2b751488bd684e8f3,2bef5a7e9b9ed2e1402dc3064fd5eb9b,29,2026-10-08T15:00:17+00:00,Vapingit,"VapingIT, SPE, EEI","CDC Certified #Tobacco Control ""Prevention"" Expert.

#Freedom #Choice #HarmReduction #Nicotine #YouDontKnowNicotine #ABillionLives #Caffeine #Grandpalife","#Vaping Where I Am, Ohio",16975,12805,211551,0,0,"{""_type"": ""snscrape.modules.twitter.User"", ""blue"": true, ""blueType"": null, ""created"": ""2014-06-14 20:49:36+00:00"", ""descriptionLinks"": [{""tcourl"": ""https://t.co/9ZKbhSJcJf"", ""text"": ""vapingit.substack.com"", ""url"": ""https://vapingit.substack.com/""}], ""displayname"": ""VapingIT, SPE, EEI"", ""favouritesCount"": 102234, ""followersCount"": 16975, ""friendsCount"": 12805, ""id"": 2567782003, ""id_str"": ""2567782003"", ""listedCount"": 0, ""location"": ""#Vaping Where I Am, Ohio"", ""mediaCount"": 33845, ""pinnedIds"": [2016519462661353631], ""profileBannerUrl"": ""https://pbs.twimg.com/profile_banners/2567782003/1424916037"", ""profileImageUrl"": ""https://pbs.twimg.com/profile_images/1114919834804989955/IkobGtPG_normal.png"", ""protected"": false, ""rawDescription"": ""CDC Certified #Tobacco Control \""Prevention\"" Expert.\n\n#Freedom #Choice #HarmReduction #Nicotine #YouDontKnowNicotine #ABillionLives #Caffeine #Grandpalife"", ""statusesCount"": 211551, ""url"": ""https://x.com/Vapingit"", ""username"": ""Vapingit"", ""verified"": false}"
289,772714266,1281978164374315008,e5421ef2b751488bd684e8f3,72625600f41290f7928e27f66dd78827,30,2026-10-08T15:00:31+00:00,FHSFalconRadio,FlorenceFalconRadio,The Voice of the Florence Falcons,,1101,73,2250,0,0,"{""_type"": ""snscrape.modules.twitter.User"", ""blue"": false, ""blueType"": null, ""created"": ""2012-08-22 02:29:28+00:00"", ""descriptionLinks"": [], ""displayname"": ""FlorenceFalconRadio"", ""favouritesCount"": 227, ""followersCount"": 1101, ""friendsCount"": 73, ""id"": 772714266, ""id_str"": ""772714266"", ""listedCount"": 0, ""location"": """", ""mediaCount"": 154, ""pinnedIds"": [], ""profileBannerUrl"": """", ""profileImageUrl"": ""https://pbs.twimg.com/profile_images/2547268567/jxpv2c7gzfwa169knpla_normal.png"", ""protected"": false, ""rawDescription"": ""The Voice of the Florence Falcons"", ""statusesCount"": 2250, ""url"": ""https://x.com/FHSFalconRadio"", ""username"": ""FHSFalconRadio"", ""verified"": false}"
290,104277809,1281951382807822351,e5421ef2b751488bd684e8f3,72625600f41290f7928e27f66dd78827,30,2026-10-08T15:00:31+00:00,UN_News_Centre,UN News,"The United Nations’ official news service.
Breaking news and stories from across the UN and its work around the world.","Manhattan, NY",846675,1349,74051,0,0,"{""_type"": ""snscrape.modules.twitter.User"", ""blue"": false, ""blueType"": ""Government"", ""created"": ""2010-01-12 21:25:52+00:00"", ""descriptionLinks"": [{""tcourl"": ""https://t.co/r2JoWl9PDy"", ""text"": ""news.un.org/en/"", ""url"": ""https://news.un.org/en/""}], ""displayname"": ""UN News"", ""favouritesCount"": 3500, ""followersCount"": 846675, ""friendsCount"": 1349, ""id"": 104277809, ""id_str"": ""104277809"", ""listedCount"": 0, ""location"": ""Manhattan, NY"", ""mediaCount"": 17818, ""pinnedIds"": [], ""profileBannerUrl"": ""https://pbs.twimg.com/profile_banners/104277809/1787754846"", ""profileImageUrl"": ""https://pbs.twimg.com/profile_images/1166788017354432512/SO_UaxYd_normal.jpg"", ""protected"": false, ""rawDescription"": ""The United Nations’ official news service.\nBreaking news and stories from across the UN and its work around the world."", ""statusesCount"": 74051, ""url"": ""https://x.com/UN_News_Centre"", ""username"": ""UN_News_Centre"", ""verified"": false}"
291,20224173,1281940226794049536,e5421ef2b751488bd684e8f3,72625600f41290f7928e27f66dd78827,30,2026-10-08T15:00:31+00:00,Sineadey,Sinéad Florence Livingston,"@Sage_Gateshead @Sunderlanduni graduate-BA(Hons)Community Music  

Leader of The Singergy Collective Choirs 
Lover of the hills and sea.
Tea enthusiast

she/her",Weardale,1211,2650,21265,0,0,"{""_type"": ""snscrape.modules.twitter.User"", ""blue"": false, ""blueType"": null, ""created"": ""2009-02-06 08:57:56+00:00"", ""descriptionLinks"": [{""tcourl"": ""https://t.co/EdJEwgbX3o"", ""text"": ""youtube.com/sineadey1990"", ""url"": ""http://www.youtube.com/sineadey1990""}], ""displayname"": ""Sinéad Florence Livingston"", ""favouritesCount"": 15795, ""followersCount"": 1211, ""friendsCount"": 2650, ""id"": 20224173, ""id_str"": ""20224173"", ""listedCount"": 0, ""location"": ""Weardale"", ""mediaCount"": 1609, ""pinnedIds"": [1066840795137871873], ""profileBannerUrl"": ""https://pbs.twimg.com/profile_banners/20224173/1469696392"", ""profileImageUrl"": ""https://pbs.twimg.com/profile_images/1657113645879373825/vVF_AIdO_normal.jpg"", ""protected"": false, ""rawDescription"": ""@Sage_Gateshead @Sunderlanduni graduate-BA(Hons)Community Music  \n\nLeader of The Singergy Collective Choirs \nLover of the hills and sea.\nTea enthusiast\n\nshe/her"", ""statusesCount"": 21265, ""url"": ""https://x.com/Sineadey"", ""username"": ""Sineadey"", ""verified"": false}"
292,851144697804455936,1281929513941774337,e5421ef2b751488bd684e8f3,72625600f41290f7928e27f66dd78827,30,2026-10-08T15:00:31+00:00,laciaociao,melissa 🇩🇰🇷🇸🇫🇮🇮🇹,22 | she/her | i'm a million miles away from who i wanna be 💔,🤍💙🤍,389,350,10246,0,0,"{""_type"": ""snscrape.modules.twitter.User"", ""blue"": false, ""blueType"": null, ""created"": ""2017-04-09 18:48:04+00:00"", ""descriptionLinks"": [], ""displayname"": ""melissa 🇩🇰🇷🇸🇫🇮🇮🇹"", ""favouritesCount"": 25730, ""followersCount"": 389, ""friendsCount"": 350, ""id"": 851144697804455936, ""id_str"": ""851144697804455936"", ""listedCount"": 0, ""location"": ""🤍💙🤍"", ""mediaCount"": 1108, ""pinnedIds"": [], ""profileBannerUrl"": ""https://pbs.twimg.com/profile_banners/851144697804455936/1675984091"", ""profileImageUrl"": ""https://pbs.twimg.com/profile_images/1889461837579603968/mujd1MMi_normal.jpg"", ""protected"": false, ""rawDescription"": ""22 | she/her | i'm a million miles away from who i wanna be 💔"", ""statusesCount"": 10246, ""url"": ""https://x.com/laciaociao"", ""username"": ""laciaociao"", ""verified"": false}"
293,904192688,1281928881512026124,e5421ef2b751488bd684e8f3,72625600f41290f7928e27f66dd78827,30,2026-10-08T15:00:31+00:00,OakminsterHC,Oakminster Healthcare,Specialist care homes with experience of more then 20 years in the care of elderly people. Our strength lies in the excellent service we provide.,"Glasgow, Scotland",666,516,2125,0,0,"{""_type"": ""snscrape.modules.twitter.User"", ""blue"": false, ""blueType"": null, ""created"": ""2012-10-25 16:13:47+00:00"", ""descriptionLinks"": [{""tcourl"": ""https://t.co/R1G9gWDF1p"", ""text"": ""oakminsterhealthcare.co.uk"", ""url"": ""http://www.oakminsterhealthcare.co.uk""}], ""displayname"": ""Oakminster Healthcare"", ""favouritesCount"": 160, ""followersCount"": 666, ""friendsCount"": 516, ""id"": 904192688, ""id_str"": ""904192688"", ""listedCount"": 0, ""location"": ""Glasgow, Scotland"", ""mediaCount"": 714, ""pinnedIds"": [1063588664633171968], ""profileBannerUrl"": ""https://pbs.twimg.com/profile_banners/904192688/1530627092"", ""profileImageUrl"": ""https://pbs.twimg.com/profile_images/1384879529655681027/uU-6XgPR_normal.jpg"", ""protected"": false, ""rawDescription"": ""Specialist care homes with experience of more then 20 years in the care of elderly people. Our strength lies in the excellent service we provide."", ""statusesCount"": 2125, ""url"": ""https://x.com/OakminsterHC"", ""username"": ""OakminsterHC"", ""verified"": false}"
294,190226956,1281911029383847939,e5421ef2b751488bd684e8f3,72625600f41290f7928e27f66dd78827,30,2026-10-08T15:00:31+00:00,cherubinvinuya,Florence,"i love fish tofu and tortang talong, also pad thai.",Mandaluyong,1231,674,69556,0,0,"{""_type"": ""snscrape.modules.twitter.User"", ""blue"": false, ""blueType"": null, ""created"": ""2010-09-13 12:17:01+00:00"", ""descriptionLinks"": [{""tcourl"": ""https://t.co/uyQY6fmeDw"", ""text"": ""instagram.com/cherubinvinuya/"", ""url"": ""https://www.instagram.com/cherubinvinuya/""}], ""displayname"": ""Florence"", ""favouritesCount"": 146738, ""followersCount"": 1231, ""friendsCount"": 674, ""id"": 190226956, ""id_str"": ""190226956"", ""listedCount"": 0, ""location"": ""Mandaluyong"", ""mediaCount"": 4078, ""pinnedIds"": [1630074082585878529], ""profileBannerUrl"": ""https://pbs.twimg.com/profile_banners/190226956/1681302354"", ""profileImageUrl"": ""https://pbs.twimg.com/profile_images/1775043074194083840/Wtor_UTJ_normal.jpg"", ""protected"": false, ""rawDescription"": ""i love fish tofu and tortang talong, also pad thai."", ""statusesCount"": 69556, ""url"": ""https://x.com/cherubinvinuya"", ""username"": ""cherubinvinuya"", ""verified"": false}"
295,567028657,1281910029612994561,e5421ef2b751488bd684e8f3,72625600f41290f7928e27f66dd78827,30,2026-10-08T15:00:31+00:00,FlorenceThune,Florence Thune,Directrice Générale - Executive Director @SIdaction #HIV #VIH #sida #aids #droitsdesfemmes #WomensRights #HumanRights #droitsdesmalades #solidarité,,4212,1211,6259,0,0,"{""_type"": ""snscrape.modules.twitter.User"", ""blue"": false, ""blueType"": null, ""created"": ""2012-04-30 07:59:20+00:00"", ""descriptionLinks"": [], ""displayname"": ""Florence Thune"", ""favouritesCount"": 7961, ""followersCount"": 4212, ""friendsCount"": 1211, ""id"": 567028657, ""id_str"": ""567028657"", ""listedCount"": 0, ""location"": """", ""mediaCount"": 552, ""pinnedIds"": [1805125892181520487], ""profileBannerUrl"": ""https://pbs.twimg.com/profile_banners/567028657/1445696059"", ""profileImageUrl"": ""https://pbs.twimg.com/profile_images/1023208261137387520/UuL4908D_normal.jpg"", ""protected"": false, ""rawDescription"": ""Directrice Générale - Executive Director @SIdaction #HIV #VIH #sida #aids #droitsdesfemmes #WomensRights #HumanRights #droitsdesmalades #solidarité"", ""statusesCount"": 6259, ""url"": ""https://x.com/FlorenceThune"", ""username"": ""FlorenceThune"", ""verified"": false}"
296,1927011510,1281902650892705792,e5421ef2b751488bd684e8f3,72625600f41290f7928e27f66dd78827,30,2026-10-08T15:00:31+00:00,AgeUKSandwell,Age UK Sandwell,Improving the quality of life for older people in Sandwell -              0121 437 0033. Now part of the Age UK Birmingham family.,Sandwell,762,440,1084,0,0,"{""_type"": ""snscrape.modules.twitter.User"", ""blue"": false, ""blueType"": null, ""created"": ""2013-10-02 14:28:30+00:00"", ""descriptionLinks"": [{""tcourl"": ""https://t.co/wXYmQCOoI1"", ""text"": ""ageuksandwell.org.uk"", ""url"": ""http://www.ageuksandwell.org.uk""}], ""displayname"": ""Age UK Sandwell"", ""favouritesCount"": 91, ""followersCount"": 762, ""friendsCount"": 440, ""id"": 1927011510, ""id_str"": ""1927011510"", ""listedCount"": 0, ""location"": ""Sandwell"", ""mediaCount"": 521, ""pinnedIds"": [], ""profileBannerUrl"": ""https://pbs.twimg.com/profile_banners/1927011510/1641470177"", ""profileImageUrl"": ""https://pbs.twimg.com/profile_images/1093504929896034304/GNLDhjJ5_normal.jpg"", ""protected"": false, ""rawDescription"": ""Improving the quality of life for older people in Sandwell -              0121 437 0033. Now part of the Age UK Birmingham family."", ""statusesCount"": 1084, ""url"": ""https://x.com/AgeUKSandwell"", ""username"": ""AgeUKSandwell"", ""verified"": false}"
297,1564320913,1281882138309165056,e5421ef2b751488bd684e8f3,72625600f41290f7928e27f66dd78827,30,2026-10-08T15:00:31+00:00,Floramano,Florence Mano,"Through it all I have learnt to trust in God and to depend upon His word. Edify, Teach and Encourage believers. 🚫NO DM please.",,5763,3634,5258,0,0,"{""_type"": ""snscrape.modules.twitter.User"", ""blue"": false, ""blueType"": null, ""created"": ""2013-07-02 22:58:06+00:00"", ""descriptionLinks"": [], ""displayname"": ""Florence Mano"", ""favouritesCount"": 24100, ""followersCount"": 5763, ""friendsCount"": 3634, ""id"": 1564320913, ""id_str"": ""1564320913"", ""listedCount"": 0, ""location"": """", ""mediaCount"": 33, ""pinnedIds"": [1650785247259246596], ""profileBannerUrl"": ""https://pbs.twimg.com/profile_banners/1564320913/1547274371"", ""profileImageUrl"": ""https://pbs.twimg.com/profile_images/1448697119704068103/bF_7Yd3R_normal.jpg"", ""protected"": false, ""rawDescription"": ""Through it all I have learnt to trust in God and to depend upon His word. Edify, Teach and Encourage believers. 🚫NO DM please."", ""statusesCount"": 5258, ""url"": ""https://x.com/Floramano"", ""username"": ""Floramano"", ""verified"": false}"
298,153365411,1281874632002490368,e5421ef2b751488bd684e8f3,72625600f41290f7928e27f66dd78827,30,2026-10-08T15:00:31+00:00,fowflo,Florence Young,PhD student | Economist | Management Consultant | Mother | Emerging Entrepreneur | Education,,739,696,10169,0,0,"{""_type"": ""snscrape.modules.twitter.User"", ""blue"": false, ""blueType"": null, ""created"": ""2010-06-08 10:46:17+00:00"", ""descriptionLinks"": [], ""displayname"": ""Florence Young"", ""favouritesCount"": 8183, ""followersCount"": 739, ""friendsCount"": 696, ""id"": 153365411, ""id_str"": ""153365411"", ""listedCount"": 0, ""location"": """", ""mediaCount"": 112, ""pinnedIds"": [], ""profileBannerUrl"": ""https://pbs.twimg.com/profile_banners/153365411/1436757528"", ""profileImageUrl"": ""https://pbs.twimg.com/profile_images/1835152575529635841/B33VmUSD_normal.jpg"", ""protected"": false, ""rawDescription"": ""PhD student | Economist | Management Consultant | Mother | Emerging Entrepreneur | Education"", ""statusesCount"": 10169, ""url"": ""https://x.com/fowflo"", ""username"": ""fowflo"", ""verified"": false}"
299,1005831521058656257,1281845361200504832,e5421ef2b751488bd684e8f3,72625600f41290f7928e27f66dd78827,30,2026-10-08T15:00:31+00:00,Treich13,Nicolas Treich,"Economist working on animal welfare, as well as on environmental & ag economics, and public policy. All opinions are my own, not those of TSE or INRAE.","Toulouse, France",2505,1752,6087,0,0,"{""_type"": ""snscrape.modules.twitter.User"", ""blue"": false, ""blueType"": null, ""created"": ""2018-06-10 15:18:16+00:00"", ""descriptionLinks"": [{""tcourl"": ""https://t.co/FpCGBTQSUP"", ""text"": ""nicolastreich.com"", ""url"": ""http://www.nicolastreich.com""}], ""displayname"": ""Nicolas Treich"", ""favouritesCount"": 17885, ""followersCount"": 2505, ""friendsCount"": 1752, ""id"": 1005831521058656257, ""id_str"": ""1005831521058656257"", ""listedCount"": 0, ""location"": ""Toulouse, France"", ""mediaCount"": 403, ""pinnedIds"": [], ""profileBannerUrl"": """", ""profileImageUrl"": ""https://pbs.twimg.com/profile_images/1867915659721474048/NrIYKqpI_normal.jpg"", ""protected"": false, ""rawDescription"": ""Economist working on animal welfare, as well as on environmental & ag economics, and public policy. All opinions are my own, not those of TSE or INRAE."", ""statusesCount"": 6087, ""url"": ""https://x.com/Treich13"", ""username"": ""Treich13"", ""verified"": false}"
300,1212134237643526144,1281843266661478402,e5421ef2b751488bd684e8f3,72625600f41290f7928e27f66dd78827,30,2026-10-08T15:00:31+00:00,pizzzazlut,melissa thee stallion 🎃👻💀,Carol. part time dumbass. full time heathen. Kylux 4ever. currently kingdon. multi fandom and multi shipping galore 🔞NSFW🔞,30+•bi•she/her•force choke me,1424,717,102906,0,0,"{""_type"": ""snscrape.modules.twitter.User"", ""blue"": false, ""blueType"": null, ""created"": ""2019-12-31 22:11:46+00:00"", ""descriptionLinks"": [{""tcourl"": ""https://t.co/TYtyRFG1jG"", ""text"": ""archiveofourown.org/users/Pizzzazl…"", ""url"": ""https://archiveofourown.org/users/Pizzzazlut/works""}], ""displayname"": ""melissa thee stallion 🎃👻💀"", ""favouritesCount"": 183899, ""followersCount"": 1424, ""friendsCount"": 717, ""id"": 1212134237643526144, ""id_str"": ""1212134237643526144"", ""listedCount"": 0, ""location"": ""30+•bi•she/her•force choke me"", ""mediaCount"": 8446, ""pinnedIds"": [2086543865511899524], ""profileBannerUrl"": ""https://pbs.twimg.com/profile_banners/1212134237643526144/1784840945"", ""profileImageUrl"": ""https://pbs.twimg.com/profile_images/2086214110782668800/Tp1V2wB9_normal.jpg"", ""protected"": false, ""rawDescription"": ""Carol. part time dumbass. full time heathen. Kylux 4ever. currently kingdon. multi fandom and multi shipping galore 🔞NSFW🔞"", ""statusesCount"": 102906, ""url"": ""https://x.com/pizzzazlut"", ""username"": ""pizzzazlut"", ""verified"": false}"
301,258408688,1281839664442351618,e5421ef2b751488bd684e8f3,72625600f41290f7928e27f66dd78827,30,2026-10-08T15:00:31+00:00,Clive_Bates,Clive Bates,"What's right thing to do? Been with IBM, Greenpeace, ASH, Cabinet Office, Environment Agency, UN in Sudan, Welsh Government, DECC and now my own Counterfactual.","London or Derbyshire, UK",13902,1444,25305,0,0,"{""_type"": ""snscrape.modules.twitter.User"", ""blue"": true, ""blueType"": null, ""created"": ""2011-02-27 17:21:17+00:00"", ""descriptionLinks"": [{""tcourl"": ""https://t.co/UQ8IFavpp9"", ""text"": ""clivebates.substack.com"", ""url"": ""https://clivebates.substack.com/""}], ""displayname"": ""Clive Bates"", ""favouritesCount"": 6817, ""followersCount"": 13902, ""friendsCount"": 1444, ""id"": 258408688, ""id_str"": ""258408688"", ""listedCount"": 0, ""location"": ""London or Derbyshire, UK"", ""mediaCount"": 1624, ""pinnedIds"": [1450085683209584640], ""profileBannerUrl"": ""https://pbs.twimg.com/profile_banners/258408688/1706217132"", ""profileImageUrl"": ""https://pbs.twimg.com/profile_images/510833217004261376/hmWaVTS4_normal.jpeg"", ""protected"": false, ""rawDescription"": ""What's right thing to do? Been with IBM, Greenpeace, ASH, Cabinet Office, Environment Agency, UN in Sudan, Welsh Government, DECC and now my own Counterfactual."", ""statusesCount"": 25305, ""url"": ""https://x.com/Clive_Bates"", ""username"": ""Clive_Bates"", ""verified"": false}"
302,2349883271,1281831119596421121,e5421ef2b751488bd684e8f3,72625600f41290f7928e27f66dd78827,30,2026-10-08T15:00:31+00:00,cbibitch,florence like the machine,black lives matter |24 there’s been a slight misuse of the substance,new york,227,230,11727,0,0,"{""_type"": ""snscrape.modules.twitter.User"", ""blue"": false, ""blueType"": null, ""created"": ""2014-02-18 03:59:04+00:00"", ""descriptionLinks"": [], ""displayname"": ""florence like the machine"", ""favouritesCount"": 16679, ""followersCount"": 227, ""friendsCount"": 230, ""id"": 2349883271, ""id_str"": ""2349883271"", ""listedCount"": 0, ""location"": ""new york"", ""mediaCount"": 244, ""pinnedIds"": [1545851099894235136], ""profileBannerUrl"": ""https://pbs.twimg.com/profile_banners/2349883271/1662060556"", ""profileImageUrl"": ""https://pbs.twimg.com/profile_images/1697642807744237568/Nr7YXyJ__normal.jpg"", ""protected"": false, ""rawDescription"": ""black lives matter |24 there’s been a slight misuse of the substance"", ""statusesCount"": 11727, ""url"": ""https://x.com/cbibitch"", ""username"": ""cbibitch"", ""verified"": false}"
303,145600739,1281820078028124161,e5421ef2b751488bd684e8f3,72625600f41290f7928e27f66dd78827,30,2026-10-08T15:00:31+00:00,Vinayakmprasad,Vinayak Prasad,#Global Health expert . #Customs expert. Tweets are personal and may or may not reflect WHOs position where i am currently employed #tobacco control #WHO,Switzerland,651,825,1668,0,0,"{""_type"": ""snscrape.modules.twitter.User"", ""blue"": false, ""blueType"": null, ""created"": ""2010-05-19 11:03:08+00:00"", ""descriptionLinks"": [], ""displayname"": ""Vinayak Prasad"", ""favouritesCount"": 5651, ""followersCount"": 651, ""friendsCount"": 825, ""id"": 145600739, ""id_str"": ""145600739"", ""listedCount"": 0, ""location"": ""Switzerland"", ""mediaCount"": 49, ""pinnedIds"": [], ""profileBannerUrl"": ""https://pbs.twimg.com/profile_banners/145600739/1509821104"", ""profileImageUrl"": ""https://pbs.twimg.com/profile_images/930524645387853826/Q8HcMWkT_normal.jpg"", ""protected"": false, ""rawDescription"": ""#Global Health expert . #Customs expert. Tweets are personal and may or may not reflect WHOs position where i am currently employed #tobacco control #WHO"", ""statusesCount"": 1668, ""url"": ""https://x.com/Vinayakmprasad"", ""username"": ""Vinayakmprasad"", ""verified"": false}"
304,873681823112597504,1281804829229223939,e5421ef2b751488bd684e8f3,72625600f41290f7928e27f66dd78827,30,2026-10-08T15:00:31+00:00,audiblemarco,Marco 🇻🇦 🎃,+JMJ+. I sometimes make art. Blessed Fulton Sheen gang. 🇺🇸🇫🇷🇲🇽,"Illinois, United States",2612,339,31793,0,0,"{""_type"": ""snscrape.modules.twitter.User"", ""blue"": false, ""blueType"": null, ""created"": ""2017-06-10 23:22:33+00:00"", ""descriptionLinks"": [], ""displayname"": ""Marco 🇻🇦 🎃"", ""favouritesCount"": 206426, ""followersCount"": 2612, ""friendsCount"": 339, ""id"": 873681823112597504, ""id_str"": ""873681823112597504"", ""listedCount"": 0, ""location"": ""Illinois, United States"", ""mediaCount"": 2854, ""pinnedIds"": [1517159824047452162], ""profileBannerUrl"": ""https://pbs.twimg.com/profile_banners/873681823112597504/1755230521"", ""profileImageUrl"": ""https://pbs.twimg.com/profile_images/2033747635140800512/oxo1DIdf_normal.jpg"", ""protected"": false, ""rawDescription"": ""+JMJ+. I sometimes make art. Blessed Fulton Sheen gang. 🇺🇸🇫🇷🇲🇽"", ""statusesCount"": 31793, ""url"": ""https://x.com/audiblemarco"", ""username"": ""audiblemarco"", ""verified"": false}"
305,3248735790,1281802033566085120,e5421ef2b751488bd684e8f3,72625600f41290f7928e27f66dd78827,30,2026-10-08T15:00:31+00:00,blaisedre,Florence,pero amor no basta,,270,224,23473,0,0,"{""_type"": ""snscrape.modules.twitter.User"", ""blue"": false, ""blueType"": null, ""created"": ""2015-06-18 14:25:25+00:00"", ""descriptionLinks"": [], ""displayname"": ""Florence"", ""favouritesCount"": 26937, ""followersCount"": 270, ""friendsCount"": 224, ""id"": 3248735790, ""id_str"": ""3248735790"", ""listedCount"": 0, ""location"": """", ""mediaCount"": 1197, ""pinnedIds"": [1536755090903937024], ""profileBannerUrl"": ""https://pbs.twimg.com/profile_banners/3248735790/1668729451"", ""profileImageUrl"": ""https://pbs.twimg.com/profile_images/1647457554677772288/rRQC6VIc_normal.jpg"", ""protected"": false, ""rawDescription"": ""pero amor no basta"", ""statusesCount"": 23473, ""url"": ""https://x.com/blaisedre"", ""username"": ""blaisedre"", ""verified"": false}"
306,1243419404265648148,1281797395274018822,e5421ef2b751488bd684e8f3,72625600f41290f7928e27f66dd78827,30,2026-10-08T15:00:31+00:00,JustReddz,Swagapino Gopnik Cholo Rasta,"I am a trader of horses from Tajik SSR

Viewmodel, Character, and 3D Animator for:
Fallout: Cascadia
Fallout: Miami
Fallout 4: New Vegas
Fallout: Empire Wastes","Dushanbe, Tajik SSR",1420,4722,251792,0,0,"{""_type"": ""snscrape.modules.twitter.User"", ""blue"": false, ""blueType"": null, ""created"": ""2020-03-27 06:07:49+00:00"", ""descriptionLinks"": [], ""displayname"": ""Swagapino Gopnik Cholo Rasta"", ""favouritesCount"": 404636, ""followersCount"": 1420, ""friendsCount"": 4722, ""id"": 1243419404265648148, ""id_str"": ""1243419404265648148"", ""listedCount"": 0, ""location"": ""Dushanbe, Tajik SSR"", ""mediaCount"": 19725, ""pinnedIds"": [2073242102188978332], ""profileBannerUrl"": ""https://pbs.twimg.com/profile_banners/1243419404265648148/1778732459"", ""profileImageUrl"": ""https://pbs.twimg.com/profile_images/2102919413083074560/NAA52zU2_normal.jpg"", ""protected"": false, ""rawDescription"": ""I am a trader of horses from Tajik SSR\n\nViewmodel, Character, and 3D Animator for:\nFallout: Cascadia\nFallout: Miami\nFallout 4: New Vegas\nFallout: Empire Wastes"", ""statusesCount"": 251792, ""url"": ""https://x.com/JustReddz"", ""username"": ""JustReddz"", ""verified"": false}"
307,20689390,1281785987270615055,e5421ef2b751488bd684e8f3,72625600f41290f7928e27f66dd78827,30,2026-10-08T15:00:31+00:00,HarvestFlo,Florence Reed,"Founder @sust_harv_intl + mother, #organic gardener, #treehugger & community organizer. Promoting #reforestation, #regenerativeag & #agroecology Tweets my own.","Ellsworth, ME",559,841,4081,0,0,"{""_type"": ""snscrape.modules.twitter.User"", ""blue"": false, ""blueType"": null, ""created"": ""2009-02-12 16:17:10+00:00"", ""descriptionLinks"": [{""tcourl"": ""https://t.co/7mXES5hRcT"", ""text"": ""sustainableharvest.org"", ""url"": ""http://www.sustainableharvest.org""}], ""displayname"": ""Florence Reed"", ""favouritesCount"": 4857, ""followersCount"": 559, ""friendsCount"": 841, ""id"": 20689390, ""id_str"": ""20689390"", ""listedCount"": 0, ""location"": ""Ellsworth, ME"", ""mediaCount"": 304, ""pinnedIds"": [1267073474905989120], ""profileBannerUrl"": ""https://pbs.twimg.com/profile_banners/20689390/1363800815"", ""profileImageUrl"": ""https://pbs.twimg.com/profile_images/1121831350594678785/USX6-yib_normal.png"", ""protected"": false, ""rawDescription"": ""Founder @sust_harv_intl + mother, #organic gardener, #treehugger & community organizer. Promoting #reforestation, #regenerativeag & #agroecology Tweets my own."", ""statusesCount"": 4081, ""url"": ""https://x.com/HarvestFlo"", ""username"": ""HarvestFlo"", ""verified"": false}"
308,887695590095818756,1281776482663174144,e5421ef2b751488bd684e8f3,72625600f41290f7928e27f66dd78827,30,2026-10-08T15:00:31+00:00,CrimeReads,CrimeReads,"A daily culture site featuring the best crime, mystery, and thriller writing. From the makers of @lithub.",,29874,822,34464,0,0,"{""_type"": ""snscrape.modules.twitter.User"", ""blue"": false, ""blueType"": null, ""created"": ""2017-07-19 15:28:16+00:00"", ""descriptionLinks"": [{""tcourl"": ""https://t.co/UP7BDNdpm1"", ""text"": ""crimereads.memberful.com/join"", ""url"": ""https://crimereads.memberful.com/join""}], ""displayname"": ""CrimeReads"", ""favouritesCount"": 27554, ""followersCount"": 29874, ""friendsCount"": 822, ""id"": 887695590095818756, ""id_str"": ""887695590095818756"", ""listedCount"": 0, ""location"": """", ""mediaCount"": 2369, ""pinnedIds"": [971448933259137024], ""profileBannerUrl"": ""https://pbs.twimg.com/profile_banners/887695590095818756/1516300608"", ""profileImageUrl"": ""https://pbs.twimg.com/profile_images/954059808122032129/4AKnb_0W_normal.jpg"", ""protected"": false, ""rawDescription"": ""A daily culture site featuring the best crime, mystery, and thriller writing. From the makers of @lithub."", ""statusesCount"": 34464, ""url"": ""https://x.com/CrimeReads"", ""username"": ""CrimeReads"", ""verified"": false}"
309,1058365961739403265,1281775670121631744,e5421ef2b751488bd684e8f3,72625600f41290f7928e27f66dd78827,31,2026-10-08T15:00:48+00:00,sarsantucci,sarsantooch,,,11,162,136,0,0,"{""_type"": ""snscrape.modules.twitter.User"", ""blue"": false, ""blueType"": null, ""created"": ""2018-11-02 14:31:23+00:00"", ""descriptionLinks"": [], ""displayname"": ""sarsantooch"", ""favouritesCount"": 300, ""followersCount"": 11, ""friendsCount"": 162, ""id"": 1058365961739403265, ""id_str"": ""1058365961739403265"", ""listedCount"": 0, ""location"": """", ""mediaCount"": 0, ""pinnedIds"": [], ""profileBannerUrl"": ""https://pbs.twimg.com/profile_banners/1058365961739403265/1541169333"", ""profileImageUrl"": ""https://pbs.twimg.com/profile_images/1058367007165505536/PgWJ7pmH_normal.jpg"", ""protected"": false, ""rawDescription"": """", ""statusesCount"": 136, ""url"": ""https://x.com/sarsantucci"", ""username"": ""sarsantucci"", ""verified"": false}"
310,889939884898648065,1281756950808666112,e5421ef2b751488bd684e8f3,72625600f41290f7928e27f66dd78827,31,2026-10-08T15:00:48+00:00,Floawuor,Florence Awuor,A linguist😊 who LOVES THE LORD.,"Nakuru, Kenya",11723,11528,17874,0,0,"{""_type"": ""snscrape.modules.twitter.User"", ""blue"": false, ""blueType"": null, ""created"": ""2017-07-25 20:06:17+00:00"", ""descriptionLinks"": [], ""displayname"": ""Florence Awuor"", ""favouritesCount"": 12353, ""followersCount"": 11723, ""friendsCount"": 11528, ""id"": 889939884898648065, ""id_str"": ""889939884898648065"", ""listedCount"": 0, ""location"": ""Nakuru, Kenya"", ""mediaCount"": 504, ""pinnedIds"": [1265693684395376647], ""profileBannerUrl"": ""https://pbs.twimg.com/profile_banners/889939884898648065/1516726901"", ""profileImageUrl"": ""https://pbs.twimg.com/profile_images/1156208680750256129/jMG2DZXD_normal.jpg"", ""protected"": false, ""rawDescription"": ""A linguist😊 who LOVES THE LORD."", ""statusesCount"": 17874, ""url"": ""https://x.com/Floawuor"", ""username"": ""Floawuor"", ""verified"": false}"
311,244947103,1281712815145877505,e5421ef2b751488bd684e8f3,72625600f41290f7928e27f66dd78827,31,2026-10-08T15:00:48+00:00,swimdaily,Derek Yach,#GlobalHealth promotion focused on #NCDs #mentalhealth #AI #Health @WHO @Yale @VitalityUSA @PepsiCo & @CMMB 🏊‍♂️ daily! Psychroloutes.,"Fairfield, CT",3292,2481,9102,0,0,"{""_type"": ""snscrape.modules.twitter.User"", ""blue"": true, ""blueType"": null, ""created"": ""2011-01-30 14:18:14+00:00"", ""descriptionLinks"": [{""tcourl"": ""https://t.co/zYYEq2kS01"", ""text"": ""derekyach.com"", ""url"": ""http://derekyach.com""}], ""displayname"": ""Derek Yach"", ""favouritesCount"": 8262, ""followersCount"": 3292, ""friendsCount"": 2481, ""id"": 244947103, ""id_str"": ""244947103"", ""listedCount"": 0, ""location"": ""Fairfield, CT"", ""mediaCount"": 569, ""pinnedIds"": [], ""profileBannerUrl"": ""https://pbs.twimg.com/profile_banners/244947103/1788465586"", ""profileImageUrl"": ""https://pbs.twimg.com/profile_images/2107217951392718848/kQztrD96_normal.jpg"", ""protected"": false, ""rawDescription"": ""#GlobalHealth promotion focused on #NCDs #mentalhealth #AI #Health @WHO @Yale @VitalityUSA @PepsiCo & @CMMB 🏊‍♂️ daily! Psychroloutes."", ""statusesCount"": 9102, ""url"": ""https://x.com/swimdaily"", ""username"": ""swimdaily"", ""verified"": false}"
312,968677375918706689,1281708439673073664,e5421ef2b751488bd684e8f3,72625600f41290f7928e27f66dd78827,31,2026-10-08T15:00:48+00:00,brujacontumbao,Bachata in the mosh pit,Briana 🏴 Black since 1502. 🌈 Salem Had It Coming 🌙 Swimming thru the depths in the Great Lakes region. She/Her.,"Chicago, IL",9803,904,80953,0,0,"{""_type"": ""snscrape.modules.twitter.User"", ""blue"": false, ""blueType"": null, ""created"": ""2018-02-28 02:40:58+00:00"", ""descriptionLinks"": [{""tcourl"": ""https://t.co/EBorv5vnCa"", ""text"": ""toramata.substack.com"", ""url"": ""https://toramata.substack.com""}], ""displayname"": ""Bachata in the mosh pit"", ""favouritesCount"": 223141, ""followersCount"": 9803, ""friendsCount"": 904, ""id"": 968677375918706689, ""id_str"": ""968677375918706689"", ""listedCount"": 0, ""location"": ""Chicago, IL"", ""mediaCount"": 3849, ""pinnedIds"": [], ""profileBannerUrl"": ""https://pbs.twimg.com/profile_banners/968677375918706689/1538563626"", ""profileImageUrl"": ""https://pbs.twimg.com/profile_images/2061580500272066561/XGL1TmLL_normal.jpg"", ""protected"": false, ""rawDescription"": ""Briana 🏴 Black since 1502. 🌈 Salem Had It Coming 🌙 Swimming thru the depths in the Great Lakes region. She/Her."", ""statusesCount"": 80953, ""url"": ""https://x.com/brujacontumbao"", ""username"": ""brujacontumbao"", ""verified"": false}"
314,1278195544456925186,1281655776591835136,e5421ef2b751488bd684e8f3,72625600f41290f7928e27f66dd78827,31,2026-10-08T15:00:48+00:00,DrDavidOwuorBr,Dr. David Owuor Brasil,"⚠️ Avivamento SP 2026
🔥 Mega Cruzada de Milagres 
🗓 26/09 | 14h 📍Ginásio da Portuguesa
👇Reserve sua presença gratuitamente!",Brasil,10051,3565,4592,0,0,"{""_type"": ""snscrape.modules.twitter.User"", ""blue"": true, ""blueType"": null, ""created"": ""2020-07-01 05:16:02+00:00"", ""descriptionLinks"": [{""tcourl"": ""https://t.co/apFX86DZeD"", ""text"": ""drdavidowuorbrasil.com.br"", ""url"": ""https://drdavidowuorbrasil.com.br""}], ""displayname"": ""Dr. David Owuor Brasil"", ""favouritesCount"": 9111, ""followersCount"": 10051, ""friendsCount"": 3565, ""id"": 1278195544456925186, ""id_str"": ""1278195544456925186"", ""listedCount"": 0, ""location"": ""Brasil"", ""mediaCount"": 579, ""pinnedIds"": [], ""profileBannerUrl"": ""https://pbs.twimg.com/profile_banners/1278195544456925186/1786973687"", ""profileImageUrl"": ""https://pbs.twimg.com/profile_images/2011728255150153729/Y0X1vaUO_normal.jpg"", ""protected"": false, ""rawDescription"": ""⚠️ Avivamento SP 2026\n🔥 Mega Cruzada de Milagres \n🗓 26/09 | 14h 📍Ginásio da Portuguesa\n👇Reserve sua presença gratuitamente!"", ""statusesCount"": 4592, ""url"": ""https://x.com/DrDavidOwuorBr"", ""username"": ""DrDavidOwuorBr"", ""verified"": false}"
315,18790681,1281700250059599872,e5421ef2b751488bd684e8f3,72625600f41290f7928e27f66dd78827,31,2026-10-08T15:00:48+00:00,thegregcross,Greg Cross,AI+AI=AI,Auckland,979,838,2040,0,0,"{""_type"": ""snscrape.modules.twitter.User"", ""blue"": false, ""blueType"": null, ""created"": ""2009-01-09 03:32:08+00:00"", ""descriptionLinks"": [{""tcourl"": ""https://t.co/TCcJoXw8m2"", ""text"": ""eighty20.ai"", ""url"": ""http://www.eighty20.ai""}], ""displayname"": ""Greg Cross"", ""favouritesCount"": 860, ""followersCount"": 979, ""friendsCount"": 838, ""id"": 18790681, ""id_str"": ""18790681"", ""listedCount"": 0, ""location"": ""Auckland"", ""mediaCount"": 132, ""pinnedIds"": [], ""profileBannerUrl"": """", ""profileImageUrl"": ""https://pbs.twimg.com/profile_images/1314793359240646658/GCGKpqt4_normal.jpg"", ""protected"": false, ""rawDescription"": ""AI+AI=AI"", ""statusesCount"": 2040, ""url"": ""https://x.com/thegregcross"", ""username"": ""thegregcross"", ""verified"": false}"
316,1104272756030533632,1281699880755503105,e5421ef2b751488bd684e8f3,72625600f41290f7928e27f66dd78827,31,2026-10-08T15:00:48+00:00,koralinadean,cay,this account was filmed in front of a live studio audience,😫✨ she/her ,37025,885,106454,0,0,"{""_type"": ""snscrape.modules.twitter.User"", ""blue"": false, ""blueType"": null, ""created"": ""2019-03-09 06:48:36+00:00"", ""descriptionLinks"": [{""tcourl"": ""https://t.co/UmznKvy6vP"", ""text"": ""boxd.it/2KcVT"", ""url"": ""https://boxd.it/2KcVT""}], ""displayname"": ""cay"", ""favouritesCount"": 128223, ""followersCount"": 37025, ""friendsCount"": 885, ""id"": 1104272756030533632, ""id_str"": ""1104272756030533632"", ""listedCount"": 0, ""location"": ""😫✨ she/her "", ""mediaCount"": 33812, ""pinnedIds"": [1395776842607611906], ""profileBannerUrl"": ""https://pbs.twimg.com/profile_banners/1104272756030533632/1622723510"", ""profileImageUrl"": ""https://pbs.twimg.com/profile_images/1982929887380877312/nuEgGkAh_normal.jpg"", ""protected"": false, ""rawDescription"": ""this account was filmed in front of a live studio audience"", ""statusesCount"": 106454, ""url"": ""https://x.com/koralinadean"", ""username"": ""koralinadean"", ""verified"": false}"
317,17826047,1281699106184814592,e5421ef2b751488bd684e8f3,72625600f41290f7928e27f66dd78827,31,2026-10-08T15:00:48+00:00,slaterradio,slaterradio,"Christian, Husband, Dad.

Host of @BreitbartNews Daily on Sirius/XM & @TheFirstonTV weekdays 6-9am
Politics By Faith podcast

https://t.co/1DGrRwuZaJ","San Diego, CA",12754,957,9741,0,0,"{""_type"": ""snscrape.modules.twitter.User"", ""blue"": true, ""blueType"": null, ""created"": ""2008-12-03 02:22:45+00:00"", ""descriptionLinks"": [{""tcourl"": ""https://t.co/1DGrRwuZaJ"", ""text"": ""linktr.ee/slaterradio"", ""url"": ""https://www.linktr.ee/slaterradio""}], ""displayname"": ""slaterradio"", ""favouritesCount"": 1610, ""followersCount"": 12754, ""friendsCount"": 957, ""id"": 17826047, ""id_str"": ""17826047"", ""listedCount"": 0, ""location"": ""San Diego, CA"", ""mediaCount"": 669, ""pinnedIds"": [1149768361993068544], ""profileBannerUrl"": ""https://pbs.twimg.com/profile_banners/17826047/1571944820"", ""profileImageUrl"": ""https://pbs.twimg.com/profile_images/1746003850606055424/zfpANdA9_normal.jpg"", ""protected"": false, ""rawDescription"": ""Christian, Husband, Dad.\n\nHost of @BreitbartNews Daily on Sirius/XM & @TheFirstonTV weekdays 6-9am\nPolitics By Faith podcast\n\nhttps://t.co/1DGrRwuZaJ"", ""statusesCount"": 9741, ""url"": ""https://x.com/slaterradio"", ""username"": ""slaterradio"", ""verified"": false}"
318,390284285,1281682952926240768,e5421ef2b751488bd684e8f3,72625600f41290f7928e27f66dd78827,31,2026-10-08T15:00:48+00:00,DataInnovation,Center for Data Innovation,The Center for Data Innovation conducts independent research and formulates public policies to enable data-driven innovation in the public and private sector.,"Washington, DC",13783,4194,34886,0,0,"{""_type"": ""snscrape.modules.twitter.User"", ""blue"": true, ""blueType"": null, ""created"": ""2011-10-13 18:59:59+00:00"", ""descriptionLinks"": [{""tcourl"": ""https://t.co/51usnjkL19"", ""text"": ""datainnovation.org"", ""url"": ""http://www.datainnovation.org""}], ""displayname"": ""Center for Data Innovation"", ""favouritesCount"": 1448, ""followersCount"": 13783, ""friendsCount"": 4194, ""id"": 390284285, ""id_str"": ""390284285"", ""listedCount"": 0, ""location"": ""Washington, DC"", ""mediaCount"": 986, ""pinnedIds"": [], ""profileBannerUrl"": ""https://pbs.twimg.com/profile_banners/390284285/1405971838"", ""profileImageUrl"": ""https://pbs.twimg.com/profile_images/1894804102573383680/1k6mFdpG_normal.jpg"", ""protected"": false, ""rawDescription"": ""The Center for Data Innovation conducts independent research and formulates public policies to enable data-driven innovation in the public and private sector."", ""statusesCount"": 34886, ""url"": ""https://x.com/DataInnovation"", ""username"": ""DataInnovation"", ""verified"": false}"
319,14499829,1281613727696146432,e5421ef2b751488bd684e8f3,72625600f41290f7928e27f66dd78827,31,2026-10-08T15:00:48+00:00,WHO,World Health Organization (WHO),"We are the @UN’s health agency working for #HealthForAll
Always check our latest tweets for updated advice/information.","Geneva, Switzerland",12669863,1734,83434,0,0,"{""_type"": ""snscrape.modules.twitter.User"", ""blue"": true, ""blueType"": ""Government"", ""created"": ""2008-04-23 19:56:27+00:00"", ""descriptionLinks"": [{""tcourl"": ""https://t.co/28yN4nSRNK"", ""text"": ""who.int"", ""url"": ""http://www.who.int""}], ""displayname"": ""World Health Organization (WHO)"", ""favouritesCount"": 13969, ""followersCount"": 12669863, ""friendsCount"": 1734, ""id"": 14499829, ""id_str"": ""14499829"", ""listedCount"": 0, ""location"": ""Geneva, Switzerland"", ""mediaCount"": 26313, ""pinnedIds"": [2107852059706114345], ""profileBannerUrl"": ""https://pbs.twimg.com/profile_banners/14499829/1715598334"", ""profileImageUrl"": ""https://pbs.twimg.com/profile_images/1572512818796335105/YF_H68EL_normal.jpg"", ""protected"": false, ""rawDescription"": ""We are the @UN’s health agency working for #HealthForAll\nAlways check our latest tweets for updated advice/information."", ""statusesCount"": 83434, ""url"": ""https://x.com/WHO"", ""username"": ""WHO"", ""verified"": false}"
320,704263829132288001,1281676123441639425,e5421ef2b751488bd684e8f3,72625600f41290f7928e27f66dd78827,31,2026-10-08T15:00:48+00:00,KeelingFlorence,Florence Keeling is A Little in Love,WF & Romance Author @simonschusterUk @CharlieADean @TanyaMounts69 Never refuses tea or biscuits.,"Warwickshire, England",1326,867,8818,0,0,"{""_type"": ""snscrape.modules.twitter.User"", ""blue"": false, ""blueType"": null, ""created"": ""2016-02-29 11:15:56+00:00"", ""descriptionLinks"": [{""tcourl"": ""https://t.co/4QAsooYyO7"", ""text"": ""fb.me/florencekeelin…"", ""url"": ""http://fb.me/florencekeeling1""}], ""displayname"": ""Florence Keeling is A Little in Love"", ""favouritesCount"": 5314, ""followersCount"": 1326, ""friendsCount"": 867, ""id"": 704263829132288001, ""id_str"": ""704263829132288001"", ""listedCount"": 0, ""location"": ""Warwickshire, England"", ""mediaCount"": 3487, ""pinnedIds"": [1950820032415408560], ""profileBannerUrl"": ""https://pbs.twimg.com/profile_banners/704263829132288001/1751397094"", ""profileImageUrl"": ""https://pbs.twimg.com/profile_images/1800040827223195648/xNqfj4LM_normal.jpg"", ""protected"": false, ""rawDescription"": ""WF & Romance Author @simonschusterUk @CharlieADean @TanyaMounts69 Never refuses tea or biscuits."", ""statusesCount"": 8818, ""url"": ""https://x.com/KeelingFlorence"", ""username"": ""KeelingFlorence"", ""verified"": false}"
321,189868631,1281671753627033606,e5421ef2b751488bd684e8f3,72625600f41290f7928e27f66dd78827,31,2026-10-08T15:00:48+00:00,DrTedros,Tedros Adhanom Ghebreyesus,Director-General of the World Health Organization. Retweets are not endorsements,"Geneva, Switzerland",2039836,1968,42763,0,0,"{""_type"": ""snscrape.modules.twitter.User"", ""blue"": true, ""blueType"": ""Government"", ""created"": ""2010-09-12 13:09:27+00:00"", ""descriptionLinks"": [{""tcourl"": ""https://t.co/xvC98tYvg8"", ""text"": ""who.int"", ""url"": ""http://www.who.int""}], ""displayname"": ""Tedros Adhanom Ghebreyesus"", ""favouritesCount"": 25779, ""followersCount"": 2039836, ""friendsCount"": 1968, ""id"": 189868631, ""id_str"": ""189868631"", ""listedCount"": 0, ""location"": ""Geneva, Switzerland"", ""mediaCount"": 8183, ""pinnedIds"": [], ""profileBannerUrl"": ""https://pbs.twimg.com/profile_banners/189868631/1712514683"", ""profileImageUrl"": ""https://pbs.twimg.com/profile_images/1886494919449034752/xGe4gs5k_normal.jpg"", ""protected"": false, ""rawDescription"": ""Director-General of the World Health Organization. Retweets are not endorsements"", ""statusesCount"": 42763, ""url"": ""https://x.com/DrTedros"", ""username"": ""DrTedros"", ""verified"": false}"
322,798660856439590912,1281670474339164162,e5421ef2b751488bd684e8f3,72625600f41290f7928e27f66dd78827,31,2026-10-08T15:00:48+00:00,TirelessSister,Florence Moore.,"❝𝐘𝐎𝐔 𝐒𝐄𝐓 𝐎𝐅𝐅 𝐀 𝐃𝐑𝐄𝐀𝐌 𝐈𝐍 𝐌𝐄, @MasonMuffinMan.❞ —— 𝑇ℎ𝑒 𝐵𝑎𝑘𝑒𝑟 #AllYouKneadIsLove",#Katleesi | 21+ Fan Account,664,204,5500,0,0,"{""_type"": ""snscrape.modules.twitter.User"", ""blue"": false, ""blueType"": null, ""created"": ""2016-11-15 22:56:01+00:00"", ""descriptionLinks"": [], ""displayname"": ""Florence Moore."", ""favouritesCount"": 678, ""followersCount"": 664, ""friendsCount"": 204, ""id"": 798660856439590912, ""id_str"": ""798660856439590912"", ""listedCount"": 0, ""location"": ""#Katleesi | 21+ Fan Account"", ""mediaCount"": 439, ""pinnedIds"": [1517219566665019392], ""profileBannerUrl"": ""https://pbs.twimg.com/profile_banners/798660856439590912/1687729140"", ""profileImageUrl"": ""https://pbs.twimg.com/profile_images/1673083349890482177/p-H3ZG-f_normal.jpg"", ""protected"": false, ""rawDescription"": ""❝𝐘𝐎𝐔 𝐒𝐄𝐓 𝐎𝐅𝐅 𝐀 𝐃𝐑𝐄𝐀𝐌 𝐈𝐍 𝐌𝐄, @MasonMuffinMan.❞ —— 𝑇ℎ𝑒 𝐵𝑎𝑘𝑒𝑟 #AllYouKneadIsLove"", ""statusesCount"": 5500, ""url"": ""https://x.com/TirelessSister"", ""username"": ""TirelessSister"", ""verified"": false}"
323,1236262020170821635,1281667601907814409,e5421ef2b751488bd684e8f3,72625600f41290f7928e27f66dd78827,31,2026-10-08T15:00:48+00:00,s_cameroon,Cameroon Women's Peace Movement (CAWOPEM),Constellation of women led civil society organisation from all 10 Regions of 🇨🇲working to ensure the meaningful participatn of 🇨🇲 women in peace processes,Cameroon. cawopem@gmail.com ,2989,3966,282,0,0,"{""_type"": ""snscrape.modules.twitter.User"", ""blue"": false, ""blueType"": null, ""created"": ""2020-03-07 12:07:32+00:00"", ""descriptionLinks"": [{""tcourl"": ""https://t.co/kIzLOhdXyW"", ""text"": ""cawopem.org"", ""url"": ""http://www.cawopem.org""}], ""displayname"": ""Cameroon Women's Peace Movement (CAWOPEM)"", ""favouritesCount"": 1125, ""followersCount"": 2989, ""friendsCount"": 3966, ""id"": 1236262020170821635, ""id_str"": ""1236262020170821635"", ""listedCount"": 0, ""location"": ""Cameroon. cawopem@gmail.com "", ""mediaCount"": 129, ""pinnedIds"": [1564344430361993216], ""profileBannerUrl"": ""https://pbs.twimg.com/profile_banners/1236262020170821635/1644248825"", ""profileImageUrl"": ""https://pbs.twimg.com/profile_images/1236262358865137664/UzHLrX_a_normal.jpg"", ""protected"": false, ""rawDescription"": ""Constellation of women led civil society organisation from all 10 Regions of 🇨🇲working to ensure the meaningful participatn of 🇨🇲 women in peace processes"", ""statusesCount"": 282, ""url"": ""https://x.com/s_cameroon"", ""username"": ""s_cameroon"", ""verified"": false}"
324,1038857368870834181,1281664405877522437,e5421ef2b751488bd684e8f3,72625600f41290f7928e27f66dd78827,31,2026-10-08T15:00:48+00:00,drcathyegbe,Catherine Egbe,"Chief Specialist Scientist; Mental health, Alcohol, Subst use & Tobacco Research Unit, SAMRC;
A/Prof Sch of Public Health Med, UKZN & UCT
(NB: Tweets are mine)",,653,568,1469,0,0,"{""_type"": ""snscrape.modules.twitter.User"", ""blue"": false, ""blueType"": null, ""created"": ""2018-09-09 18:31:12+00:00"", ""descriptionLinks"": [{""tcourl"": ""https://t.co/GPCKVQWCmG"", ""text"": ""catherineegbe.com"", ""url"": ""http://catherineegbe.com""}], ""displayname"": ""Catherine Egbe"", ""favouritesCount"": 4347, ""followersCount"": 653, ""friendsCount"": 568, ""id"": 1038857368870834181, ""id_str"": ""1038857368870834181"", ""listedCount"": 0, ""location"": """", ""mediaCount"": 120, ""pinnedIds"": [1681593510539952130], ""profileBannerUrl"": ""https://pbs.twimg.com/profile_banners/1038857368870834181/1537010785"", ""profileImageUrl"": ""https://pbs.twimg.com/profile_images/2063916731932786689/8IeMYl5f_normal.jpg"", ""protected"": false, ""rawDescription"": ""Chief Specialist Scientist; Mental health, Alcohol, Subst use & Tobacco Research Unit, SAMRC;\nA/Prof Sch of Public Health Med, UKZN & UCT\n(NB: Tweets are mine)"", ""statusesCount"": 1469, ""url"": ""https://x.com/drcathyegbe"", ""username"": ""drcathyegbe"", ""verified"": false}"
325,737362108397060096,1281581250118123520,e5421ef2b751488bd684e8f3,72625600f41290f7928e27f66dd78827,31,2026-10-08T15:00:48+00:00,KulikovUNIATF,Dr Alexey Kulikov,"Head of Partnerships and Operations, Deputy Head of Secretariat, @UN Task Force on #NCDs. Support @WHO countries achieve  #health related #SDGs. PhD MPH MD.","Geneva, Switzerland",63344,51762,13075,0,0,"{""_type"": ""snscrape.modules.twitter.User"", ""blue"": true, ""blueType"": null, ""created"": ""2016-05-30 19:16:41+00:00"", ""descriptionLinks"": [], ""displayname"": ""Dr Alexey Kulikov"", ""favouritesCount"": 48689, ""followersCount"": 63344, ""friendsCount"": 51762, ""id"": 737362108397060096, ""id_str"": ""737362108397060096"", ""listedCount"": 0, ""location"": ""Geneva, Switzerland"", ""mediaCount"": 6645, ""pinnedIds"": [], ""profileBannerUrl"": ""https://pbs.twimg.com/profile_banners/737362108397060096/1556271627"", ""profileImageUrl"": ""https://pbs.twimg.com/profile_images/1786303176557121536/fuzbfD6I_normal.jpg"", ""protected"": false, ""rawDescription"": ""Head of Partnerships and Operations, Deputy Head of Secretariat, @UN Task Force on #NCDs. Support @WHO countries achieve  #health related #SDGs. PhD MPH MD."", ""statusesCount"": 13075, ""url"": ""https://x.com/KulikovUNIATF"", ""username"": ""KulikovUNIATF"", ""verified"": false}"
326,191346389,1281664028352413696,e5421ef2b751488bd684e8f3,72625600f41290f7928e27f66dd78827,31,2026-10-08T15:00:48+00:00,Floramujaasi,Florence Naluyimba BLONDEL,@FlowReadyNow | Journalist | MSc #Population @LSEnews #God #DementiaFriend #SRHR #MenstruationMatters #Env #fertilitytransition #Digital #Arsenal #Uganda SB's🌼,,151598,77174,13198,0,0,"{""_type"": ""snscrape.modules.twitter.User"", ""blue"": true, ""blueType"": null, ""created"": ""2010-09-16 06:30:33+00:00"", ""descriptionLinks"": [{""tcourl"": ""https://t.co/Hd7zJfDMVu"", ""text"": ""flowready.org/donate"", ""url"": ""http://flowready.org/donate""}], ""displayname"": ""Florence Naluyimba BLONDEL"", ""favouritesCount"": 23701, ""followersCount"": 151598, ""friendsCount"": 77174, ""id"": 191346389, ""id_str"": ""191346389"", ""listedCount"": 0, ""location"": """", ""mediaCount"": 2176, ""pinnedIds"": [653258190696673280], ""profileBannerUrl"": ""https://pbs.twimg.com/profile_banners/191346389/1672454870"", ""profileImageUrl"": ""https://pbs.twimg.com/profile_images/1609020846663663616/1o4nLwG-_normal.jpg"", ""protected"": false, ""rawDescription"": ""@FlowReadyNow | Journalist | MSc #Population @LSEnews #God #DementiaFriend #SRHR #MenstruationMatters #Env #fertilitytransition #Digital #Arsenal #Uganda SB's🌼"", ""statusesCount"": 13198, ""url"": ""https://x.com/Floramujaasi"", ""username"": ""Floramujaasi"", ""verified"": false}"
327,701725963,1278345868668735489,e5421ef2b751488bd684e8f3,72625600f41290f7928e27f66dd78827,31,2026-10-08T15:00:48+00:00,nowthisimpact,NowThis Impact,"Follow us on Bluesky https://t.co/y7pWJ8WB4u
Contact us at partnerships@nowthismedia.com",The Internet & NYC,2359714,1234,302328,0,0,"{""_type"": ""snscrape.modules.twitter.User"", ""blue"": true, ""blueType"": ""Business"", ""created"": ""2012-07-17 20:31:08+00:00"", ""descriptionLinks"": [{""tcourl"": ""https://t.co/y7pWJ8WB4u"", ""text"": ""bsky.app/profile/nowthi…"", ""url"": ""https://bsky.app/profile/nowthisimpact.bsky.social""}, {""tcourl"": ""https://t.co/y7pWJ8WB4u"", ""text"": ""bsky.app/profile/nowthi…"", ""url"": ""https://bsky.app/profile/nowthisimpact.bsky.social""}], ""displayname"": ""NowThis Impact"", ""favouritesCount"": 11582, ""followersCount"": 2359714, ""friendsCount"": 1234, ""id"": 701725963, ""id_str"": ""701725963"", ""listedCount"": 0, ""location"": ""The Internet & NYC"", ""mediaCount"": 198095, ""pinnedIds"": [], ""profileBannerUrl"": ""https://pbs.twimg.com/profile_banners/701725963/1744729986"", ""profileImageUrl"": ""https://pbs.twimg.com/profile_images/1907545792254193664/d-fr-aNb_normal.jpg"", ""protected"": false, ""rawDescription"": ""Follow us on Bluesky https://t.co/y7pWJ8WB4u\nContact us at partnerships@nowthismedia.com"", ""statusesCount"": 302328, ""url"": ""https://x.com/nowthisimpact"", ""username"": ""nowthisimpact"", ""verified"": false}"
329,2484672570,1281658307501912064,e5421ef2b751488bd684e8f3,72625600f41290f7928e27f66dd78827,31,2026-10-08T15:00:48+00:00,Audreyj101,Audrey Jensen,"Reporter @ICTbizjournal covering commercial real estate and economic development in Wichita, KS. Previously @phxbizjournal. Reach me at ajensen@bizjournals.com.","Wichita, KS",1441,2726,1851,0,0,"{""_type"": ""snscrape.modules.twitter.User"", ""blue"": false, ""blueType"": null, ""created"": ""2014-05-08 23:09:43+00:00"", ""descriptionLinks"": [{""tcourl"": ""https://t.co/PKSxk9cnhZ"", ""text"": ""linkedin.com/in/audrey-jens…"", ""url"": ""https://www.linkedin.com/in/audrey-jensen-pbj/""}], ""displayname"": ""Audrey Jensen"", ""favouritesCount"": 6335, ""followersCount"": 1441, ""friendsCount"": 2726, ""id"": 2484672570, ""id_str"": ""2484672570"", ""listedCount"": 0, ""location"": ""Wichita, KS"", ""mediaCount"": 324, ""pinnedIds"": [1902445639905980529], ""profileBannerUrl"": ""https://pbs.twimg.com/profile_banners/2484672570/1742413119"", ""profileImageUrl"": ""https://pbs.twimg.com/profile_images/2044238729213104128/y-CjHkgL_normal.jpg"", ""protected"": false, ""rawDescription"": ""Reporter @ICTbizjournal covering commercial real estate and economic development in Wichita, KS. Previously @phxbizjournal. Reach me at ajensen@bizjournals.com."", ""statusesCount"": 1851, ""url"": ""https://x.com/Audreyj101"", ""username"": ""Audreyj101"", ""verified"": false}"
330,122769401,1281653821756694529,e5421ef2b751488bd684e8f3,72625600f41290f7928e27f66dd78827,31,2026-10-08T15:00:48+00:00,topherflorence,Topher Florence,,The South,7103,412,8295,0,0,"{""_type"": ""snscrape.modules.twitter.User"", ""blue"": false, ""blueType"": null, ""created"": ""2010-03-13 21:06:38+00:00"", ""descriptionLinks"": [], ""displayname"": ""Topher Florence"", ""favouritesCount"": 13522, ""followersCount"": 7103, ""friendsCount"": 412, ""id"": 122769401, ""id_str"": ""122769401"", ""listedCount"": 0, ""location"": ""The South"", ""mediaCount"": 2423, ""pinnedIds"": [708521438681153536], ""profileBannerUrl"": ""https://pbs.twimg.com/profile_banners/122769401/1482705330"", ""profileImageUrl"": ""https://pbs.twimg.com/profile_images/813151077637861376/2NbAbRiQ_normal.jpg"", ""protected"": false, ""rawDescription"": """", ""statusesCount"": 8295, ""url"": ""https://x.com/topherflorence"", ""username"": ""topherflorence"", ""verified"": false}"
331,34316513,1281649889961742336,e5421ef2b751488bd684e8f3,72625600f41290f7928e27f66dd78827,31,2026-10-08T15:00:48+00:00,TodayFM,Today FM 💛,Ireland's biggest independent radio station 🇮🇪🎶,Ireland,319504,15522,113426,0,0,"{""_type"": ""snscrape.modules.twitter.User"", ""blue"": true, ""blueType"": null, ""created"": ""2009-04-22 16:22:39+00:00"", ""descriptionLinks"": [{""tcourl"": ""https://t.co/SnvsLHdd9p"", ""text"": ""TodayFM.com"", ""url"": ""http://www.TodayFM.com""}], ""displayname"": ""Today FM 💛"", ""favouritesCount"": 28001, ""followersCount"": 319504, ""friendsCount"": 15522, ""id"": 34316513, ""id_str"": ""34316513"", ""listedCount"": 0, ""location"": ""Ireland"", ""mediaCount"": 50920, ""pinnedIds"": [], ""profileBannerUrl"": ""https://pbs.twimg.com/profile_banners/34316513/1731091036"", ""profileImageUrl"": ""https://pbs.twimg.com/profile_images/1854955787749117952/vrbHAAM4_normal.jpg"", ""protected"": false, ""rawDescription"": ""Ireland's biggest independent radio station 🇮🇪🎶"", ""statusesCount"": 113426, ""url"": ""https://x.com/TodayFM"", ""username"": ""TodayFM"", ""verified"": false}"
332,221200440,1281648882217177089,e5421ef2b751488bd684e8f3,72625600f41290f7928e27f66dd78827,31,2026-10-08T15:00:48+00:00,TwittyTweets_1,Who is Mike Conway? 👟 🇮🇪,"“Shit, you barely got sneaker money."" Size 10. Permanently in my Bukowski Era. Runner-up for the 1998 MacArthur Genius Grant.",New New York ,490,1750,14464,0,0,"{""_type"": ""snscrape.modules.twitter.User"", ""blue"": false, ""blueType"": null, ""created"": ""2010-11-30 00:46:19+00:00"", ""descriptionLinks"": [], ""displayname"": ""Who is Mike Conway? 👟 🇮🇪"", ""favouritesCount"": 19163, ""followersCount"": 490, ""friendsCount"": 1750, ""id"": 221200440, ""id_str"": ""221200440"", ""listedCount"": 0, ""location"": ""New New York "", ""mediaCount"": 2251, ""pinnedIds"": [1328450644563419142], ""profileBannerUrl"": ""https://pbs.twimg.com/profile_banners/221200440/1585840395"", ""profileImageUrl"": ""https://pbs.twimg.com/profile_images/1245731016771338240/-NoNcV0N_normal.jpg"", ""protected"": false, ""rawDescription"": ""“Shit, you barely got sneaker money.\"" Size 10. Permanently in my Bukowski Era. Runner-up for the 1998 MacArthur Genius Grant."", ""statusesCount"": 14464, ""url"": ""https://x.com/TwittyTweets_1"", ""username"": ""TwittyTweets_1"", ""verified"": false}"
333,371301931,1281648781361119238,e5421ef2b751488bd684e8f3,72625600f41290f7928e27f66dd78827,32,2026-10-08T15:01:00+00:00,nurdreamss,samantha jones🦋,tequila me. always.,MD/PA. ,568,229,79495,0,0,"{""_type"": ""snscrape.modules.twitter.User"", ""blue"": false, ""blueType"": null, ""created"": ""2011-09-10 15:51:13+00:00"", ""descriptionLinks"": [], ""displayname"": ""samantha jones🦋"", ""favouritesCount"": 68091, ""followersCount"": 568, ""friendsCount"": 229, ""id"": 371301931, ""id_str"": ""371301931"", ""listedCount"": 0, ""location"": ""MD/PA. "", ""mediaCount"": 1156, ""pinnedIds"": [1602296693625860098], ""profileBannerUrl"": ""https://pbs.twimg.com/profile_banners/371301931/1737944051"", ""profileImageUrl"": ""https://pbs.twimg.com/profile_images/1712466683208814593/5fMTPQrv_normal.jpg"", ""protected"": false, ""rawDescription"": ""tequila me. always."", ""statusesCount"": 79495, ""url"": ""https://x.com/nurdreamss"", ""username"": ""nurdreamss"", ""verified"": false}"
334,4817844544,1281647943041376258,e5421ef2b751488bd684e8f3,72625600f41290f7928e27f66dd78827,32,2026-10-08T15:01:00+00:00,Florencehope6,"Florence Sibomana, MD",Rwanda Senior Program Officer on NCDs at PATH and Youth Champion on Nutrition.  Views are mine.,Rwanda,1919,934,2617,0,0,"{""_type"": ""snscrape.modules.twitter.User"", ""blue"": false, ""blueType"": null, ""created"": ""2016-01-16 11:33:58+00:00"", ""descriptionLinks"": [{""tcourl"": ""https://t.co/ZsSPogBgWj"", ""text"": ""path.org"", ""url"": ""https://www.path.org/""}], ""displayname"": ""Florence Sibomana, MD"", ""favouritesCount"": 4297, ""followersCount"": 1919, ""friendsCount"": 934, ""id"": 4817844544, ""id_str"": ""4817844544"", ""listedCount"": 0, ""location"": ""Rwanda"", ""mediaCount"": 147, ""pinnedIds"": [], ""profileBannerUrl"": ""https://pbs.twimg.com/profile_banners/4817844544/1567178592"", ""profileImageUrl"": ""https://pbs.twimg.com/profile_images/1644268307963338752/FTH2NJ2o_normal.jpg"", ""protected"": false, ""rawDescription"": ""Rwanda Senior Program Officer on NCDs at PATH and Youth Champion on Nutrition.  Views are mine."", ""statusesCount"": 2617, ""url"": ""https://x.com/Florencehope6"", ""username"": ""Florencehope6"", ""verified"": false}"
335,806787321542504449,1281647083842232320,e5421ef2b751488bd684e8f3,72625600f41290f7928e27f66dd78827,32,2026-10-08T15:01:00+00:00,ynkurunziza1,Yvette NKURUNZIZA,,,2127,323,2727,0,0,"{""_type"": ""snscrape.modules.twitter.User"", ""blue"": false, ""blueType"": null, ""created"": ""2016-12-08 09:07:41+00:00"", ""descriptionLinks"": [], ""displayname"": ""Yvette NKURUNZIZA"", ""favouritesCount"": 13948, ""followersCount"": 2127, ""friendsCount"": 323, ""id"": 806787321542504449, ""id_str"": ""806787321542504449"", ""listedCount"": 0, ""location"": """", ""mediaCount"": 351, ""pinnedIds"": [], ""profileBannerUrl"": ""https://pbs.twimg.com/profile_banners/806787321542504449/1756240624"", ""profileImageUrl"": ""https://pbs.twimg.com/profile_images/1712153314060541952/Pevkv7TH_normal.jpg"", ""protected"": false, ""rawDescription"": """", ""statusesCount"": 2727, ""url"": ""https://x.com/ynkurunziza1"", ""username"": ""ynkurunziza1"", ""verified"": false}"
336,82694772,1281647856571437057,e5421ef2b751488bd684e8f3,72625600f41290f7928e27f66dd78827,32,2026-10-08T15:01:00+00:00,MxJinzoJr,Florence,Bisexual Non Binary. Often seen in a bright yellow jacket. 😁🌈They/Them pronouns,North Yorkshire,634,1033,13960,0,0,"{""_type"": ""snscrape.modules.twitter.User"", ""blue"": false, ""blueType"": null, ""created"": ""2009-10-15 19:39:30+00:00"", ""descriptionLinks"": [], ""displayname"": ""Florence"", ""favouritesCount"": 18234, ""followersCount"": 634, ""friendsCount"": 1033, ""id"": 82694772, ""id_str"": ""82694772"", ""listedCount"": 0, ""location"": ""North Yorkshire"", ""mediaCount"": 2972, ""pinnedIds"": [], ""profileBannerUrl"": ""https://pbs.twimg.com/profile_banners/82694772/1555618003"", ""profileImageUrl"": ""https://pbs.twimg.com/profile_images/1938801448181211137/hQU7r3BS_normal.jpg"", ""protected"": false, ""rawDescription"": ""Bisexual Non Binary. Often seen in a bright yellow jacket. 😁🌈They/Them pronouns"", ""statusesCount"": 13960, ""url"": ""https://x.com/MxJinzoJr"", ""username"": ""MxJinzoJr"", ""verified"": false}"
337,14499829,1281647485014941697,e5421ef2b751488bd684e8f3,72625600f41290f7928e27f66dd78827,32,2026-10-08T15:01:00+00:00,WHO,World Health Organization (WHO),"We are the @UN’s health agency working for #HealthForAll
Always check our latest tweets for updated advice/information.","Geneva, Switzerland",12669863,1734,83434,0,0,"{""_type"": ""snscrape.modules.twitter.User"", ""blue"": true, ""blueType"": ""Government"", ""created"": ""2008-04-23 19:56:27+00:00"", ""descriptionLinks"": [{""tcourl"": ""https://t.co/28yN4nSRNK"", ""text"": ""who.int"", ""url"": ""http://www.who.int""}], ""displayname"": ""World Health Organization (WHO)"", ""favouritesCount"": 13971, ""followersCount"": 12669863, ""friendsCount"": 1734, ""id"": 14499829, ""id_str"": ""14499829"", ""listedCount"": 0, ""location"": ""Geneva, Switzerland"", ""mediaCount"": 26313, ""pinnedIds"": [2107852059706114345], ""profileBannerUrl"": ""https://pbs.twimg.com/profile_banners/14499829/1715598334"", ""profileImageUrl"": ""https://pbs.twimg.com/profile_images/1572512818796335105/YF_H68EL_normal.jpg"", ""protected"": false, ""rawDescription"": ""We are the @UN’s health agency working for #HealthForAll\nAlways check our latest tweets for updated advice/information."", ""statusesCount"": 83434, ""url"": ""https://x.com/WHO"", ""username"": ""WHO"", ""verified"": false}"
338,3220698090,1281641685458591745,e5421ef2b751488bd684e8f3,72625600f41290f7928e27f66dd78827,32,2026-10-08T15:01:00+00:00,artofflorence,Florence 🏳️‍🌈Back at College 🏳️‍🌈,They/them | 26 | Freelance Illustrator | https://t.co/8k6aBpYIH3… | https://t.co/HE6cAmNxrc | Icon by @houteian | I don’t NFT,,909,360,5107,0,0,"{""_type"": ""snscrape.modules.twitter.User"", ""blue"": false, ""blueType"": null, ""created"": ""2015-05-19 20:32:42+00:00"", ""descriptionLinks"": [{""tcourl"": ""https://t.co/8k6aBpYIH3"", ""text"": ""Patreon.com/theartoffloren…"", ""url"": ""https://Patreon.com/theartofflorence""}, {""tcourl"": ""https://t.co/HE6cAmNxrc"", ""text"": ""curiouscat.qa/theartoffloren…"", ""url"": ""https://curiouscat.qa/theartofflorence""}, {""tcourl"": ""https://t.co/W3UNBRlNPO"", ""text"": ""artofflorence.bigcartel.com"", ""url"": ""http://artofflorence.bigcartel.com""}], ""displayname"": ""Florence 🏳️‍🌈Back at College 🏳️‍🌈"", ""favouritesCount"": 22201, ""followersCount"": 909, ""friendsCount"": 360, ""id"": 3220698090, ""id_str"": ""3220698090"", ""listedCount"": 0, ""location"": """", ""mediaCount"": 778, ""pinnedIds"": [1973417679756337235], ""profileBannerUrl"": ""https://pbs.twimg.com/profile_banners/3220698090/1610551553"", ""profileImageUrl"": ""https://pbs.twimg.com/profile_images/1280220690810130438/URfXZK1w_normal.jpg"", ""protected"": false, ""rawDescription"": ""They/them | 26 | Freelance Illustrator | https://t.co/8k6aBpYIH3… | https://t.co/HE6cAmNxrc | Icon by @houteian | I don’t NFT"", ""statusesCount"": 5107, ""url"": ""https://x.com/artofflorence"", ""username"": ""artofflorence"", ""verified"": false}"
339,2408735437,1281536121164517377,e5421ef2b751488bd684e8f3,72625600f41290f7928e27f66dd78827,32,2026-10-08T15:01:00+00:00,xSkelior,Skelly //🍉🇱🇧 ✨🌿,"Interactive Media and English Lit. Interested in games, comics, books, and art! ✨ 

She/they | 90s kid | Please do not repost. NoAI.

Opinions my own.",✨🇳🇴/🇱🇧✨,468,1586,4234,0,0,"{""_type"": ""snscrape.modules.twitter.User"", ""blue"": false, ""blueType"": null, ""created"": ""2014-03-24 09:49:25+00:00"", ""descriptionLinks"": [{""tcourl"": ""https://t.co/TwIwmWxU19"", ""text"": ""linktr.ee/skelior"", ""url"": ""https://linktr.ee/skelior""}], ""displayname"": ""Skelly //🍉🇱🇧 ✨🌿"", ""favouritesCount"": 99652, ""followersCount"": 468, ""friendsCount"": 1586, ""id"": 2408735437, ""id_str"": ""2408735437"", ""listedCount"": 0, ""location"": ""✨🇳🇴/🇱🇧✨"", ""mediaCount"": 614, ""pinnedIds"": [1996231581048971310], ""profileBannerUrl"": ""https://pbs.twimg.com/profile_banners/2408735437/1764859427"", ""profileImageUrl"": ""https://pbs.twimg.com/profile_images/1112436135295438848/H1Pyo6VB_normal.jpg"", ""protected"": false, ""rawDescription"": ""Interactive Media and English Lit. Interested in games, comics, books, and art! ✨ \n\nShe/they | 90s kid | Please do not repost. NoAI.\n\nOpinions my own."", ""statusesCount"": 4234, ""url"": ""https://x.com/xSkelior"", ""username"": ""xSkelior"", ""verified"": false}"
340,945587529482473473,1281631892974993413,e5421ef2b751488bd684e8f3,72625600f41290f7928e27f66dd78827,32,2026-10-08T15:01:00+00:00,WHOLIBYA,WHO Libya,Official Twitter account of the World Health Organization Libya,,18371,339,3963,0,0,"{""_type"": ""snscrape.modules.twitter.User"", ""blue"": false, ""blueType"": ""Government"", ""created"": ""2017-12-26 09:30:10+00:00"", ""descriptionLinks"": [], ""displayname"": ""WHO Libya"", ""favouritesCount"": 578, ""followersCount"": 18371, ""friendsCount"": 339, ""id"": 945587529482473473, ""id_str"": ""945587529482473473"", ""listedCount"": 0, ""location"": """", ""mediaCount"": 2883, ""pinnedIds"": [], ""profileBannerUrl"": ""https://pbs.twimg.com/profile_banners/945587529482473473/1791121175"", ""profileImageUrl"": ""https://pbs.twimg.com/profile_images/2051783442661023745/h9slTMqX_normal.jpg"", ""protected"": false, ""rawDescription"": ""Official Twitter account of the World Health Organization Libya"", ""statusesCount"": 3963, ""url"": ""https://x.com/WHOLIBYA"", ""username"": ""WHOLIBYA"", ""verified"": false}"
341,259372802,1281618238695243776,e5421ef2b751488bd684e8f3,72625600f41290f7928e27f66dd78827,32,2026-10-08T15:01:00+00:00,WHOEMRO,WHO Regional Office for the Eastern Mediterranean,Official Twitter account of the World Health Organization Eastern Mediterranean Regional Office. Follow our Regional Director @HananBalkhy.,"Cairo, Egypt",234469,840,39778,0,0,"{""_type"": ""snscrape.modules.twitter.User"", ""blue"": true, ""blueType"": ""Government"", ""created"": ""2011-03-01 19:51:10+00:00"", ""descriptionLinks"": [{""tcourl"": ""https://t.co/UkVSlujvQe"", ""text"": ""emro.who.int"", ""url"": ""http://www.emro.who.int""}], ""displayname"": ""WHO Regional Office for the Eastern Mediterranean"", ""favouritesCount"": 2890, ""followersCount"": 234469, ""friendsCount"": 840, ""id"": 259372802, ""id_str"": ""259372802"", ""listedCount"": 0, ""location"": ""Cairo, Egypt"", ""mediaCount"": 16446, ""pinnedIds"": [], ""profileBannerUrl"": ""https://pbs.twimg.com/profile_banners/259372802/1791272765"", ""profileImageUrl"": ""https://pbs.twimg.com/profile_images/1976188483556237312/XeVb4SlO_normal.jpg"", ""protected"": false, ""rawDescription"": ""Official Twitter account of the World Health Organization Eastern Mediterranean Regional Office. Follow our Regional Director @HananBalkhy."", ""statusesCount"": 39778, ""url"": ""https://x.com/WHOEMRO"", ""username"": ""WHOEMRO"", ""verified"": false}"
343,211583400,1281630667386888199,e5421ef2b751488bd684e8f3,72625600f41290f7928e27f66dd78827,32,2026-10-08T15:01:00+00:00,chrissyfarr,Christina Farr,"Second Opinion Media CEO writing about the future of healthcare. GP @ Scrub Capital. Host of Lifers. 

Author: The Storyteller's Advantage (Hachette)","Queens, NY",99482,2759,51939,0,0,"{""_type"": ""snscrape.modules.twitter.User"", ""blue"": true, ""blueType"": null, ""created"": ""2010-11-03 17:32:03+00:00"", ""descriptionLinks"": [{""tcourl"": ""https://t.co/PesL1Bnf9p"", ""text"": ""Secondopinion.media"", ""url"": ""http://Secondopinion.media""}], ""displayname"": ""Christina Farr"", ""favouritesCount"": 97752, ""followersCount"": 99482, ""friendsCount"": 2759, ""id"": 211583400, ""id_str"": ""211583400"", ""listedCount"": 0, ""location"": ""Queens, NY"", ""mediaCount"": 1922, ""pinnedIds"": [], ""profileBannerUrl"": ""https://pbs.twimg.com/profile_banners/211583400/1774437082"", ""profileImageUrl"": ""https://pbs.twimg.com/profile_images/1932929345577689088/UR-OTIfm_normal.jpg"", ""protected"": false, ""rawDescription"": ""Second Opinion Media CEO writing about the future of healthcare. GP @ Scrub Capital. Host of Lifers. \n\nAuthor: The Storyteller's Advantage (Hachette)"", ""statusesCount"": 51939, ""url"": ""https://x.com/chrissyfarr"", ""username"": ""chrissyfarr"", ""verified"": false}"
344,475691798,1281630359160000512,e5421ef2b751488bd684e8f3,72625600f41290f7928e27f66dd78827,32,2026-10-08T15:01:00+00:00,florence_mutua,"Hon Florence Mutua, CBS",Busia County MP 2013 - 2022. Retain Girls in School. OFAB - Kenya Biotech Champion 2023.,Kenya,131571,1439,36369,0,0,"{""_type"": ""snscrape.modules.twitter.User"", ""blue"": false, ""blueType"": null, ""created"": ""2012-01-27 10:14:16+00:00"", ""descriptionLinks"": [], ""displayname"": ""Hon Florence Mutua, CBS"", ""favouritesCount"": 94124, ""followersCount"": 131571, ""friendsCount"": 1439, ""id"": 475691798, ""id_str"": ""475691798"", ""listedCount"": 0, ""location"": ""Kenya"", ""mediaCount"": 520, ""pinnedIds"": [], ""profileBannerUrl"": ""https://pbs.twimg.com/profile_banners/475691798/1732547610"", ""profileImageUrl"": ""https://pbs.twimg.com/profile_images/1946143890181849088/Oi5OZdu6_normal.jpg"", ""protected"": false, ""rawDescription"": ""Busia County MP 2013 - 2022. Retain Girls in School. OFAB - Kenya Biotech Champion 2023."", ""statusesCount"": 36369, ""url"": ""https://x.com/florence_mutua"", ""username"": ""florence_mutua"", ""verified"": false}"
346,931668301,1281622608635715586,e5421ef2b751488bd684e8f3,72625600f41290f7928e27f66dd78827,32,2026-10-08T15:01:00+00:00,WHOJordan,WHO Jordan,The Official Twitter channel of the World Health Organization - Jordan,"Amman, Jordan",22633,89,6745,0,0,"{""_type"": ""snscrape.modules.twitter.User"", ""blue"": false, ""blueType"": ""Government"", ""created"": ""2012-11-07 09:37:40+00:00"", ""descriptionLinks"": [{""tcourl"": ""https://t.co/jNLL8RQaex"", ""text"": ""emro.who.int/countries/jor/"", ""url"": ""http://www.emro.who.int/countries/jor/""}], ""displayname"": ""WHO Jordan"", ""favouritesCount"": 766, ""followersCount"": 22633, ""friendsCount"": 89, ""id"": 931668301, ""id_str"": ""931668301"", ""listedCount"": 0, ""location"": ""Amman, Jordan"", ""mediaCount"": 3941, ""pinnedIds"": [], ""profileBannerUrl"": ""https://pbs.twimg.com/profile_banners/931668301/1791183599"", ""profileImageUrl"": ""https://pbs.twimg.com/profile_images/1658560232409255936/0OS11YK4_normal.jpg"", ""protected"": false, ""rawDescription"": ""The Official Twitter channel of the World Health Organization - Jordan"", ""statusesCount"": 6745, ""url"": ""https://x.com/WHOJordan"", ""username"": ""WHOJordan"", ""verified"": false}"
348,796297762283229184,1281618973558071296,e5421ef2b751488bd684e8f3,72625600f41290f7928e27f66dd78827,32,2026-10-08T15:01:00+00:00,Soulmachines,SoulMachines👥,"Soul Machines™ provides easy-to-use creator tools so anyone can create astonishingly life-like, GPT-enabled Digital People.",Worldwide,5325,1754,1839,0,0,"{""_type"": ""snscrape.modules.twitter.User"", ""blue"": false, ""blueType"": null, ""created"": ""2016-11-09 10:25:55+00:00"", ""descriptionLinks"": [{""tcourl"": ""https://t.co/cv2CVPbcXg"", ""text"": ""soulmachines.com"", ""url"": ""http://www.soulmachines.com""}], ""displayname"": ""SoulMachines👥"", ""favouritesCount"": 3880, ""followersCount"": 5325, ""friendsCount"": 1754, ""id"": 796297762283229184, ""id_str"": ""796297762283229184"", ""listedCount"": 0, ""location"": ""Worldwide"", ""mediaCount"": 546, ""pinnedIds"": [], ""profileBannerUrl"": ""https://pbs.twimg.com/profile_banners/796297762283229184/1739483068"", ""profileImageUrl"": ""https://pbs.twimg.com/profile_images/1890087715850641408/CEm3gjLJ_normal.jpg"", ""protected"": false, ""rawDescription"": ""Soul Machines™ provides easy-to-use creator tools so anyone can create astonishingly life-like, GPT-enabled Digital People."", ""statusesCount"": 1839, ""url"": ""https://x.com/Soulmachines"", ""username"": ""Soulmachines"", ""verified"": false}"
349,1179874218,1281616660236050438,e5421ef2b751488bd684e8f3,72625600f41290f7928e27f66dd78827,32,2026-10-08T15:01:00+00:00,HelenMcGuire14,Helen McGuire,Working in partnership to improve access to prevention and care for people living with NCDs.  Views are my own and retweets are not endorsements.,,176,239,184,0,0,"{""_type"": ""snscrape.modules.twitter.User"", ""blue"": false, ""blueType"": null, ""created"": ""2013-02-14 17:53:40+00:00"", ""descriptionLinks"": [], ""displayname"": ""Helen McGuire"", ""favouritesCount"": 200, ""followersCount"": 176, ""friendsCount"": 239, ""id"": 1179874218, ""id_str"": ""1179874218"", ""listedCount"": 0, ""location"": """", ""mediaCount"": 16, ""pinnedIds"": [], ""profileBannerUrl"": """", ""profileImageUrl"": ""https://pbs.twimg.com/profile_images/1258088506926092288/QHtQ_r_a_normal.jpg"", ""protected"": false, ""rawDescription"": ""Working in partnership to improve access to prevention and care for people living with NCDs.  Views are my own and retweets are not endorsements."", ""statusesCount"": 184, ""url"": ""https://x.com/HelenMcGuire14"", ""username"": ""HelenMcGuire14"", ""verified"": false}"
350,737362108397060096,1281615883274682368,e5421ef2b751488bd684e8f3,72625600f41290f7928e27f66dd78827,32,2026-10-08T15:01:00+00:00,KulikovUNIATF,Dr Alexey Kulikov,"Head of Partnerships and Operations, Deputy Head of Secretariat, @UN Task Force on #NCDs. Support @WHO countries achieve  #health related #SDGs. PhD MPH MD.","Geneva, Switzerland",63344,51762,13075,0,0,"{""_type"": ""snscrape.modules.twitter.User"", ""blue"": true, ""blueType"": null, ""created"": ""2016-05-30 19:16:41+00:00"", ""descriptionLinks"": [], ""displayname"": ""Dr Alexey Kulikov"", ""favouritesCount"": 48689, ""followersCount"": 63344, ""friendsCount"": 51762, ""id"": 737362108397060096, ""id_str"": ""737362108397060096"", ""listedCount"": 0, ""location"": ""Geneva, Switzerland"", ""mediaCount"": 6645, ""pinnedIds"": [], ""profileBannerUrl"": ""https://pbs.twimg.com/profile_banners/737362108397060096/1556271627"", ""profileImageUrl"": ""https://pbs.twimg.com/profile_images/1786303176557121536/fuzbfD6I_normal.jpg"", ""protected"": false, ""rawDescription"": ""Head of Partnerships and Operations, Deputy Head of Secretariat, @UN Task Force on #NCDs. Support @WHO countries achieve  #health related #SDGs. PhD MPH MD."", ""statusesCount"": 13075, ""url"": ""https://x.com/KulikovUNIATF"", ""username"": ""KulikovUNIATF"", ""verified"": false}"
353,45586617,1281614007846273024,e5421ef2b751488bd684e8f3,72625600f41290f7928e27f66dd78827,32,2026-10-08T15:01:00+00:00,kakape,Kai Kupferschmidt,"@kakape.bsky.social science journalist. molecular biologist. curious. writer at @sciencemagazine part of @pandemiapodcast, all things #blue","Berlin, Germany",132319,1999,23999,0,0,"{""_type"": ""snscrape.modules.twitter.User"", ""blue"": true, ""blueType"": null, ""created"": ""2009-06-08 15:17:36+00:00"", ""descriptionLinks"": [{""tcourl"": ""https://t.co/aQGTOoefTF"", ""text"": ""sciencemag.org/author/kai-kup…"", ""url"": ""https://www.sciencemag.org/author/kai-kupferschmidt""}], ""displayname"": ""Kai Kupferschmidt"", ""favouritesCount"": 9067, ""followersCount"": 132319, ""friendsCount"": 1999, ""id"": 45586617, ""id_str"": ""45586617"", ""listedCount"": 0, ""location"": ""Berlin, Germany"", ""mediaCount"": 1350, ""pinnedIds"": [1851663695887163679], ""profileBannerUrl"": ""https://pbs.twimg.com/profile_banners/45586617/1675979248"", ""profileImageUrl"": ""https://pbs.twimg.com/profile_images/1623801452819894272/vRLQed-z_normal.jpg"", ""protected"": false, ""rawDescription"": ""@kakape.bsky.social science journalist. molecular biologist. curious. writer at @sciencemagazine part of @pandemiapodcast, all things #blue"", ""statusesCount"": 23999, ""url"": ""https://x.com/kakape"", ""username"": ""kakape"", ""verified"": false}"
355,1010988278538014721,1281602434448723969,e5421ef2b751488bd684e8f3,72625600f41290f7928e27f66dd78827,33,2026-10-08T15:01:12+00:00,pita6620gmailc1,pita6620@gmail.com,vaping saved my life,"Florida, USA",779,610,7078,0,0,"{""_type"": ""snscrape.modules.twitter.User"", ""blue"": false, ""blueType"": null, ""created"": ""2018-06-24 20:49:23+00:00"", ""descriptionLinks"": [], ""displayname"": ""pita6620@gmail.com"", ""favouritesCount"": 70814, ""followersCount"": 779, ""friendsCount"": 610, ""id"": 1010988278538014721, ""id_str"": ""1010988278538014721"", ""listedCount"": 0, ""location"": ""Florida, USA"", ""mediaCount"": 3783, ""pinnedIds"": [], ""profileBannerUrl"": """", ""profileImageUrl"": ""https://pbs.twimg.com/profile_images/1456575083955302400/9rZdK9O__normal.jpg"", ""protected"": false, ""rawDescription"": ""vaping saved my life"", ""statusesCount"": 7078, ""url"": ""https://x.com/pita6620gmailc1"", ""username"": ""pita6620gmailc1"", ""verified"": false}"
356,2994179314,1281588620693049344,e5421ef2b751488bd684e8f3,72625600f41290f7928e27f66dd78827,33,2026-10-08T15:01:12+00:00,Flomellynews,Florence Melly Community Primary School,"We are a community primary school in Liverpool. Our core values (DREAMS) are at the heart of everything we do! If you can DREAM it, you can do it!","Liverpool, England",2116,445,11791,0,0,"{""_type"": ""snscrape.modules.twitter.User"", ""blue"": false, ""blueType"": null, ""created"": ""2015-01-23 13:32:20+00:00"", ""descriptionLinks"": [{""tcourl"": ""https://t.co/KpV7LSrspz"", ""text"": ""florencemelly.org"", ""url"": ""https://florencemelly.org""}], ""displayname"": ""Florence Melly Community Primary School"", ""favouritesCount"": 3893, ""followersCount"": 2116, ""friendsCount"": 445, ""id"": 2994179314, ""id_str"": ""2994179314"", ""listedCount"": 0, ""location"": ""Liverpool, England"", ""mediaCount"": 8626, ""pinnedIds"": [], ""profileBannerUrl"": ""https://pbs.twimg.com/profile_banners/2994179314/1632391801"", ""profileImageUrl"": ""https://pbs.twimg.com/profile_images/1440979862043381766/7g7R5a4Q_normal.jpg"", ""protected"": false, ""rawDescription"": ""We are a community primary school in Liverpool. Our core values (DREAMS) are at the heart of everything we do! If you can DREAM it, you can do it!"", ""statusesCount"": 11791, ""url"": ""https://x.com/Flomellynews"", ""username"": ""Flomellynews"", ""verified"": false}"
357,798660856439590912,1281584861032132608,e5421ef2b751488bd684e8f3,72625600f41290f7928e27f66dd78827,33,2026-10-08T15:01:12+00:00,TirelessSister,Florence Moore.,"❝𝐘𝐎𝐔 𝐒𝐄𝐓 𝐎𝐅𝐅 𝐀 𝐃𝐑𝐄𝐀𝐌 𝐈𝐍 𝐌𝐄, @MasonMuffinMan.❞ —— 𝑇ℎ𝑒 𝐵𝑎𝑘𝑒𝑟 #AllYouKneadIsLove",#Katleesi | 21+ Fan Account,664,204,5500,0,0,"{""_type"": ""snscrape.modules.twitter.User"", ""blue"": false, ""blueType"": null, ""created"": ""2016-11-15 22:56:01+00:00"", ""descriptionLinks"": [], ""displayname"": ""Florence Moore."", ""favouritesCount"": 678, ""followersCount"": 664, ""friendsCount"": 204, ""id"": 798660856439590912, ""id_str"": ""798660856439590912"", ""listedCount"": 0, ""location"": ""#Katleesi | 21+ Fan Account"", ""mediaCount"": 439, ""pinnedIds"": [1517219566665019392], ""profileBannerUrl"": ""https://pbs.twimg.com/profile_banners/798660856439590912/1687729140"", ""profileImageUrl"": ""https://pbs.twimg.com/profile_images/1673083349890482177/p-H3ZG-f_normal.jpg"", ""protected"": false, ""rawDescription"": ""❝𝐘𝐎𝐔 𝐒𝐄𝐓 𝐎𝐅𝐅 𝐀 𝐃𝐑𝐄𝐀𝐌 𝐈𝐍 𝐌𝐄, @MasonMuffinMan.❞ —— 𝑇ℎ𝑒 𝐵𝑎𝑘𝑒𝑟 #AllYouKneadIsLove"", ""statusesCount"": 5500, ""url"": ""https://x.com/TirelessSister"", ""username"": ""TirelessSister"", ""verified"": false}"
358,586884216,1281584832728961025,e5421ef2b751488bd684e8f3,72625600f41290f7928e27f66dd78827,33,2026-10-08T15:01:12+00:00,SupesBatsy,•The Last PhotoMax•,"Dum spiro, spero. #TheLastPhotograph in theatres soon. For art and stuff @SupesBatsyArt. AP for #ZackSnydersJusticeLeague. Donate to @afspnational.",,5319,1970,214663,0,0,"{""_type"": ""snscrape.modules.twitter.User"", ""blue"": false, ""blueType"": null, ""created"": ""2012-05-21 19:22:16+00:00"", ""descriptionLinks"": [], ""displayname"": ""•The Last PhotoMax•"", ""favouritesCount"": 311661, ""followersCount"": 5319, ""friendsCount"": 1970, ""id"": 586884216, ""id_str"": ""586884216"", ""listedCount"": 0, ""location"": """", ""mediaCount"": 20072, ""pinnedIds"": [2106684555721621648], ""profileBannerUrl"": ""https://pbs.twimg.com/profile_banners/586884216/1674812074"", ""profileImageUrl"": ""https://pbs.twimg.com/profile_images/2094467625359220736/lt7Cz1s8_normal.jpg"", ""protected"": false, ""rawDescription"": ""Dum spiro, spero. #TheLastPhotograph in theatres soon. For art and stuff @SupesBatsyArt. AP for #ZackSnydersJusticeLeague. Donate to @afspnational."", ""statusesCount"": 214663, ""url"": ""https://x.com/SupesBatsy"", ""username"": ""SupesBatsy"", ""verified"": false}"
359,2567782003,1281583205687197696,e5421ef2b751488bd684e8f3,72625600f41290f7928e27f66dd78827,33,2026-10-08T15:01:12+00:00,Vapingit,"VapingIT, SPE, EEI","CDC Certified #Tobacco Control ""Prevention"" Expert.

#Freedom #Choice #HarmReduction #Nicotine #YouDontKnowNicotine #ABillionLives #Caffeine #Grandpalife","#Vaping Where I Am, Ohio",16973,12802,211551,0,0,"{""_type"": ""snscrape.modules.twitter.User"", ""blue"": true, ""blueType"": null, ""created"": ""2014-06-14 20:49:36+00:00"", ""descriptionLinks"": [{""tcourl"": ""https://t.co/9ZKbhSJcJf"", ""text"": ""vapingit.substack.com"", ""url"": ""https://vapingit.substack.com/""}], ""displayname"": ""VapingIT, SPE, EEI"", ""favouritesCount"": 102234, ""followersCount"": 16973, ""friendsCount"": 12802, ""id"": 2567782003, ""id_str"": ""2567782003"", ""listedCount"": 0, ""location"": ""#Vaping Where I Am, Ohio"", ""mediaCount"": 33845, ""pinnedIds"": [2016519462661353631], ""profileBannerUrl"": ""https://pbs.twimg.com/profile_banners/2567782003/1424916037"", ""profileImageUrl"": ""https://pbs.twimg.com/profile_images/1114919834804989955/IkobGtPG_normal.png"", ""protected"": false, ""rawDescription"": ""CDC Certified #Tobacco Control \""Prevention\"" Expert.\n\n#Freedom #Choice #HarmReduction #Nicotine #YouDontKnowNicotine #ABillionLives #Caffeine #Grandpalife"", ""statusesCount"": 211551, ""url"": ""https://x.com/Vapingit"", ""username"": ""Vapingit"", ""verified"": false}"
360,737362108397060096,1281581250118123520,e5421ef2b751488bd684e8f3,72625600f41290f7928e27f66dd78827,33,2026-10-08T15:01:12+00:00,KulikovUNIATF,Dr Alexey Kulikov,"Head of Partnerships and Operations, Deputy Head of Secretariat, @UN Task Force on #NCDs. Support @WHO countries achieve  #health related #SDGs. PhD MPH MD.","Geneva, Switzerland",63349,51764,13075,0,0,"{""_type"": ""snscrape.modules.twitter.User"", ""blue"": true, ""blueType"": null, ""created"": ""2016-05-30 19:16:41+00:00"", ""descriptionLinks"": [], ""displayname"": ""Dr Alexey Kulikov"", ""favouritesCount"": 48689, ""followersCount"": 63349, ""friendsCount"": 51764, ""id"": 737362108397060096, ""id_str"": ""737362108397060096"", ""listedCount"": 0, ""location"": ""Geneva, Switzerland"", ""mediaCount"": 6645, ""pinnedIds"": [], ""profileBannerUrl"": ""https://pbs.twimg.com/profile_banners/737362108397060096/1556271627"", ""profileImageUrl"": ""https://pbs.twimg.com/profile_images/1786303176557121536/fuzbfD6I_normal.jpg"", ""protected"": false, ""rawDescription"": ""Head of Partnerships and Operations, Deputy Head of Secretariat, @UN Task Force on #NCDs. Support @WHO countries achieve  #health related #SDGs. PhD MPH MD."", ""statusesCount"": 13075, ""url"": ""https://x.com/KulikovUNIATF"", ""username"": ""KulikovUNIATF"", ""verified"": false}"
361,3129353946,1281573658008461315,e5421ef2b751488bd684e8f3,72625600f41290f7928e27f66dd78827,33,2026-10-08T15:01:12+00:00,threshingflo,"Rev Florence Abi, PhD","I'm a budding preacher and teacher of the Word, a mouthpiece, an oracle of the Almighty and an awesome mum. My life is brilliant- I'm celebrating all the way.",,340,230,8823,0,0,"{""_type"": ""snscrape.modules.twitter.User"", ""blue"": false, ""blueType"": null, ""created"": ""2015-04-02 07:26:06+00:00"", ""descriptionLinks"": [], ""displayname"": ""Rev Florence Abi, PhD"", ""favouritesCount"": 1999, ""followersCount"": 340, ""friendsCount"": 230, ""id"": 3129353946, ""id_str"": ""3129353946"", ""listedCount"": 0, ""location"": """", ""mediaCount"": 9, ""pinnedIds"": [], ""profileBannerUrl"": """", ""profileImageUrl"": ""https://pbs.twimg.com/profile_images/586207714663075840/EksJPoUP_normal.jpg"", ""protected"": false, ""rawDescription"": ""I'm a budding preacher and teacher of the Word, a mouthpiece, an oracle of the Almighty and an awesome mum. My life is brilliant- I'm celebrating all the way."", ""statusesCount"": 8823, ""url"": ""https://x.com/threshingflo"", ""username"": ""threshingflo"", ""verified"": false}"
362,1277275621329121280,1281573272216363010,e5421ef2b751488bd684e8f3,72625600f41290f7928e27f66dd78827,33,2026-10-08T15:01:12+00:00,tollzy_m,Tolulope 🫶🏽,upcoming serious babe,,102,168,17141,0,0,"{""_type"": ""snscrape.modules.twitter.User"", ""blue"": false, ""blueType"": null, ""created"": ""2020-06-28 16:20:38+00:00"", ""descriptionLinks"": [], ""displayname"": ""Tolulope 🫶🏽"", ""favouritesCount"": 77606, ""followersCount"": 102, ""friendsCount"": 168, ""id"": 1277275621329121280, ""id_str"": ""1277275621329121280"", ""listedCount"": 0, ""location"": """", ""mediaCount"": 49, ""pinnedIds"": [], ""profileBannerUrl"": ""https://pbs.twimg.com/profile_banners/1277275621329121280/1662481695"", ""profileImageUrl"": ""https://pbs.twimg.com/profile_images/1988580900490145792/OBDulcfB_normal.jpg"", ""protected"": false, ""rawDescription"": ""upcoming serious babe"", ""statusesCount"": 17141, ""url"": ""https://x.com/tollzy_m"", ""username"": ""tollzy_m"", ""verified"": false}"
363,723012255898578944,1281557470004097024,e5421ef2b751488bd684e8f3,72625600f41290f7928e27f66dd78827,33,2026-10-08T15:01:12+00:00,florencetuyi,Florence Oluwaseun,I am passionate about helping children and young people in low income communities.,Nigeria,100,428,299,0,0,"{""_type"": ""snscrape.modules.twitter.User"", ""blue"": false, ""blueType"": null, ""created"": ""2016-04-21 04:55:29+00:00"", ""descriptionLinks"": [], ""displayname"": ""Florence Oluwaseun"", ""favouritesCount"": 537, ""followersCount"": 100, ""friendsCount"": 428, ""id"": 723012255898578944, ""id_str"": ""723012255898578944"", ""listedCount"": 0, ""location"": ""Nigeria"", ""mediaCount"": 11, ""pinnedIds"": [1874004317998559587], ""profileBannerUrl"": """", ""profileImageUrl"": ""https://pbs.twimg.com/profile_images/1610895208962555904/ZvPu_e4-_normal.jpg"", ""protected"": false, ""rawDescription"": ""I am passionate about helping children and young people in low income communities."", ""statusesCount"": 299, ""url"": ""https://x.com/florencetuyi"", ""username"": ""florencetuyi"", ""verified"": false}"
364,14722963,1281549080712208386,e5421ef2b751488bd684e8f3,72625600f41290f7928e27f66dd78827,33,2026-10-08T15:01:12+00:00,sandwichspy,Ian Rosales Casocot,"Author of The Last Days of Magic, Don't Tell Anyone, Bamboo Girls, Beautiful Accidents, and Heartbreak & Magic.","Dumaguete, Philippines",2845,1175,68192,0,0,"{""_type"": ""snscrape.modules.twitter.User"", ""blue"": false, ""blueType"": null, ""created"": ""2008-05-10 08:41:05+00:00"", ""descriptionLinks"": [{""tcourl"": ""https://t.co/ChVQwxh2UK"", ""text"": ""linktr.ee/ian.casocot"", ""url"": ""https://linktr.ee/ian.casocot""}], ""displayname"": ""Ian Rosales Casocot"", ""favouritesCount"": 24696, ""followersCount"": 2845, ""friendsCount"": 1175, ""id"": 14722963, ""id_str"": ""14722963"", ""listedCount"": 0, ""location"": ""Dumaguete, Philippines"", ""mediaCount"": 3358, ""pinnedIds"": [1855292807768121668], ""profileBannerUrl"": ""https://pbs.twimg.com/profile_banners/14722963/1688203618"", ""profileImageUrl"": ""https://pbs.twimg.com/profile_images/1675073322977984512/XaFZch2M_normal.jpg"", ""protected"": false, ""rawDescription"": ""Author of The Last Days of Magic, Don't Tell Anyone, Bamboo Girls, Beautiful Accidents, and Heartbreak & Magic."", ""statusesCount"": 68192, ""url"": ""https://x.com/sandwichspy"", ""username"": ""sandwichspy"", ""verified"": false}"
365,115785964,1281544314926108672,e5421ef2b751488bd684e8f3,72625600f41290f7928e27f66dd78827,33,2026-10-08T15:01:12+00:00,Eunicekkilonzo,Eunice Kilonzo-Muraya 🧡,#Writer | 11 #Awards | #Media @gavi | Health #Journalist | #Storyteller | Past @WHO @safaricomPLC @UNEP @aphrc @nationafrica @Falling_Walls | RT ≠ endorsement.,Switzerland 🇨🇭,8795,9085,17251,0,0,"{""_type"": ""snscrape.modules.twitter.User"", ""blue"": false, ""blueType"": null, ""created"": ""2010-02-19 23:27:01+00:00"", ""descriptionLinks"": [{""tcourl"": ""https://t.co/ndFQ57ehUM"", ""text"": ""linktr.ee/eunicekkilonzo"", ""url"": ""https://linktr.ee/eunicekkilonzo""}], ""displayname"": ""Eunice Kilonzo-Muraya 🧡"", ""favouritesCount"": 22822, ""followersCount"": 8795, ""friendsCount"": 9085, ""id"": 115785964, ""id_str"": ""115785964"", ""listedCount"": 0, ""location"": ""Switzerland 🇨🇭"", ""mediaCount"": 1014, ""pinnedIds"": [1719721042216734934], ""profileBannerUrl"": ""https://pbs.twimg.com/profile_banners/115785964/1685125111"", ""profileImageUrl"": ""https://pbs.twimg.com/profile_images/2102340617988636672/9W1ZC3hs_normal.jpg"", ""protected"": false, ""rawDescription"": ""#Writer | 11 #Awards | #Media @gavi | Health #Journalist | #Storyteller | Past @WHO @safaricomPLC @UNEP @aphrc @nationafrica @Falling_Walls | RT ≠ endorsement."", ""statusesCount"": 17251, ""url"": ""https://x.com/Eunicekkilonzo"", ""username"": ""Eunicekkilonzo"", ""verified"": false}"
366,31767312,1281527795957534720,e5421ef2b751488bd684e8f3,72625600f41290f7928e27f66dd78827,33,2026-10-08T15:01:12+00:00,robertflorence,RAB FLORENCE,a writer,"Brooklyn, NY",47771,1687,125962,0,0,"{""_type"": ""snscrape.modules.twitter.User"", ""blue"": false, ""blueType"": null, ""created"": ""2009-04-16 13:01:01+00:00"", ""descriptionLinks"": [{""tcourl"": ""https://t.co/Sl88fw4O4p"", ""text"": ""linktr.ee/robertflorence"", ""url"": ""https://linktr.ee/robertflorence""}], ""displayname"": ""RAB FLORENCE"", ""favouritesCount"": 7375, ""followersCount"": 47771, ""friendsCount"": 1687, ""id"": 31767312, ""id_str"": ""31767312"", ""listedCount"": 0, ""location"": ""Brooklyn, NY"", ""mediaCount"": 8601, ""pinnedIds"": [], ""profileBannerUrl"": ""https://pbs.twimg.com/profile_banners/31767312/1500627190"", ""profileImageUrl"": ""https://pbs.twimg.com/profile_images/1632488668886622208/7qcmJ8B5_normal.jpg"", ""protected"": false, ""rawDescription"": ""a writer"", ""statusesCount"": 125962, ""url"": ""https://x.com/robertflorence"", ""username"": ""robertflorence"", ""verified"": false}"
367,1037331522662146048,1281518926871109633,e5421ef2b751488bd684e8f3,72625600f41290f7928e27f66dd78827,33,2026-10-08T15:01:12+00:00,championsSTM,Champions,Year 6 class at St. Michael’s Catholic Primary School. Our teacher is Mrs Birks (Miss Deans) and our HLTA is Mrs Briggs 😊,Liverpool,237,242,1469,0,0,"{""_type"": ""snscrape.modules.twitter.User"", ""blue"": false, ""blueType"": null, ""created"": ""2018-09-05 13:28:02+00:00"", ""descriptionLinks"": [], ""displayname"": ""Champions"", ""favouritesCount"": 1046, ""followersCount"": 237, ""friendsCount"": 242, ""id"": 1037331522662146048, ""id_str"": ""1037331522662146048"", ""listedCount"": 0, ""location"": ""Liverpool"", ""mediaCount"": 1157, ""pinnedIds"": [], ""profileBannerUrl"": ""https://pbs.twimg.com/profile_banners/1037331522662146048/1606813957"", ""profileImageUrl"": ""https://pbs.twimg.com/profile_images/1442501945680334853/v3tC83NA_normal.jpg"", ""protected"": false, ""rawDescription"": ""Year 6 class at St. Michael’s Catholic Primary School. Our teacher is Mrs Birks (Miss Deans) and our HLTA is Mrs Briggs 😊"", ""statusesCount"": 1469, ""url"": ""https://x.com/championsSTM"", ""username"": ""championsSTM"", ""verified"": false}"
368,1088449754252464128,1281510826931822592,e5421ef2b751488bd684e8f3,72625600f41290f7928e27f66dd78827,33,2026-10-08T15:01:12+00:00,Flo_ComplianceO,Florence Leroux,Compliance Officer @vaillantgroup // Membre du CA de @AssoECPM #NoDeathPenalty #AbolitionNow,"Paris, France",233,887,206,0,0,"{""_type"": ""snscrape.modules.twitter.User"", ""blue"": false, ""blueType"": null, ""created"": ""2019-01-24 14:53:38+00:00"", ""descriptionLinks"": [], ""displayname"": ""Florence Leroux"", ""favouritesCount"": 1215, ""followersCount"": 233, ""friendsCount"": 887, ""id"": 1088449754252464128, ""id_str"": ""1088449754252464128"", ""listedCount"": 0, ""location"": ""Paris, France"", ""mediaCount"": 14, ""pinnedIds"": [], ""profileBannerUrl"": ""https://pbs.twimg.com/profile_banners/1088449754252464128/1636921115"", ""profileImageUrl"": ""https://pbs.twimg.com/profile_images/1123543131155312642/7XfSpZ-J_normal.jpg"", ""protected"": false, ""rawDescription"": ""Compliance Officer @vaillantgroup // Membre du CA de @AssoECPM #NoDeathPenalty #AbolitionNow"", ""statusesCount"": 206, ""url"": ""https://x.com/Flo_ComplianceO"", ""username"": ""Flo_ComplianceO"", ""verified"": false}"
369,246022280,1281492569206161408,e5421ef2b751488bd684e8f3,72625600f41290f7928e27f66dd78827,33,2026-10-08T15:01:12+00:00,Askflorence,Florence,"Internet ghost, no need to follow back. Marfan, chiari, syringmelia+.I want to listen to learn. There is also some void screaming. She/her",,92,666,2300,0,0,"{""_type"": ""snscrape.modules.twitter.User"", ""blue"": false, ""blueType"": null, ""created"": ""2011-02-01 23:38:39+00:00"", ""descriptionLinks"": [], ""displayname"": ""Florence"", ""favouritesCount"": 16431, ""followersCount"": 92, ""friendsCount"": 666, ""id"": 246022280, ""id_str"": ""246022280"", ""listedCount"": 0, ""location"": """", ""mediaCount"": 211, ""pinnedIds"": [1365764313303175168], ""profileBannerUrl"": ""https://pbs.twimg.com/profile_banners/246022280/1614408541"", ""profileImageUrl"": ""https://pbs.twimg.com/profile_images/1407138720248180737/4UzJsxKv_normal.jpg"", ""protected"": false, ""rawDescription"": ""Internet ghost, no need to follow back. Marfan, chiari, syringmelia+.I want to listen to learn. There is also some void screaming. She/her"", ""statusesCount"": 2300, ""url"": ""https://x.com/Askflorence"", ""username"": ""Askflorence"", ""verified"": false}"
370,3296745003,1281492356429225985,e5421ef2b751488bd684e8f3,72625600f41290f7928e27f66dd78827,33,2026-10-08T15:01:12+00:00,StFloschool,St Florence VC,"St Florence VC School is a primary school situated in the village of St Florence, Pembrokeshire",,452,166,6232,0,0,"{""_type"": ""snscrape.modules.twitter.User"", ""blue"": false, ""blueType"": null, ""created"": ""2015-05-24 17:12:11+00:00"", ""descriptionLinks"": [], ""displayname"": ""St Florence VC"", ""favouritesCount"": 1255, ""followersCount"": 452, ""friendsCount"": 166, ""id"": 3296745003, ""id_str"": ""3296745003"", ""listedCount"": 0, ""location"": """", ""mediaCount"": 4205, ""pinnedIds"": [], ""profileBannerUrl"": ""https://pbs.twimg.com/profile_banners/3296745003/1637865196"", ""profileImageUrl"": ""https://pbs.twimg.com/profile_images/735780639710941186/2MVOud4L_normal.jpg"", ""protected"": false, ""rawDescription"": ""St Florence VC School is a primary school situated in the village of St Florence, Pembrokeshire"", ""statusesCount"": 6232, ""url"": ""https://x.com/StFloschool"", ""username"": ""StFloschool"", ""verified"": false}"
371,25626894,1281491020434288641,e5421ef2b751488bd684e8f3,72625600f41290f7928e27f66dd78827,33,2026-10-08T15:01:12+00:00,InTheKnow,In The Know,"we share untold stories. 

@yahoo is mother","New York, NY",315327,243,132754,0,0,"{""_type"": ""snscrape.modules.twitter.User"", ""blue"": false, ""blueType"": ""Business"", ""created"": ""2009-03-21 02:46:35+00:00"", ""descriptionLinks"": [{""tcourl"": ""https://t.co/2y0N7f2esL"", ""text"": ""intheknow.com"", ""url"": ""https://www.intheknow.com/""}], ""displayname"": ""In The Know"", ""favouritesCount"": 8662, ""followersCount"": 315327, ""friendsCount"": 243, ""id"": 25626894, ""id_str"": ""25626894"", ""listedCount"": 0, ""location"": ""New York, NY"", ""mediaCount"": 73686, ""pinnedIds"": [], ""profileBannerUrl"": ""https://pbs.twimg.com/profile_banners/25626894/1683731039"", ""profileImageUrl"": ""https://pbs.twimg.com/profile_images/1433132251018051586/d4psyopD_normal.jpg"", ""protected"": false, ""rawDescription"": ""we share untold stories. \n\n@yahoo is mother"", ""statusesCount"": 132754, ""url"": ""https://x.com/InTheKnow"", ""username"": ""InTheKnow"", ""verified"": false}"
372,704263829132288001,1281480858772348928,e5421ef2b751488bd684e8f3,72625600f41290f7928e27f66dd78827,33,2026-10-08T15:01:12+00:00,KeelingFlorence,Florence Keeling is A Little in Love,WF & Romance Author @simonschusterUk @CharlieADean @TanyaMounts69 Never refuses tea or biscuits.,"Warwickshire, England",1328,867,8818,0,0,"{""_type"": ""snscrape.modules.twitter.User"", ""blue"": false, ""blueType"": null, ""created"": ""2016-02-29 11:15:56+00:00"", ""descriptionLinks"": [{""tcourl"": ""https://t.co/4QAsooYyO7"", ""text"": ""fb.me/florencekeelin…"", ""url"": ""http://fb.me/florencekeeling1""}], ""displayname"": ""Florence Keeling is A Little in Love"", ""favouritesCount"": 5314, ""followersCount"": 1328, ""friendsCount"": 867, ""id"": 704263829132288001, ""id_str"": ""704263829132288001"", ""listedCount"": 0, ""location"": ""Warwickshire, England"", ""mediaCount"": 3487, ""pinnedIds"": [1950820032415408560], ""profileBannerUrl"": ""https://pbs.twimg.com/profile_banners/704263829132288001/1751397094"", ""profileImageUrl"": ""https://pbs.twimg.com/profile_images/1800040827223195648/xNqfj4LM_normal.jpg"", ""protected"": false, ""rawDescription"": ""WF & Romance Author @simonschusterUk @CharlieADean @TanyaMounts69 Never refuses tea or biscuits."", ""statusesCount"": 8818, ""url"": ""https://x.com/KeelingFlorence"", ""username"": ""KeelingFlorence"", ""verified"": false}"
373,34316513,1281474735298183172,e5421ef2b751488bd684e8f3,72625600f41290f7928e27f66dd78827,33,2026-10-08T15:01:12+00:00,TodayFM,Today FM 💛,Ireland's biggest independent radio station 🇮🇪🎶,Ireland,319503,15522,113426,0,0,"{""_type"": ""snscrape.modules.twitter.User"", ""blue"": true, ""blueType"": null, ""created"": ""2009-04-22 16:22:39+00:00"", ""descriptionLinks"": [{""tcourl"": ""https://t.co/SnvsLHdd9p"", ""text"": ""TodayFM.com"", ""url"": ""http://www.TodayFM.com""}], ""displayname"": ""Today FM 💛"", ""favouritesCount"": 28001, ""followersCount"": 319503, ""friendsCount"": 15522, ""id"": 34316513, ""id_str"": ""34316513"", ""listedCount"": 0, ""location"": ""Ireland"", ""mediaCount"": 50920, ""pinnedIds"": [], ""profileBannerUrl"": ""https://pbs.twimg.com/profile_banners/34316513/1731091036"", ""profileImageUrl"": ""https://pbs.twimg.com/profile_images/1854955787749117952/vrbHAAM4_normal.jpg"", ""protected"": false, ""rawDescription"": ""Ireland's biggest independent radio station 🇮🇪🎶"", ""statusesCount"": 113426, ""url"": ""https://x.com/TodayFM"", ""username"": ""TodayFM"", ""verified"": false}"
374,3102142278,1281441396390391808,e5421ef2b751488bd684e8f3,72625600f41290f7928e27f66dd78827,33,2026-10-08T15:01:12+00:00,Alanna_4th,Alanna Wood,I'm just me ...,,346,517,21728,0,0,"{""_type"": ""snscrape.modules.twitter.User"", ""blue"": false, ""blueType"": null, ""created"": ""2015-03-21 22:13:04+00:00"", ""descriptionLinks"": [], ""displayname"": ""Alanna Wood"", ""favouritesCount"": 63686, ""followersCount"": 346, ""friendsCount"": 517, ""id"": 3102142278, ""id_str"": ""3102142278"", ""listedCount"": 0, ""location"": """", ""mediaCount"": 454, ""pinnedIds"": [], ""profileBannerUrl"": ""https://pbs.twimg.com/profile_banners/3102142278/1487320132"", ""profileImageUrl"": ""https://pbs.twimg.com/profile_images/1330453582051762177/JepdTTSB_normal.jpg"", ""protected"": false, ""rawDescription"": ""I'm just me ..."", ""statusesCount"": 21728, ""url"": ""https://x.com/Alanna_4th"", ""username"": ""Alanna_4th"", ""verified"": false}"
375,1280645339213705217,1281435808256466944,e5421ef2b751488bd684e8f3,72625600f41290f7928e27f66dd78827,34,2026-10-08T15:01:26+00:00,PollyFreiFlo,I LOVE FLORENCE,"Hello! My name is Polly, I'm 15 years old, she/her pronouns! my gf is @pennpocket........also I love florence from like a game called hello charlotte!!",,38,26,419,0,0,"{""_type"": ""snscrape.modules.twitter.User"", ""blue"": false, ""blueType"": null, ""created"": ""2020-07-07 23:30:30+00:00"", ""descriptionLinks"": [], ""displayname"": ""I LOVE FLORENCE"", ""favouritesCount"": 455, ""followersCount"": 38, ""friendsCount"": 26, ""id"": 1280645339213705217, ""id_str"": ""1280645339213705217"", ""listedCount"": 0, ""location"": """", ""mediaCount"": 4, ""pinnedIds"": [1280654268991709185], ""profileBannerUrl"": ""https://pbs.twimg.com/profile_banners/1280645339213705217/1594164956"", ""profileImageUrl"": ""https://pbs.twimg.com/profile_images/1280646546766340098/l7VYsZ2u_normal.jpg"", ""protected"": false, ""rawDescription"": ""Hello! My name is Polly, I'm 15 years old, she/her pronouns! my gf is @pennpocket........also I love florence from like a game called hello charlotte!!"", ""statusesCount"": 419, ""url"": ""https://x.com/PollyFreiFlo"", ""username"": ""PollyFreiFlo"", ""verified"": false}"
376,222539938,1281433956706144256,e5421ef2b751488bd684e8f3,72625600f41290f7928e27f66dd78827,34,2026-10-08T15:01:26+00:00,TontoForest,Tonto National Forest,Official page of the Tonto National Forest in Arizona! #TontoNF is approx. 3 million acres and the ninth largest forest in the United States.,"Phoenix, Arizona",15169,109,5306,0,0,"{""_type"": ""snscrape.modules.twitter.User"", ""blue"": false, ""blueType"": null, ""created"": ""2010-12-03 18:26:41+00:00"", ""descriptionLinks"": [{""tcourl"": ""https://t.co/eUsDlTqkJb"", ""text"": ""fs.usda.gov/tonto"", ""url"": ""http://www.fs.usda.gov/tonto""}], ""displayname"": ""Tonto National Forest"", ""favouritesCount"": 750, ""followersCount"": 15169, ""friendsCount"": 109, ""id"": 222539938, ""id_str"": ""222539938"", ""listedCount"": 0, ""location"": ""Phoenix, Arizona"", ""mediaCount"": 1844, ""pinnedIds"": [], ""profileBannerUrl"": ""https://pbs.twimg.com/profile_banners/222539938/1581523510"", ""profileImageUrl"": ""https://pbs.twimg.com/profile_images/1601330609581760512/0eQREG0g_normal.png"", ""protected"": false, ""rawDescription"": ""Official page of the Tonto National Forest in Arizona! #TontoNF is approx. 3 million acres and the ninth largest forest in the United States."", ""statusesCount"": 5306, ""url"": ""https://x.com/TontoForest"", ""username"": ""TontoForest"", ""verified"": false}"
377,220144832,1281431146052583426,e5421ef2b751488bd684e8f3,72625600f41290f7928e27f66dd78827,34,2026-10-08T15:01:26+00:00,OfficiallyEmi,florence vassy ♟️,⠀⠀⠀⠀ ⠀⠀⠀⠀ ⠀⠀ Actor | equestrian 🐎 ⠀⠀⠀⠀ ⠀⠀⠀⠀ ⠀⠀⠀⠀ ⠀⠀⠀Dr. Emi Howard in Jurassic Park 🦕 ⠀⠀⠀⠀⠀ ⠀⠀⠀ ⠀⠀ ⠀• IG: @emfigoras • ⠀⠀⠀⠀⠀⠀ ⠀,Probably at Chess the musical,2145,323,35963,0,0,"{""_type"": ""snscrape.modules.twitter.User"", ""blue"": false, ""blueType"": null, ""created"": ""2010-11-26 22:32:17+00:00"", ""descriptionLinks"": [], ""displayname"": ""florence vassy ♟️"", ""favouritesCount"": 62555, ""followersCount"": 2145, ""friendsCount"": 323, ""id"": 220144832, ""id_str"": ""220144832"", ""listedCount"": 0, ""location"": ""Probably at Chess the musical"", ""mediaCount"": 6872, ""pinnedIds"": [2066509158405263474], ""profileBannerUrl"": ""https://pbs.twimg.com/profile_banners/220144832/1787091598"", ""profileImageUrl"": ""https://pbs.twimg.com/profile_images/1998267438933086208/Y56th8Iw_normal.jpg"", ""protected"": false, ""rawDescription"": ""⠀⠀⠀⠀ ⠀⠀⠀⠀ ⠀⠀ Actor | equestrian 🐎 ⠀⠀⠀⠀ ⠀⠀⠀⠀ ⠀⠀⠀⠀ ⠀⠀⠀Dr. Emi Howard in Jurassic Park 🦕 ⠀⠀⠀⠀⠀ ⠀⠀⠀ ⠀⠀ ⠀• IG: @emfigoras • ⠀⠀⠀⠀⠀⠀ ⠀"", ""statusesCount"": 35963, ""url"": ""https://x.com/OfficiallyEmi"", ""username"": ""OfficiallyEmi"", ""verified"": false}"
378,1122744800036265984,1281422773416591360,e5421ef2b751488bd684e8f3,72625600f41290f7928e27f66dd78827,34,2026-10-08T15:01:26+00:00,IamMakatiMed,Makati Medical Center,The official X page of Makati Medical Center. #TheHospitalwithaHeart,Makati,3943,67,2591,0,0,"{""_type"": ""snscrape.modules.twitter.User"", ""blue"": false, ""blueType"": null, ""created"": ""2019-04-29 06:09:54+00:00"", ""descriptionLinks"": [{""tcourl"": ""https://t.co/2PPOZErXce"", ""text"": ""makatimed.net.ph"", ""url"": ""http://www.makatimed.net.ph""}], ""displayname"": ""Makati Medical Center"", ""favouritesCount"": 237, ""followersCount"": 3943, ""friendsCount"": 67, ""id"": 1122744800036265984, ""id_str"": ""1122744800036265984"", ""listedCount"": 0, ""location"": ""Makati"", ""mediaCount"": 1851, ""pinnedIds"": [2057702252526407710], ""profileBannerUrl"": ""https://pbs.twimg.com/profile_banners/1122744800036265984/1556523381"", ""profileImageUrl"": ""https://pbs.twimg.com/profile_images/1138218038996525056/BsyZoo-z_normal.png"", ""protected"": false, ""rawDescription"": ""The official X page of Makati Medical Center. #TheHospitalwithaHeart"", ""statusesCount"": 2591, ""url"": ""https://x.com/IamMakatiMed"", ""username"": ""IamMakatiMed"", ""verified"": false}"
379,3248735790,1281398843515559938,e5421ef2b751488bd684e8f3,72625600f41290f7928e27f66dd78827,34,2026-10-08T15:01:26+00:00,blaisedre,Florence,pero amor no basta,,270,224,23473,0,0,"{""_type"": ""snscrape.modules.twitter.User"", ""blue"": false, ""blueType"": null, ""created"": ""2015-06-18 14:25:25+00:00"", ""descriptionLinks"": [], ""displayname"": ""Florence"", ""favouritesCount"": 26937, ""followersCount"": 270, ""friendsCount"": 224, ""id"": 3248735790, ""id_str"": ""3248735790"", ""listedCount"": 0, ""location"": """", ""mediaCount"": 1197, ""pinnedIds"": [1536755090903937024], ""profileBannerUrl"": ""https://pbs.twimg.com/profile_banners/3248735790/1668729451"", ""profileImageUrl"": ""https://pbs.twimg.com/profile_images/1647457554677772288/rRQC6VIc_normal.jpg"", ""protected"": false, ""rawDescription"": ""pero amor no basta"", ""statusesCount"": 23473, ""url"": ""https://x.com/blaisedre"", ""username"": ""blaisedre"", ""verified"": false}"
380,17068146,1281381370233790464,e5421ef2b751488bd684e8f3,72625600f41290f7928e27f66dd78827,34,2026-10-08T15:01:26+00:00,WCPO,WCPO 9,"Cincinnati breaking news, weather, traffic and more. Add us on IG: wcpo9_news","Cincinnati, Ohio",206369,3276,440312,0,0,"{""_type"": ""snscrape.modules.twitter.User"", ""blue"": false, ""blueType"": ""Business"", ""created"": ""2008-10-30 16:12:04+00:00"", ""descriptionLinks"": [{""tcourl"": ""https://t.co/3hZFk86Scy"", ""text"": ""newsin.bio/x/WCPO"", ""url"": ""http://newsin.bio/x/WCPO""}], ""displayname"": ""WCPO 9"", ""favouritesCount"": 20584, ""followersCount"": 206369, ""friendsCount"": 3276, ""id"": 17068146, ""id_str"": ""17068146"", ""listedCount"": 0, ""location"": ""Cincinnati, Ohio"", ""mediaCount"": 62178, ""pinnedIds"": [], ""profileBannerUrl"": ""https://pbs.twimg.com/profile_banners/17068146/1777550760"", ""profileImageUrl"": ""https://pbs.twimg.com/profile_images/1224385852723298304/xI66vg88_normal.jpg"", ""protected"": false, ""rawDescription"": ""Cincinnati breaking news, weather, traffic and more. Add us on IG: wcpo9_news"", ""statusesCount"": 440312, ""url"": ""https://x.com/WCPO"", ""username"": ""WCPO"", ""verified"": false}"
381,1254385269240930304,1281351265251983360,e5421ef2b751488bd684e8f3,72625600f41290f7928e27f66dd78827,34,2026-10-08T15:01:26+00:00,nainethe0,florence,,,36,315,910,0,0,"{""_type"": ""snscrape.modules.twitter.User"", ""blue"": false, ""blueType"": null, ""created"": ""2020-04-26 12:22:38+00:00"", ""descriptionLinks"": [], ""displayname"": ""florence"", ""favouritesCount"": 1572, ""followersCount"": 36, ""friendsCount"": 315, ""id"": 1254385269240930304, ""id_str"": ""1254385269240930304"", ""listedCount"": 0, ""location"": """", ""mediaCount"": 66, ""pinnedIds"": [1319617521440464896], ""profileBannerUrl"": ""https://pbs.twimg.com/profile_banners/1254385269240930304/1703415835"", ""profileImageUrl"": ""https://pbs.twimg.com/profile_images/1852491309547745281/nPAjPVB6_normal.jpg"", ""protected"": false, ""rawDescription"": """", ""statusesCount"": 910, ""url"": ""https://x.com/nainethe0"", ""username"": ""nainethe0"", ""verified"": false}"
382,34316513,1281323992092155906,e5421ef2b751488bd684e8f3,72625600f41290f7928e27f66dd78827,34,2026-10-08T15:01:26+00:00,TodayFM,Today FM 💛,Ireland's biggest independent radio station 🇮🇪🎶,Ireland,319504,15522,113426,0,0,"{""_type"": ""snscrape.modules.twitter.User"", ""blue"": true, ""blueType"": null, ""created"": ""2009-04-22 16:22:39+00:00"", ""descriptionLinks"": [{""tcourl"": ""https://t.co/SnvsLHdd9p"", ""text"": ""TodayFM.com"", ""url"": ""http://www.TodayFM.com""}], ""displayname"": ""Today FM 💛"", ""favouritesCount"": 28001, ""followersCount"": 319504, ""friendsCount"": 15522, ""id"": 34316513, ""id_str"": ""34316513"", ""listedCount"": 0, ""location"": ""Ireland"", ""mediaCount"": 50920, ""pinnedIds"": [], ""profileBannerUrl"": ""https://pbs.twimg.com/profile_banners/34316513/1731091036"", ""profileImageUrl"": ""https://pbs.twimg.com/profile_images/1854955787749117952/vrbHAAM4_normal.jpg"", ""protected"": false, ""rawDescription"": ""Ireland's biggest independent radio station 🇮🇪🎶"", ""statusesCount"": 113426, ""url"": ""https://x.com/TodayFM"", ""username"": ""TodayFM"", ""verified"": false}"
383,1013381191905546240,1281307813172609024,e5421ef2b751488bd684e8f3,72625600f41290f7928e27f66dd78827,34,2026-10-08T15:01:26+00:00,FlorenceJeffr10,Florence Jeffries,,"England, United Kingdom",1081,2341,23448,0,0,"{""_type"": ""snscrape.modules.twitter.User"", ""blue"": false, ""blueType"": null, ""created"": ""2018-07-01 11:17:58+00:00"", ""descriptionLinks"": [], ""displayname"": ""Florence Jeffries"", ""favouritesCount"": 394069, ""followersCount"": 1081, ""friendsCount"": 2341, ""id"": 1013381191905546240, ""id_str"": ""1013381191905546240"", ""listedCount"": 0, ""location"": ""England, United Kingdom"", ""mediaCount"": 45, ""pinnedIds"": [], ""profileBannerUrl"": """", ""profileImageUrl"": ""https://abs.twimg.com/sticky/default_profile_images/default_profile_normal.png"", ""protected"": false, ""rawDescription"": """", ""statusesCount"": 23448, ""url"": ""https://x.com/FlorenceJeffr10"", ""username"": ""FlorenceJeffr10"", ""verified"": false}"
384,280548474,1281302301643362306,e5421ef2b751488bd684e8f3,72625600f41290f7928e27f66dd78827,34,2026-10-08T15:01:26+00:00,AIDS_conference,IAC - the International AIDS Conference,"Uniting scientists, policy makers and activists, IAC - the International AIDS Conference - is the premier global platform to advance the HIV response.","Rio de Janeiro, Brazil",41056,2678,13554,0,0,"{""_type"": ""snscrape.modules.twitter.User"", ""blue"": true, ""blueType"": null, ""created"": ""2011-04-11 15:04:32+00:00"", ""descriptionLinks"": [{""tcourl"": ""https://t.co/U86AjhswIq"", ""text"": ""iasociety.org/conferences/ai…"", ""url"": ""https://www.iasociety.org/conferences/aids2026""}], ""displayname"": ""IAC - the International AIDS Conference"", ""favouritesCount"": 8606, ""followersCount"": 41056, ""friendsCount"": 2678, ""id"": 280548474, ""id_str"": ""280548474"", ""listedCount"": 0, ""location"": ""Rio de Janeiro, Brazil"", ""mediaCount"": 2919, ""pinnedIds"": [], ""profileBannerUrl"": ""https://pbs.twimg.com/profile_banners/280548474/1748959026"", ""profileImageUrl"": ""https://pbs.twimg.com/profile_images/1929948773741961216/gbMiwiSM_normal.jpg"", ""protected"": false, ""rawDescription"": ""Uniting scientists, policy makers and activists, IAC - the International AIDS Conference - is the premier global platform to advance the HIV response."", ""statusesCount"": 13554, ""url"": ""https://x.com/AIDS_conference"", ""username"": ""AIDS_conference"", ""verified"": false}"
385,330160546,1281296539156123650,e5421ef2b751488bd684e8f3,72625600f41290f7928e27f66dd78827,34,2026-10-08T15:01:26+00:00,EthanSCorey,Ethan Corey,Research & Projects Editor @theappeal; @theappealunion for life; spreadsheets are how I practice self-care (he/him),,2803,2755,6131,0,0,"{""_type"": ""snscrape.modules.twitter.User"", ""blue"": false, ""blueType"": null, ""created"": ""2011-07-06 05:57:12+00:00"", ""descriptionLinks"": [{""tcourl"": ""https://t.co/i5ZqBMiyQL"", ""text"": ""theappeal.org/authors/ethan-…"", ""url"": ""https://theappeal.org/authors/ethan-corey/""}], ""displayname"": ""Ethan Corey"", ""favouritesCount"": 16421, ""followersCount"": 2803, ""friendsCount"": 2755, ""id"": 330160546, ""id_str"": ""330160546"", ""listedCount"": 0, ""location"": """", ""mediaCount"": 561, ""pinnedIds"": [1577677449068007427], ""profileBannerUrl"": ""https://pbs.twimg.com/profile_banners/330160546/1595971309"", ""profileImageUrl"": ""https://pbs.twimg.com/profile_images/1392333245673615368/QecDcNOb_normal.jpg"", ""protected"": false, ""rawDescription"": ""Research & Projects Editor @theappeal; @theappealunion for life; spreadsheets are how I practice self-care (he/him)"", ""statusesCount"": 6131, ""url"": ""https://x.com/EthanSCorey"", ""username"": ""EthanSCorey"", ""verified"": false}"
387,876881685152923648,1281285087733133314,e5421ef2b751488bd684e8f3,72625600f41290f7928e27f66dd78827,34,2026-10-08T15:01:26+00:00,pastelteacher,Danielle 🦊,// Year 4 👩🏼‍🏫 // Swiftie 💜// English Lead 🦇 // Book Hoarder 📚// ‘Self-Proclaimed’ Cat Lady 🐈 // Fortnite Obsessed 🎮 // Views Are My Own // 🏳️‍🌈,"England, United Kingdom",11845,1262,31025,0,0,"{""_type"": ""snscrape.modules.twitter.User"", ""blue"": false, ""blueType"": null, ""created"": ""2017-06-19 19:17:40+00:00"", ""descriptionLinks"": [], ""displayname"": ""Danielle 🦊"", ""favouritesCount"": 28890, ""followersCount"": 11845, ""friendsCount"": 1262, ""id"": 876881685152923648, ""id_str"": ""876881685152923648"", ""listedCount"": 0, ""location"": ""England, United Kingdom"", ""mediaCount"": 5180, ""pinnedIds"": [1563156778153840642], ""profileBannerUrl"": ""https://pbs.twimg.com/profile_banners/876881685152923648/1635606172"", ""profileImageUrl"": ""https://pbs.twimg.com/profile_images/2083255560313409536/Xu8-Z3QL_normal.jpg"", ""protected"": false, ""rawDescription"": ""// Year 4 👩🏼‍🏫 // Swiftie 💜// English Lead 🦇 // Book Hoarder 📚// ‘Self-Proclaimed’ Cat Lady 🐈 // Fortnite Obsessed 🎮 // Views Are My Own // 🏳️‍🌈"", ""statusesCount"": 31025, ""url"": ""https://x.com/pastelteacher"", ""username"": ""pastelteacher"", ""verified"": false}"
388,334178844,1281283113079828480,e5421ef2b751488bd684e8f3,72625600f41290f7928e27f66dd78827,34,2026-10-08T15:01:26+00:00,SER1897,Stephen Robinson,"journalist. Bylines: Public Notice, AV Club. Sign up for my newsletter, The Play Typer Guy (link below). Find me at Bluesky and Threads","Portland, OR",10892,7701,288534,0,0,"{""_type"": ""snscrape.modules.twitter.User"", ""blue"": false, ""blueType"": null, ""created"": ""2011-07-12 18:01:35+00:00"", ""descriptionLinks"": [{""tcourl"": ""https://t.co/J7ZBIALbX9"", ""text"": ""playtyperguy.com/subscribe"", ""url"": ""https://www.playtyperguy.com/subscribe""}], ""displayname"": ""Stephen Robinson"", ""favouritesCount"": 460010, ""followersCount"": 10892, ""friendsCount"": 7701, ""id"": 334178844, ""id_str"": ""334178844"", ""listedCount"": 0, ""location"": ""Portland, OR"", ""mediaCount"": 11137, ""pinnedIds"": [1780332475623067723], ""profileBannerUrl"": ""https://pbs.twimg.com/profile_banners/334178844/1707368953"", ""profileImageUrl"": ""https://pbs.twimg.com/profile_images/1856031952031363072/MzEedla2_normal.jpg"", ""protected"": false, ""rawDescription"": ""journalist. Bylines: Public Notice, AV Club. Sign up for my newsletter, The Play Typer Guy (link below). Find me at Bluesky and Threads"", ""statusesCount"": 288534, ""url"": ""https://x.com/SER1897"", ""username"": ""SER1897"", ""verified"": false}"
389,2568087150,1281280547185188864,e5421ef2b751488bd684e8f3,72625600f41290f7928e27f66dd78827,34,2026-10-08T15:01:26+00:00,FlorenceCarmela,Florence Carmela,Nationally Credentialed Broadcaster @TMZLive @FoxTV @NFL @CumulusMedia @WEBE108Radio @ESPN @TheVoiceofCT @iHeartRadio Founder & On-Air Host @_TheForumMedia,Connecticut ✈️ California,21571,2997,86430,0,0,"{""_type"": ""snscrape.modules.twitter.User"", ""blue"": true, ""blueType"": null, ""created"": ""2014-06-15 01:38:26+00:00"", ""descriptionLinks"": [{""tcourl"": ""https://t.co/vOcl901hnr"", ""text"": ""YOUTUBE.com/@TheForumMedia…"", ""url"": ""http://YOUTUBE.com/@TheForumMediaNetwork?si=liWri0lrWYxtx0dH""}], ""displayname"": ""Florence Carmela"", ""favouritesCount"": 321621, ""followersCount"": 21571, ""friendsCount"": 2997, ""id"": 2568087150, ""id_str"": ""2568087150"", ""listedCount"": 0, ""location"": ""Connecticut ✈️ California"", ""mediaCount"": 14947, ""pinnedIds"": [1746520623436759116], ""profileBannerUrl"": ""https://pbs.twimg.com/profile_banners/2568087150/1786741455"", ""profileImageUrl"": ""https://pbs.twimg.com/profile_images/2085038237446250497/d8smqL7g_normal.jpg"", ""protected"": false, ""rawDescription"": ""Nationally Credentialed Broadcaster @TMZLive @FoxTV @NFL @CumulusMedia @WEBE108Radio @ESPN @TheVoiceofCT @iHeartRadio Founder & On-Air Host @_TheForumMedia"", ""statusesCount"": 86430, ""url"": ""https://x.com/FlorenceCarmela"", ""username"": ""FlorenceCarmela"", ""verified"": false}"
390,3743990781,1281271234244816896,e5421ef2b751488bd684e8f3,72625600f41290f7928e27f66dd78827,34,2026-10-08T15:01:26+00:00,AuthorFWilliams,Frankie williams,"Author of #TheMerdragon 
and #TheMerdragonSecrets
#aStoryForMyDaughter
#aMotherLovesForever
ReadTheMerdragon and The Merdragon{Secrets} today!",,6020,4053,49312,0,0,"{""_type"": ""snscrape.modules.twitter.User"", ""blue"": false, ""blueType"": null, ""created"": ""2015-09-23 00:29:07+00:00"", ""descriptionLinks"": [{""tcourl"": ""https://t.co/87UT4e0wSS"", ""text"": ""amazon.com/Merdragon-Fran…"", ""url"": ""https://www.amazon.com/Merdragon-Frankie-Williams/dp/1951028325/ref=mp_s_a_1_3?dchild=1&keywords=the""}], ""displayname"": ""Frankie williams"", ""favouritesCount"": 53403, ""followersCount"": 6020, ""friendsCount"": 4053, ""id"": 3743990781, ""id_str"": ""3743990781"", ""listedCount"": 0, ""location"": """", ""mediaCount"": 10328, ""pinnedIds"": [1546888655825997829], ""profileBannerUrl"": ""https://pbs.twimg.com/profile_banners/3743990781/1598216804"", ""profileImageUrl"": ""https://pbs.twimg.com/profile_images/1220515089998020608/yeeNyqvQ_normal.jpg"", ""protected"": false, ""rawDescription"": ""Author of #TheMerdragon \nand #TheMerdragonSecrets\n#aStoryForMyDaughter\n#aMotherLovesForever\nReadTheMerdragon and The Merdragon{Secrets} today!"", ""statusesCount"": 49312, ""url"": ""https://x.com/AuthorFWilliams"", ""username"": ""AuthorFWilliams"", ""verified"": false}"
391,15347020,1281277676720922624,e5421ef2b751488bd684e8f3,72625600f41290f7928e27f66dd78827,34,2026-10-08T15:01:26+00:00,theatermania,TheaterMania,Your go-to source for all things theater – from news and reviews to ticket offers and original videos. Follow for exclusive TheaterMania giveaways!,For theater everywhere!,124889,5847,56577,0,0,"{""_type"": ""snscrape.modules.twitter.User"", ""blue"": false, ""blueType"": null, ""created"": ""2008-07-07 22:01:28+00:00"", ""descriptionLinks"": [{""tcourl"": ""https://t.co/gfGydI6Mnx"", ""text"": ""TheaterMania.com"", ""url"": ""http://www.TheaterMania.com""}], ""displayname"": ""TheaterMania"", ""favouritesCount"": 1417, ""followersCount"": 124889, ""friendsCount"": 5847, ""id"": 15347020, ""id_str"": ""15347020"", ""listedCount"": 0, ""location"": ""For theater everywhere!"", ""mediaCount"": 31390, ""pinnedIds"": [], ""profileBannerUrl"": ""https://pbs.twimg.com/profile_banners/15347020/1788620756"", ""profileImageUrl"": ""https://pbs.twimg.com/profile_images/1807703017292021761/u5Tezv-o_normal.jpg"", ""protected"": false, ""rawDescription"": ""Your go-to source for all things theater – from news and reviews to ticket offers and original videos. Follow for exclusive TheaterMania giveaways!"", ""statusesCount"": 56577, ""url"": ""https://x.com/theatermania"", ""username"": ""theatermania"", ""verified"": false}"
392,15109904,1281276932127064065,e5421ef2b751488bd684e8f3,72625600f41290f7928e27f66dd78827,34,2026-10-08T15:01:26+00:00,ABCNews4,ABC News 4,"The leader in news, sports and information for Charleston and the Lowcountry.","Charleston, SC",101048,875,270496,0,0,"{""_type"": ""snscrape.modules.twitter.User"", ""blue"": false, ""blueType"": null, ""created"": ""2008-06-13 18:13:19+00:00"", ""descriptionLinks"": [{""tcourl"": ""https://t.co/5GEOp78gVL"", ""text"": ""abcnews4.com"", ""url"": ""https://abcnews4.com/""}], ""displayname"": ""ABC News 4"", ""favouritesCount"": 7654, ""followersCount"": 101048, ""friendsCount"": 875, ""id"": 15109904, ""id_str"": ""15109904"", ""listedCount"": 0, ""location"": ""Charleston, SC"", ""mediaCount"": 21900, ""pinnedIds"": [], ""profileBannerUrl"": ""https://pbs.twimg.com/profile_banners/15109904/1771010699"", ""profileImageUrl"": ""https://pbs.twimg.com/profile_images/1739994809480146945/MfLc0b5M_normal.jpg"", ""protected"": false, ""rawDescription"": ""The leader in news, sports and information for Charleston and the Lowcountry."", ""statusesCount"": 270496, ""url"": ""https://x.com/ABCNews4"", ""username"": ""ABCNews4"", ""verified"": false}"
393,3003011065,1284011001579372546,e5421ef2b751488bd684e8f3,7866a9300d75fac8bd59592f07396208,38,2026-10-08T15:02:13+00:00,NZinIndia,NZ in India,The New Zealand High Commission in New Delhi advances New Zealand's interests in India and Nepal.,New Delhi,6794,440,4799,0,0,"{""_type"": ""snscrape.modules.twitter.User"", ""blue"": false, ""blueType"": null, ""created"": ""2015-01-30 07:20:27+00:00"", ""descriptionLinks"": [{""tcourl"": ""https://t.co/BmvIYR011s"", ""text"": ""facebook.com/newzealandhigh…"", ""url"": ""http://www.facebook.com/newzealandhighcommissionindia""}], ""displayname"": ""NZ in India"", ""favouritesCount"": 801, ""followersCount"": 6794, ""friendsCount"": 440, ""id"": 3003011065, ""id_str"": ""3003011065"", ""listedCount"": 0, ""location"": ""New Delhi"", ""mediaCount"": 1666, ""pinnedIds"": [], ""profileBannerUrl"": ""https://pbs.twimg.com/profile_banners/3003011065/1743570592"", ""profileImageUrl"": ""https://pbs.twimg.com/profile_images/1215179196479066113/si2TjZFc_normal.jpg"", ""protected"": false, ""rawDescription"": ""The New Zealand High Commission in New Delhi advances New Zealand's interests in India and Nepal."", ""statusesCount"": 4799, ""url"": ""https://x.com/NZinIndia"", ""username"": ""NZinIndia"", ""verified"": false}"
394,1002105970317721600,1283775678257782785,e5421ef2b751488bd684e8f3,7866a9300d75fac8bd59592f07396208,38,2026-10-08T15:02:13+00:00,XarxaCHsF,Xarxa Catalana d'Hospitals sense Fum,A la Xarxa treballem per avançar en el control del tabac en els 90 hospitals de Catalunya adherits. Ubicats a l'@ICO_oncologia amb el recolzament de @salutcat,Catalonia,487,212,1957,0,0,"{""_type"": ""snscrape.modules.twitter.User"", ""blue"": false, ""blueType"": null, ""created"": ""2018-05-31 08:34:16+00:00"", ""descriptionLinks"": [{""tcourl"": ""https://t.co/OXFWMvJN8n"", ""text"": ""xchsf.cat"", ""url"": ""http://www.xchsf.cat""}], ""displayname"": ""Xarxa Catalana d'Hospitals sense Fum"", ""favouritesCount"": 1797, ""followersCount"": 487, ""friendsCount"": 212, ""id"": 1002105970317721600, ""id_str"": ""1002105970317721600"", ""listedCount"": 0, ""location"": ""Catalonia"", ""mediaCount"": 411, ""pinnedIds"": [], ""profileBannerUrl"": ""https://pbs.twimg.com/profile_banners/1002105970317721600/1527756457"", ""profileImageUrl"": ""https://pbs.twimg.com/profile_images/1002108373821743104/IdQ7BGKz_normal.jpg"", ""protected"": false, ""rawDescription"": ""A la Xarxa treballem per avançar en el control del tabac en els 90 hospitals de Catalunya adherits. Ubicats a l'@ICO_oncologia amb el recolzament de @salutcat"", ""statusesCount"": 1957, ""url"": ""https://x.com/XarxaCHsF"", ""username"": ""XarxaCHsF"", ""verified"": false}"
395,276236590,1283553527705620480,e5421ef2b751488bd684e8f3,7866a9300d75fac8bd59592f07396208,38,2026-10-08T15:02:13+00:00,RushmoreExt23,Phillip Kirschberg,"Smoking/tobacco harm reduction advocate. WNL co-host. ASU Alumni '97 🌹 Not humorless. Personal account. I'd prefer to make the world a better place, and you?",Birmingham,3799,1052,68352,0,0,"{""_type"": ""snscrape.modules.twitter.User"", ""blue"": true, ""blueType"": null, ""created"": ""2011-04-02 23:22:22+00:00"", ""descriptionLinks"": [{""tcourl"": ""https://t.co/w2pPb2HrcY"", ""text"": ""youtube.com/@zamplebox"", ""url"": ""https://youtube.com/@zamplebox""}], ""displayname"": ""Phillip Kirschberg"", ""favouritesCount"": 353385, ""followersCount"": 3799, ""friendsCount"": 1052, ""id"": 276236590, ""id_str"": ""276236590"", ""listedCount"": 0, ""location"": ""Birmingham"", ""mediaCount"": 7426, ""pinnedIds"": [2099913433088995685], ""profileBannerUrl"": ""https://pbs.twimg.com/profile_banners/276236590/1787258247"", ""profileImageUrl"": ""https://pbs.twimg.com/profile_images/2064688135804473344/9tY5j5i4_normal.jpg"", ""protected"": false, ""rawDescription"": ""Smoking/tobacco harm reduction advocate. WNL co-host. ASU Alumni '97 🌹 Not humorless. Personal account. I'd prefer to make the world a better place, and you?"", ""statusesCount"": 68352, ""url"": ""https://x.com/RushmoreExt23"", ""username"": ""RushmoreExt23"", ""verified"": false}"
396,259325103,1282525912039215104,e5421ef2b751488bd684e8f3,7866a9300d75fac8bd59592f07396208,38,2026-10-08T15:02:13+00:00,ONU_fr,Nations Unies (ONU),"Compte officiel des Nations Unies. 
Paix, dignité et égalité sur une planète saine.",,581178,1399,41193,0,0,"{""_type"": ""snscrape.modules.twitter.User"", ""blue"": false, ""blueType"": ""Government"", ""created"": ""2011-03-01 16:47:11+00:00"", ""descriptionLinks"": [{""tcourl"": ""https://t.co/Xub33LDEvR"", ""text"": ""un.org/fr/"", ""url"": ""http://www.un.org/fr/""}], ""displayname"": ""Nations Unies (ONU)"", ""favouritesCount"": 1421, ""followersCount"": 581178, ""friendsCount"": 1399, ""id"": 259325103, ""id_str"": ""259325103"", ""listedCount"": 0, ""location"": """", ""mediaCount"": 22713, ""pinnedIds"": [2105387958836875726], ""profileBannerUrl"": ""https://pbs.twimg.com/profile_banners/259325103/1607007911"", ""profileImageUrl"": ""https://pbs.twimg.com/profile_images/2039700115607142400/P8KWRjOe_normal.jpg"", ""protected"": false, ""rawDescription"": ""Compte officiel des Nations Unies. \nPaix, dignité et égalité sur une planète saine."", ""statusesCount"": 41193, ""url"": ""https://x.com/ONU_fr"", ""username"": ""ONU_fr"", ""verified"": false}"
397,1121770951203545093,1282312330945191938,e5421ef2b751488bd684e8f3,7866a9300d75fac8bd59592f07396208,38,2026-10-08T15:02:13+00:00,MithiVita,Vita Vita,"Epidemiology
@ISTAART  Ambassador 2025-2026|@SOToxicology. Science=Revolution. ""Leave no stone unturned."" - Edward Bulwer Lytton",,407,811,8462,0,0,"{""_type"": ""snscrape.modules.twitter.User"", ""blue"": false, ""blueType"": null, ""created"": ""2019-04-26 13:40:11+00:00"", ""descriptionLinks"": [], ""displayname"": ""Vita Vita"", ""favouritesCount"": 7037, ""followersCount"": 407, ""friendsCount"": 811, ""id"": 1121770951203545093, ""id_str"": ""1121770951203545093"", ""listedCount"": 0, ""location"": """", ""mediaCount"": 85, ""pinnedIds"": [], ""profileBannerUrl"": """", ""profileImageUrl"": ""https://pbs.twimg.com/profile_images/2105612565116076032/QnOqE1h9_normal.jpg"", ""protected"": false, ""rawDescription"": ""Epidemiology\n@ISTAART  Ambassador 2025-2026|@SOToxicology. Science=Revolution. \""Leave no stone unturned.\"" - Edward Bulwer Lytton"", ""statusesCount"": 8462, ""url"": ""https://x.com/MithiVita"", ""username"": ""MithiVita"", ""verified"": false}"
398,145600739,1282214756745535493,e5421ef2b751488bd684e8f3,7866a9300d75fac8bd59592f07396208,38,2026-10-08T15:02:13+00:00,Vinayakmprasad,Vinayak Prasad,#Global Health expert . #Customs expert. Tweets are personal and may or may not reflect WHOs position where i am currently employed #tobacco control #WHO,Switzerland,651,825,1668,0,0,"{""_type"": ""snscrape.modules.twitter.User"", ""blue"": false, ""blueType"": null, ""created"": ""2010-05-19 11:03:08+00:00"", ""descriptionLinks"": [], ""displayname"": ""Vinayak Prasad"", ""favouritesCount"": 5651, ""followersCount"": 651, ""friendsCount"": 825, ""id"": 145600739, ""id_str"": ""145600739"", ""listedCount"": 0, ""location"": ""Switzerland"", ""mediaCount"": 49, ""pinnedIds"": [], ""profileBannerUrl"": ""https://pbs.twimg.com/profile_banners/145600739/1509821104"", ""profileImageUrl"": ""https://pbs.twimg.com/profile_images/930524645387853826/Q8HcMWkT_normal.jpg"", ""protected"": false, ""rawDescription"": ""#Global Health expert . #Customs expert. Tweets are personal and may or may not reflect WHOs position where i am currently employed #tobacco control #WHO"", ""statusesCount"": 1668, ""url"": ""https://x.com/Vinayakmprasad"", ""username"": ""Vinayakmprasad"", ""verified"": false}"
399,955925072375701504,1282058081673908227,e5421ef2b751488bd684e8f3,7866a9300d75fac8bd59592f07396208,38,2026-10-08T15:02:13+00:00,ChaunceyGardner,"Charles A. Gardner, PhD","Consultant | Speaker.  Goals:  Reduce smoking-related DEATH; reduce teen nicotine USE.  Both involve change.  To change something, we need to measure it...","New York, NY, USA",14468,4346,134082,0,0,"{""_type"": ""snscrape.modules.twitter.User"", ""blue"": true, ""blueType"": null, ""created"": ""2018-01-23 22:07:52+00:00"", ""descriptionLinks"": [], ""displayname"": ""Charles A. Gardner, PhD"", ""favouritesCount"": 136137, ""followersCount"": 14468, ""friendsCount"": 4346, ""id"": 955925072375701504, ""id_str"": ""955925072375701504"", ""listedCount"": 0, ""location"": ""New York, NY, USA"", ""mediaCount"": 32116, ""pinnedIds"": [2099298986356076888], ""profileBannerUrl"": ""https://pbs.twimg.com/profile_banners/955925072375701504/1526183785"", ""profileImageUrl"": ""https://pbs.twimg.com/profile_images/996919846725210112/jNj0MInc_normal.jpg"", ""protected"": false, ""rawDescription"": ""Consultant | Speaker.  Goals:  Reduce smoking-related DEATH; reduce teen nicotine USE.  Both involve change.  To change something, we need to measure it..."", ""statusesCount"": 134082, ""url"": ""https://x.com/ChaunceyGardner"", ""username"": ""ChaunceyGardner"", ""verified"": false}"
403,2567782003,1282027433873625097,e5421ef2b751488bd684e8f3,7866a9300d75fac8bd59592f07396208,38,2026-10-08T15:02:13+00:00,Vapingit,"VapingIT, SPE, EEI","CDC Certified #Tobacco Control ""Prevention"" Expert.

#Freedom #Choice #HarmReduction #Nicotine #YouDontKnowNicotine #ABillionLives #Caffeine #Grandpalife","#Vaping Where I Am, Ohio",16975,12805,211551,0,0,"{""_type"": ""snscrape.modules.twitter.User"", ""blue"": true, ""blueType"": null, ""created"": ""2014-06-14 20:49:36+00:00"", ""descriptionLinks"": [{""tcourl"": ""https://t.co/9ZKbhSJcJf"", ""text"": ""vapingit.substack.com"", ""url"": ""https://vapingit.substack.com/""}], ""displayname"": ""VapingIT, SPE, EEI"", ""favouritesCount"": 102234, ""followersCount"": 16975, ""friendsCount"": 12805, ""id"": 2567782003, ""id_str"": ""2567782003"", ""listedCount"": 0, ""location"": ""#Vaping Where I Am, Ohio"", ""mediaCount"": 33845, ""pinnedIds"": [2016519462661353631], ""profileBannerUrl"": ""https://pbs.twimg.com/profile_banners/2567782003/1424916037"", ""profileImageUrl"": ""https://pbs.twimg.com/profile_images/1114919834804989955/IkobGtPG_normal.png"", ""protected"": false, ""rawDescription"": ""CDC Certified #Tobacco Control \""Prevention\"" Expert.\n\n#Freedom #Choice #HarmReduction #Nicotine #YouDontKnowNicotine #ABillionLives #Caffeine #Grandpalife"", ""statusesCount"": 211551, ""url"": ""https://x.com/Vapingit"", ""username"": ""Vapingit"", ""verified"": false}"
404,27145245,1282027284610854913,e5421ef2b751488bd684e8f3,7866a9300d75fac8bd59592f07396208,38,2026-10-08T15:02:13+00:00,SeismicPirate,Marc and Bernie,"Multiple business owner, father of three. #harmreduction advocate. Living with the coolest dog, ever. #LLAP","Houghton, MI",2694,1599,29056,0,0,"{""_type"": ""snscrape.modules.twitter.User"", ""blue"": false, ""blueType"": null, ""created"": ""2009-03-28 01:08:26+00:00"", ""descriptionLinks"": [], ""displayname"": ""Marc and Bernie"", ""favouritesCount"": 17627, ""followersCount"": 2694, ""friendsCount"": 1599, ""id"": 27145245, ""id_str"": ""27145245"", ""listedCount"": 0, ""location"": ""Houghton, MI"", ""mediaCount"": 1322, ""pinnedIds"": [], ""profileBannerUrl"": ""https://pbs.twimg.com/profile_banners/27145245/1657736521"", ""profileImageUrl"": ""https://pbs.twimg.com/profile_images/1547285230318395392/YHxALkdx_normal.jpg"", ""protected"": false, ""rawDescription"": ""Multiple business owner, father of three. #harmreduction advocate. Living with the coolest dog, ever. #LLAP"", ""statusesCount"": 29056, ""url"": ""https://x.com/SeismicPirate"", ""username"": ""SeismicPirate"", ""verified"": false}"
407,14499829,1281625190871511040,e5421ef2b751488bd684e8f3,7866a9300d75fac8bd59592f07396208,38,2026-10-08T15:02:13+00:00,WHO,World Health Organization (WHO),"We are the @UN’s health agency working for #HealthForAll
Always check our latest tweets for updated advice/information.","Geneva, Switzerland",12669862,1734,83434,0,0,"{""_type"": ""snscrape.modules.twitter.User"", ""blue"": true, ""blueType"": ""Government"", ""created"": ""2008-04-23 19:56:27+00:00"", ""descriptionLinks"": [{""tcourl"": ""https://t.co/28yN4nSRNK"", ""text"": ""who.int"", ""url"": ""http://www.who.int""}], ""displayname"": ""World Health Organization (WHO)"", ""favouritesCount"": 13974, ""followersCount"": 12669862, ""friendsCount"": 1734, ""id"": 14499829, ""id_str"": ""14499829"", ""listedCount"": 0, ""location"": ""Geneva, Switzerland"", ""mediaCount"": 26313, ""pinnedIds"": [2107852059706114345], ""profileBannerUrl"": ""https://pbs.twimg.com/profile_banners/14499829/1715598334"", ""profileImageUrl"": ""https://pbs.twimg.com/profile_images/1572512818796335105/YF_H68EL_normal.jpg"", ""protected"": false, ""rawDescription"": ""We are the @UN’s health agency working for #HealthForAll\nAlways check our latest tweets for updated advice/information."", ""statusesCount"": 83434, ""url"": ""https://x.com/WHO"", ""username"": ""WHO"", ""verified"": false}"
409,244947103,1281712815145877505,e5421ef2b751488bd684e8f3,7866a9300d75fac8bd59592f07396208,38,2026-10-08T15:02:13+00:00,swimdaily,Derek Yach,#GlobalHealth promotion focused on #NCDs #mentalhealth #AI #Health @WHO @Yale @VitalityUSA @PepsiCo & @CMMB 🏊‍♂️ daily! Psychroloutes.,"Fairfield, CT",3292,2481,9102,0,0,"{""_type"": ""snscrape.modules.twitter.User"", ""blue"": true, ""blueType"": null, ""created"": ""2011-01-30 14:18:14+00:00"", ""descriptionLinks"": [{""tcourl"": ""https://t.co/zYYEq2kS01"", ""text"": ""derekyach.com"", ""url"": ""http://derekyach.com""}], ""displayname"": ""Derek Yach"", ""favouritesCount"": 8262, ""followersCount"": 3292, ""friendsCount"": 2481, ""id"": 244947103, ""id_str"": ""244947103"", ""listedCount"": 0, ""location"": ""Fairfield, CT"", ""mediaCount"": 569, ""pinnedIds"": [], ""profileBannerUrl"": ""https://pbs.twimg.com/profile_banners/244947103/1788465586"", ""profileImageUrl"": ""https://pbs.twimg.com/profile_images/2107217951392718848/kQztrD96_normal.jpg"", ""protected"": false, ""rawDescription"": ""#GlobalHealth promotion focused on #NCDs #mentalhealth #AI #Health @WHO @Yale @VitalityUSA @PepsiCo & @CMMB 🏊‍♂️ daily! Psychroloutes."", ""statusesCount"": 9102, ""url"": ""https://x.com/swimdaily"", ""username"": ""swimdaily"", ""verified"": false}"
411,104277809,1281951382807822351,e5421ef2b751488bd684e8f3,7866a9300d75fac8bd59592f07396208,38,2026-10-08T15:02:13+00:00,UN_News_Centre,UN News,"The United Nations’ official news service.
Breaking news and stories from across the UN and its work around the world.","Manhattan, NY",846676,1349,74051,0,0,"{""_type"": ""snscrape.modules.twitter.User"", ""blue"": false, ""blueType"": ""Government"", ""created"": ""2010-01-12 21:25:52+00:00"", ""descriptionLinks"": [{""tcourl"": ""https://t.co/r2JoWl9PDy"", ""text"": ""news.un.org/en/"", ""url"": ""https://news.un.org/en/""}], ""displayname"": ""UN News"", ""favouritesCount"": 3500, ""followersCount"": 846676, ""friendsCount"": 1349, ""id"": 104277809, ""id_str"": ""104277809"", ""listedCount"": 0, ""location"": ""Manhattan, NY"", ""mediaCount"": 17818, ""pinnedIds"": [], ""profileBannerUrl"": ""https://pbs.twimg.com/profile_banners/104277809/1787754846"", ""profileImageUrl"": ""https://pbs.twimg.com/profile_images/1166788017354432512/SO_UaxYd_normal.jpg"", ""protected"": false, ""rawDescription"": ""The United Nations’ official news service.\nBreaking news and stories from across the UN and its work around the world."", ""statusesCount"": 74051, ""url"": ""https://x.com/UN_News_Centre"", ""username"": ""UN_News_Centre"", ""verified"": false}"
412,258408688,1281839664442351618,e5421ef2b751488bd684e8f3,7866a9300d75fac8bd59592f07396208,38,2026-10-08T15:02:13+00:00,Clive_Bates,Clive Bates,"What's right thing to do? Been with IBM, Greenpeace, ASH, Cabinet Office, Environment Agency, UN in Sudan, Welsh Government, DECC and now my own Counterfactual.","London or Derbyshire, UK",13900,1444,25305,0,0,"{""_type"": ""snscrape.modules.twitter.User"", ""blue"": true, ""blueType"": null, ""created"": ""2011-02-27 17:21:17+00:00"", ""descriptionLinks"": [{""tcourl"": ""https://t.co/UQ8IFavpp9"", ""text"": ""clivebates.substack.com"", ""url"": ""https://clivebates.substack.com/""}], ""displayname"": ""Clive Bates"", ""favouritesCount"": 6817, ""followersCount"": 13900, ""friendsCount"": 1444, ""id"": 258408688, ""id_str"": ""258408688"", ""listedCount"": 0, ""location"": ""London or Derbyshire, UK"", ""mediaCount"": 1624, ""pinnedIds"": [1450085683209584640], ""profileBannerUrl"": ""https://pbs.twimg.com/profile_banners/258408688/1706217132"", ""profileImageUrl"": ""https://pbs.twimg.com/profile_images/510833217004261376/hmWaVTS4_normal.jpeg"", ""protected"": false, ""rawDescription"": ""What's right thing to do? Been with IBM, Greenpeace, ASH, Cabinet Office, Environment Agency, UN in Sudan, Welsh Government, DECC and now my own Counterfactual."", ""statusesCount"": 25305, ""url"": ""https://x.com/Clive_Bates"", ""username"": ""Clive_Bates"", ""verified"": false}"
414,248568868,1281803947875930113,e5421ef2b751488bd684e8f3,7866a9300d75fac8bd59592f07396208,38,2026-10-08T15:02:13+00:00,PeterASinger,"Dr. Peter A Singer, OC","On my 5th career: board member, blogger, skier. Before: Professor of Medicine, co-founder @UTJCB & @gchallenges 🇨🇦, Special Advisor to @WHO Director-General","Vancouver, British Columbia",31296,12492,67356,0,0,"{""_type"": ""snscrape.modules.twitter.User"", ""blue"": true, ""blueType"": null, ""created"": ""2011-02-07 08:25:10+00:00"", ""descriptionLinks"": [{""tcourl"": ""https://t.co/5k3j2Z0M7Y"", ""text"": ""linkedin.com/in/peter-singe…"", ""url"": ""https://www.linkedin.com/in/peter-singer-9413b918""}], ""displayname"": ""Dr. Peter A Singer, OC"", ""favouritesCount"": 62599, ""followersCount"": 31296, ""friendsCount"": 12492, ""id"": 248568868, ""id_str"": ""248568868"", ""listedCount"": 0, ""location"": ""Vancouver, British Columbia"", ""mediaCount"": 7008, ""pinnedIds"": [1919522322412650874], ""profileBannerUrl"": ""https://pbs.twimg.com/profile_banners/248568868/1692286448"", ""profileImageUrl"": ""https://pbs.twimg.com/profile_images/1936978533638705152/8hJ2F_Jt_normal.jpg"", ""protected"": false, ""rawDescription"": ""On my 5th career: board member, blogger, skier. Before: Professor of Medicine, co-founder @UTJCB & @gchallenges 🇨🇦, Special Advisor to @WHO Director-General"", ""statusesCount"": 67356, ""url"": ""https://x.com/PeterASinger"", ""username"": ""PeterASinger"", ""verified"": false}"
415,19331518,1281800641287843842,e5421ef2b751488bd684e8f3,7866a9300d75fac8bd59592f07396208,39,2026-10-08T15:02:24+00:00,KiranRP,Kiran Raj  Pandey,"physician. researcher. CEO @AreteHealthSci.
My book #UpIsTheCurve is available here: https://t.co/PSHatrombd",,290,158,429,0,0,"{""_type"": ""snscrape.modules.twitter.User"", ""blue"": false, ""blueType"": null, ""created"": ""2009-01-22 08:46:16+00:00"", ""descriptionLinks"": [{""tcourl"": ""https://t.co/PSHatrombd"", ""text"": ""tinyurl.com/5ehmwvnn"", ""url"": ""https://tinyurl.com/5ehmwvnn""}, {""tcourl"": ""https://t.co/9KBjozPxV7"", ""text"": ""kiranrajpandey.com"", ""url"": ""http://kiranrajpandey.com""}], ""displayname"": ""Kiran Raj  Pandey"", ""favouritesCount"": 216, ""followersCount"": 290, ""friendsCount"": 158, ""id"": 19331518, ""id_str"": ""19331518"", ""listedCount"": 0, ""location"": """", ""mediaCount"": 4, ""pinnedIds"": [], ""profileBannerUrl"": ""https://pbs.twimg.com/profile_banners/19331518/1578902954"", ""profileImageUrl"": ""https://pbs.twimg.com/profile_images/1572475311908065281/iwLkC7nz_normal.jpg"", ""protected"": false, ""rawDescription"": ""physician. researcher. CEO @AreteHealthSci.\nMy book #UpIsTheCurve is available here: https://t.co/PSHatrombd"", ""statusesCount"": 429, ""url"": ""https://x.com/KiranRP"", ""username"": ""KiranRP"", ""verified"": false}"
416,119981277,1281720553129144320,e5421ef2b751488bd684e8f3,7866a9300d75fac8bd59592f07396208,39,2026-10-08T15:02:24+00:00,NZTEnews,NZTE,We are the New Zealand government agency that helps Kiwi businesses grow internationally. Visit our website to learn more.,New Zealand,18000,1708,13641,0,0,"{""_type"": ""snscrape.modules.twitter.User"", ""blue"": false, ""blueType"": ""Government"", ""created"": ""2010-03-05 03:50:49+00:00"", ""descriptionLinks"": [{""tcourl"": ""https://t.co/ICtYbGLvx3"", ""text"": ""bit.ly/3C4269i"", ""url"": ""https://bit.ly/3C4269i""}], ""displayname"": ""NZTE"", ""favouritesCount"": 7199, ""followersCount"": 18000, ""friendsCount"": 1708, ""id"": 119981277, ""id_str"": ""119981277"", ""listedCount"": 0, ""location"": ""New Zealand"", ""mediaCount"": 5378, ""pinnedIds"": [], ""profileBannerUrl"": ""https://pbs.twimg.com/profile_banners/119981277/1650589925"", ""profileImageUrl"": ""https://pbs.twimg.com/profile_images/876644988985032704/Giga-epE_normal.jpg"", ""protected"": false, ""rawDescription"": ""We are the New Zealand government agency that helps Kiwi businesses grow internationally. Visit our website to learn more."", ""statusesCount"": 13641, ""url"": ""https://x.com/NZTEnews"", ""username"": ""NZTEnews"", ""verified"": false}"
417,796297762283229184,1281618973558071296,e5421ef2b751488bd684e8f3,7866a9300d75fac8bd59592f07396208,39,2026-10-08T15:02:24+00:00,Soulmachines,SoulMachines👥,"Soul Machines™ provides easy-to-use creator tools so anyone can create astonishingly life-like, GPT-enabled Digital People.",Worldwide,5325,1754,1839,0,0,"{""_type"": ""snscrape.modules.twitter.User"", ""blue"": false, ""blueType"": null, ""created"": ""2016-11-09 10:25:55+00:00"", ""descriptionLinks"": [{""tcourl"": ""https://t.co/cv2CVPbcXg"", ""text"": ""soulmachines.com"", ""url"": ""http://www.soulmachines.com""}], ""displayname"": ""SoulMachines👥"", ""favouritesCount"": 3880, ""followersCount"": 5325, ""friendsCount"": 1754, ""id"": 796297762283229184, ""id_str"": ""796297762283229184"", ""listedCount"": 0, ""location"": ""Worldwide"", ""mediaCount"": 546, ""pinnedIds"": [], ""profileBannerUrl"": ""https://pbs.twimg.com/profile_banners/796297762283229184/1739483068"", ""profileImageUrl"": ""https://pbs.twimg.com/profile_images/1890087715850641408/CEm3gjLJ_normal.jpg"", ""protected"": false, ""rawDescription"": ""Soul Machines™ provides easy-to-use creator tools so anyone can create astonishingly life-like, GPT-enabled Digital People."", ""statusesCount"": 1839, ""url"": ""https://x.com/Soulmachines"", ""username"": ""Soulmachines"", ""verified"": false}"
418,244947103,1281712815145877505,e5421ef2b751488bd684e8f3,7866a9300d75fac8bd59592f07396208,39,2026-10-08T15:02:24+00:00,swimdaily,Derek Yach,#GlobalHealth promotion focused on #NCDs #mentalhealth #AI #Health @WHO @Yale @VitalityUSA @PepsiCo & @CMMB 🏊‍♂️ daily! Psychroloutes.,"Fairfield, CT",3292,2481,9102,0,0,"{""_type"": ""snscrape.modules.twitter.User"", ""blue"": true, ""blueType"": null, ""created"": ""2011-01-30 14:18:14+00:00"", ""descriptionLinks"": [{""tcourl"": ""https://t.co/zYYEq2kS01"", ""text"": ""derekyach.com"", ""url"": ""http://derekyach.com""}], ""displayname"": ""Derek Yach"", ""favouritesCount"": 8262, ""followersCount"": 3292, ""friendsCount"": 2481, ""id"": 244947103, ""id_str"": ""244947103"", ""listedCount"": 0, ""location"": ""Fairfield, CT"", ""mediaCount"": 569, ""pinnedIds"": [], ""profileBannerUrl"": ""https://pbs.twimg.com/profile_banners/244947103/1788465586"", ""profileImageUrl"": ""https://pbs.twimg.com/profile_images/2107217951392718848/kQztrD96_normal.jpg"", ""protected"": false, ""rawDescription"": ""#GlobalHealth promotion focused on #NCDs #mentalhealth #AI #Health @WHO @Yale @VitalityUSA @PepsiCo & @CMMB 🏊‍♂️ daily! Psychroloutes."", ""statusesCount"": 9102, ""url"": ""https://x.com/swimdaily"", ""username"": ""swimdaily"", ""verified"": false}"
419,189868631,1281671753627033606,e5421ef2b751488bd684e8f3,7866a9300d75fac8bd59592f07396208,39,2026-10-08T15:02:24+00:00,DrTedros,Tedros Adhanom Ghebreyesus,Director-General of the World Health Organization. Retweets are not endorsements,"Geneva, Switzerland",2039838,1968,42763,0,0,"{""_type"": ""snscrape.modules.twitter.User"", ""blue"": true, ""blueType"": ""Government"", ""created"": ""2010-09-12 13:09:27+00:00"", ""descriptionLinks"": [{""tcourl"": ""https://t.co/xvC98tYvg8"", ""text"": ""who.int"", ""url"": ""http://www.who.int""}], ""displayname"": ""Tedros Adhanom Ghebreyesus"", ""favouritesCount"": 25779, ""followersCount"": 2039838, ""friendsCount"": 1968, ""id"": 189868631, ""id_str"": ""189868631"", ""listedCount"": 0, ""location"": ""Geneva, Switzerland"", ""mediaCount"": 8183, ""pinnedIds"": [], ""profileBannerUrl"": ""https://pbs.twimg.com/profile_banners/189868631/1712514683"", ""profileImageUrl"": ""https://pbs.twimg.com/profile_images/1886494919449034752/xGe4gs5k_normal.jpg"", ""protected"": false, ""rawDescription"": ""Director-General of the World Health Organization. Retweets are not endorsements"", ""statusesCount"": 42763, ""url"": ""https://x.com/DrTedros"", ""username"": ""DrTedros"", ""verified"": false}"
420,1038857368870834181,1281664405877522437,e5421ef2b751488bd684e8f3,7866a9300d75fac8bd59592f07396208,39,2026-10-08T15:02:24+00:00,drcathyegbe,Catherine Egbe,"Chief Specialist Scientist; Mental health, Alcohol, Subst use & Tobacco Research Unit, SAMRC;
A/Prof Sch of Public Health Med, UKZN & UCT
(NB: Tweets are mine)",,653,568,1469,0,0,"{""_type"": ""snscrape.modules.twitter.User"", ""blue"": false, ""blueType"": null, ""created"": ""2018-09-09 18:31:12+00:00"", ""descriptionLinks"": [{""tcourl"": ""https://t.co/GPCKVQWCmG"", ""text"": ""catherineegbe.com"", ""url"": ""http://catherineegbe.com""}], ""displayname"": ""Catherine Egbe"", ""favouritesCount"": 4347, ""followersCount"": 653, ""friendsCount"": 568, ""id"": 1038857368870834181, ""id_str"": ""1038857368870834181"", ""listedCount"": 0, ""location"": """", ""mediaCount"": 120, ""pinnedIds"": [1681593510539952130], ""profileBannerUrl"": ""https://pbs.twimg.com/profile_banners/1038857368870834181/1537010785"", ""profileImageUrl"": ""https://pbs.twimg.com/profile_images/2063916731932786689/8IeMYl5f_normal.jpg"", ""protected"": false, ""rawDescription"": ""Chief Specialist Scientist; Mental health, Alcohol, Subst use & Tobacco Research Unit, SAMRC;\nA/Prof Sch of Public Health Med, UKZN & UCT\n(NB: Tweets are mine)"", ""statusesCount"": 1469, ""url"": ""https://x.com/drcathyegbe"", ""username"": ""drcathyegbe"", ""verified"": false}"
421,737362108397060096,1281581250118123520,e5421ef2b751488bd684e8f3,7866a9300d75fac8bd59592f07396208,39,2026-10-08T15:02:24+00:00,KulikovUNIATF,Dr Alexey Kulikov,"Head of Partnerships and Operations, Deputy Head of Secretariat, @UN Task Force on #NCDs. Support @WHO countries achieve  #health related #SDGs. PhD MPH MD.","Geneva, Switzerland",63344,51762,13075,0,0,"{""_type"": ""snscrape.modules.twitter.User"", ""blue"": true, ""blueType"": null, ""created"": ""2016-05-30 19:16:41+00:00"", ""descriptionLinks"": [], ""displayname"": ""Dr Alexey Kulikov"", ""favouritesCount"": 48689, ""followersCount"": 63344, ""friendsCount"": 51762, ""id"": 737362108397060096, ""id_str"": ""737362108397060096"", ""listedCount"": 0, ""location"": ""Geneva, Switzerland"", ""mediaCount"": 6645, ""pinnedIds"": [], ""profileBannerUrl"": ""https://pbs.twimg.com/profile_banners/737362108397060096/1556271627"", ""profileImageUrl"": ""https://pbs.twimg.com/profile_images/1786303176557121536/fuzbfD6I_normal.jpg"", ""protected"": false, ""rawDescription"": ""Head of Partnerships and Operations, Deputy Head of Secretariat, @UN Task Force on #NCDs. Support @WHO countries achieve  #health related #SDGs. PhD MPH MD."", ""statusesCount"": 13075, ""url"": ""https://x.com/KulikovUNIATF"", ""username"": ""KulikovUNIATF"", ""verified"": false}"
422,945587529482473473,1281631892974993413,e5421ef2b751488bd684e8f3,7866a9300d75fac8bd59592f07396208,39,2026-10-08T15:02:24+00:00,WHOLIBYA,WHO Libya,Official Twitter account of the World Health Organization Libya,,18371,339,3963,0,0,"{""_type"": ""snscrape.modules.twitter.User"", ""blue"": false, ""blueType"": ""Government"", ""created"": ""2017-12-26 09:30:10+00:00"", ""descriptionLinks"": [], ""displayname"": ""WHO Libya"", ""favouritesCount"": 578, ""followersCount"": 18371, ""friendsCount"": 339, ""id"": 945587529482473473, ""id_str"": ""945587529482473473"", ""listedCount"": 0, ""location"": """", ""mediaCount"": 2883, ""pinnedIds"": [], ""profileBannerUrl"": ""https://pbs.twimg.com/profile_banners/945587529482473473/1791121175"", ""profileImageUrl"": ""https://pbs.twimg.com/profile_images/2051783442661023745/h9slTMqX_normal.jpg"", ""protected"": false, ""rawDescription"": ""Official Twitter account of the World Health Organization Libya"", ""statusesCount"": 3963, ""url"": ""https://x.com/WHOLIBYA"", ""username"": ""WHOLIBYA"", ""verified"": false}"
423,259372802,1281618238695243776,e5421ef2b751488bd684e8f3,7866a9300d75fac8bd59592f07396208,39,2026-10-08T15:02:24+00:00,WHOEMRO,WHO Regional Office for the Eastern Mediterranean,Official Twitter account of the World Health Organization Eastern Mediterranean Regional Office. Follow our Regional Director @HananBalkhy.,"Cairo, Egypt",234469,840,39778,0,0,"{""_type"": ""snscrape.modules.twitter.User"", ""blue"": true, ""blueType"": ""Government"", ""created"": ""2011-03-01 19:51:10+00:00"", ""descriptionLinks"": [{""tcourl"": ""https://t.co/UkVSlujvQe"", ""text"": ""emro.who.int"", ""url"": ""http://www.emro.who.int""}], ""displayname"": ""WHO Regional Office for the Eastern Mediterranean"", ""favouritesCount"": 2890, ""followersCount"": 234469, ""friendsCount"": 840, ""id"": 259372802, ""id_str"": ""259372802"", ""listedCount"": 0, ""location"": ""Cairo, Egypt"", ""mediaCount"": 16446, ""pinnedIds"": [], ""profileBannerUrl"": ""https://pbs.twimg.com/profile_banners/259372802/1791272765"", ""profileImageUrl"": ""https://pbs.twimg.com/profile_images/1976188483556237312/XeVb4SlO_normal.jpg"", ""protected"": false, ""rawDescription"": ""Official Twitter account of the World Health Organization Eastern Mediterranean Regional Office. Follow our Regional Director @HananBalkhy."", ""statusesCount"": 39778, ""url"": ""https://x.com/WHOEMRO"", ""username"": ""WHOEMRO"", ""verified"": false}"
424,931668301,1281619236813713408,e5421ef2b751488bd684e8f3,7866a9300d75fac8bd59592f07396208,39,2026-10-08T15:02:24+00:00,WHOJordan,WHO Jordan,The Official Twitter channel of the World Health Organization - Jordan,"Amman, Jordan",22633,89,6745,0,0,"{""_type"": ""snscrape.modules.twitter.User"", ""blue"": false, ""blueType"": ""Government"", ""created"": ""2012-11-07 09:37:40+00:00"", ""descriptionLinks"": [{""tcourl"": ""https://t.co/jNLL8RQaex"", ""text"": ""emro.who.int/countries/jor/"", ""url"": ""http://www.emro.who.int/countries/jor/""}], ""displayname"": ""WHO Jordan"", ""favouritesCount"": 766, ""followersCount"": 22633, ""friendsCount"": 89, ""id"": 931668301, ""id_str"": ""931668301"", ""listedCount"": 0, ""location"": ""Amman, Jordan"", ""mediaCount"": 3941, ""pinnedIds"": [], ""profileBannerUrl"": ""https://pbs.twimg.com/profile_banners/931668301/1791183599"", ""profileImageUrl"": ""https://pbs.twimg.com/profile_images/1658560232409255936/0OS11YK4_normal.jpg"", ""protected"": false, ""rawDescription"": ""The Official Twitter channel of the World Health Organization - Jordan"", ""statusesCount"": 6745, ""url"": ""https://x.com/WHOJordan"", ""username"": ""WHOJordan"", ""verified"": false}"
425,1179874218,1281616660236050438,e5421ef2b751488bd684e8f3,7866a9300d75fac8bd59592f07396208,39,2026-10-08T15:02:24+00:00,HelenMcGuire14,Helen McGuire,Working in partnership to improve access to prevention and care for people living with NCDs.  Views are my own and retweets are not endorsements.,,176,239,184,0,0,"{""_type"": ""snscrape.modules.twitter.User"", ""blue"": false, ""blueType"": null, ""created"": ""2013-02-14 17:53:40+00:00"", ""descriptionLinks"": [], ""displayname"": ""Helen McGuire"", ""favouritesCount"": 200, ""followersCount"": 176, ""friendsCount"": 239, ""id"": 1179874218, ""id_str"": ""1179874218"", ""listedCount"": 0, ""location"": """", ""mediaCount"": 16, ""pinnedIds"": [], ""profileBannerUrl"": """", ""profileImageUrl"": ""https://pbs.twimg.com/profile_images/1258088506926092288/QHtQ_r_a_normal.jpg"", ""protected"": false, ""rawDescription"": ""Working in partnership to improve access to prevention and care for people living with NCDs.  Views are my own and retweets are not endorsements."", ""statusesCount"": 184, ""url"": ""https://x.com/HelenMcGuire14"", ""username"": ""HelenMcGuire14"", ""verified"": false}"
427,45586617,1281614007846273024,e5421ef2b751488bd684e8f3,7866a9300d75fac8bd59592f07396208,39,2026-10-08T15:02:24+00:00,kakape,Kai Kupferschmidt,"@kakape.bsky.social science journalist. molecular biologist. curious. writer at @sciencemagazine part of @pandemiapodcast, all things #blue","Berlin, Germany",132319,1999,23999,0,0,"{""_type"": ""snscrape.modules.twitter.User"", ""blue"": true, ""blueType"": null, ""created"": ""2009-06-08 15:17:36+00:00"", ""descriptionLinks"": [{""tcourl"": ""https://t.co/aQGTOoefTF"", ""text"": ""sciencemag.org/author/kai-kup…"", ""url"": ""https://www.sciencemag.org/author/kai-kupferschmidt""}], ""displayname"": ""Kai Kupferschmidt"", ""favouritesCount"": 9067, ""followersCount"": 132319, ""friendsCount"": 1999, ""id"": 45586617, ""id_str"": ""45586617"", ""listedCount"": 0, ""location"": ""Berlin, Germany"", ""mediaCount"": 1350, ""pinnedIds"": [1851663695887163679], ""profileBannerUrl"": ""https://pbs.twimg.com/profile_banners/45586617/1675979248"", ""profileImageUrl"": ""https://pbs.twimg.com/profile_images/1623801452819894272/vRLQed-z_normal.jpg"", ""protected"": false, ""rawDescription"": ""@kakape.bsky.social science journalist. molecular biologist. curious. writer at @sciencemagazine part of @pandemiapodcast, all things #blue"", ""statusesCount"": 23999, ""url"": ""https://x.com/kakape"", ""username"": ""kakape"", ""verified"": false}"
428,1010988278538014721,1281602434448723969,e5421ef2b751488bd684e8f3,7866a9300d75fac8bd59592f07396208,39,2026-10-08T15:02:24+00:00,pita6620gmailc1,pita6620@gmail.com,vaping saved my life,"Florida, USA",779,610,7078,0,0,"{""_type"": ""snscrape.modules.twitter.User"", ""blue"": false, ""blueType"": null, ""created"": ""2018-06-24 20:49:23+00:00"", ""descriptionLinks"": [], ""displayname"": ""pita6620@gmail.com"", ""favouritesCount"": 70814, ""followersCount"": 779, ""friendsCount"": 610, ""id"": 1010988278538014721, ""id_str"": ""1010988278538014721"", ""listedCount"": 0, ""location"": ""Florida, USA"", ""mediaCount"": 3783, ""pinnedIds"": [], ""profileBannerUrl"": """", ""profileImageUrl"": ""https://pbs.twimg.com/profile_images/1456575083955302400/9rZdK9O__normal.jpg"", ""protected"": false, ""rawDescription"": ""vaping saved my life"", ""statusesCount"": 7078, ""url"": ""https://x.com/pita6620gmailc1"", ""username"": ""pita6620gmailc1"", ""verified"": false}"
429,2567782003,1281583205687197696,e5421ef2b751488bd684e8f3,7866a9300d75fac8bd59592f07396208,39,2026-10-08T15:02:24+00:00,Vapingit,"VapingIT, SPE, EEI","CDC Certified #Tobacco Control ""Prevention"" Expert.

#Freedom #Choice #HarmReduction #Nicotine #YouDontKnowNicotine #ABillionLives #Caffeine #Grandpalife","#Vaping Where I Am, Ohio",16975,12805,211551,0,0,"{""_type"": ""snscrape.modules.twitter.User"", ""blue"": true, ""blueType"": null, ""created"": ""2014-06-14 20:49:36+00:00"", ""descriptionLinks"": [{""tcourl"": ""https://t.co/9ZKbhSJcJf"", ""text"": ""vapingit.substack.com"", ""url"": ""https://vapingit.substack.com/""}], ""displayname"": ""VapingIT, SPE, EEI"", ""favouritesCount"": 102234, ""followersCount"": 16975, ""friendsCount"": 12805, ""id"": 2567782003, ""id_str"": ""2567782003"", ""listedCount"": 0, ""location"": ""#Vaping Where I Am, Ohio"", ""mediaCount"": 33845, ""pinnedIds"": [2016519462661353631], ""profileBannerUrl"": ""https://pbs.twimg.com/profile_banners/2567782003/1424916037"", ""profileImageUrl"": ""https://pbs.twimg.com/profile_images/1114919834804989955/IkobGtPG_normal.png"", ""protected"": false, ""rawDescription"": ""CDC Certified #Tobacco Control \""Prevention\"" Expert.\n\n#Freedom #Choice #HarmReduction #Nicotine #YouDontKnowNicotine #ABillionLives #Caffeine #Grandpalife"", ""statusesCount"": 211551, ""url"": ""https://x.com/Vapingit"", ""username"": ""Vapingit"", ""verified"": false}"
430,2416068013,1281558284277882882,e5421ef2b751488bd684e8f3,7866a9300d75fac8bd59592f07396208,39,2026-10-08T15:02:24+00:00,NZUNGVA,New Zealand Permanent Mission GVA,New Zealand Permanent Mission to the United Nations in Geneva,Geneva,3680,1197,1864,0,0,"{""_type"": ""snscrape.modules.twitter.User"", ""blue"": false, ""blueType"": null, ""created"": ""2014-03-28 15:19:40+00:00"", ""descriptionLinks"": [{""tcourl"": ""https://t.co/zrP2x7utjq"", ""text"": ""nzembassy.com/switzerland"", ""url"": ""http://www.nzembassy.com/switzerland""}], ""displayname"": ""New Zealand Permanent Mission GVA"", ""favouritesCount"": 336, ""followersCount"": 3680, ""friendsCount"": 1197, ""id"": 2416068013, ""id_str"": ""2416068013"", ""listedCount"": 0, ""location"": ""Geneva"", ""mediaCount"": 406, ""pinnedIds"": [1701941087252652138], ""profileBannerUrl"": ""https://pbs.twimg.com/profile_banners/2416068013/1751530518"", ""profileImageUrl"": ""https://pbs.twimg.com/profile_images/1279065533371965440/RJZGUDSF_normal.jpg"", ""protected"": false, ""rawDescription"": ""New Zealand Permanent Mission to the United Nations in Geneva"", ""statusesCount"": 1864, ""url"": ""https://x.com/NZUNGVA"", ""username"": ""NZUNGVA"", ""verified"": false}"
431,115785964,1281544314926108672,e5421ef2b751488bd684e8f3,7866a9300d75fac8bd59592f07396208,39,2026-10-08T15:02:24+00:00,Eunicekkilonzo,Eunice Kilonzo-Muraya 🧡,#Writer | 11 #Awards | #Media @gavi | Health #Journalist | #Storyteller | Past @WHO @safaricomPLC @UNEP @aphrc @nationafrica @Falling_Walls | RT ≠ endorsement.,Switzerland 🇨🇭,8795,9085,17251,0,0,"{""_type"": ""snscrape.modules.twitter.User"", ""blue"": false, ""blueType"": null, ""created"": ""2010-02-19 23:27:01+00:00"", ""descriptionLinks"": [{""tcourl"": ""https://t.co/ndFQ57ehUM"", ""text"": ""linktr.ee/eunicekkilonzo"", ""url"": ""https://linktr.ee/eunicekkilonzo""}], ""displayname"": ""Eunice Kilonzo-Muraya 🧡"", ""favouritesCount"": 22822, ""followersCount"": 8795, ""friendsCount"": 9085, ""id"": 115785964, ""id_str"": ""115785964"", ""listedCount"": 0, ""location"": ""Switzerland 🇨🇭"", ""mediaCount"": 1014, ""pinnedIds"": [1719721042216734934], ""profileBannerUrl"": ""https://pbs.twimg.com/profile_banners/115785964/1685125111"", ""profileImageUrl"": ""https://pbs.twimg.com/profile_images/2102340617988636672/9W1ZC3hs_normal.jpg"", ""protected"": false, ""rawDescription"": ""#Writer | 11 #Awards | #Media @gavi | Health #Journalist | #Storyteller | Past @WHO @safaricomPLC @UNEP @aphrc @nationafrica @Falling_Walls | RT ≠ endorsement."", ""statusesCount"": 17251, ""url"": ""https://x.com/Eunicekkilonzo"", ""username"": ""Eunicekkilonzo"", ""verified"": false}"
432,864974905607045120,1282517580582879235,e5421ef2b751488bd684e8f3,54405317c3ee7ad4004d5ee69916fd17,43,2026-10-08T15:03:19+00:00,AIForumNZ,AI Forum NZ,"The Artificial Intelligence Forum of New Zealand (Te Kāhui Atamai Iahiko o Aotearoa) is here to connect, promote and advance New Zealand's AI ecosystem.",New Zealand,1809,433,2951,0,0,"{""_type"": ""snscrape.modules.twitter.User"", ""blue"": false, ""blueType"": null, ""created"": ""2017-05-17 22:44:22+00:00"", ""descriptionLinks"": [{""tcourl"": ""https://t.co/nZfoKZNDLO"", ""text"": ""aiforum.org.nz"", ""url"": ""http://aiforum.org.nz""}], ""displayname"": ""AI Forum NZ"", ""favouritesCount"": 2267, ""followersCount"": 1809, ""friendsCount"": 433, ""id"": 864974905607045120, ""id_str"": ""864974905607045120"", ""listedCount"": 0, ""location"": ""New Zealand"", ""mediaCount"": 379, ""pinnedIds"": [], ""profileBannerUrl"": ""https://pbs.twimg.com/profile_banners/864974905607045120/1570069535"", ""profileImageUrl"": ""https://pbs.twimg.com/profile_images/1711575630209576960/tSnf-zCG_normal.jpg"", ""protected"": false, ""rawDescription"": ""The Artificial Intelligence Forum of New Zealand (Te Kāhui Atamai Iahiko o Aotearoa) is here to connect, promote and advance New Zealand's AI ecosystem."", ""statusesCount"": 2951, ""url"": ""https://x.com/AIForumNZ"", ""username"": ""AIForumNZ"", ""verified"": false}"
433,1257910808433922048,1282514577389846528,e5421ef2b751488bd684e8f3,54405317c3ee7ad4004d5ee69916fd17,43,2026-10-08T15:03:19+00:00,newsNZcn,环球猎奇🏅,天地奇闻，古今趣谈。♨️,南极洲,162065,85,18241,0,0,"{""_type"": ""snscrape.modules.twitter.User"", ""blue"": true, ""blueType"": null, ""created"": ""2020-05-06 05:51:54+00:00"", ""descriptionLinks"": [], ""displayname"": ""环球猎奇🏅"", ""favouritesCount"": 50271, ""followersCount"": 162065, ""friendsCount"": 85, ""id"": 1257910808433922048, ""id_str"": ""1257910808433922048"", ""listedCount"": 0, ""location"": ""南极洲"", ""mediaCount"": 12907, ""pinnedIds"": [], ""profileBannerUrl"": ""https://pbs.twimg.com/profile_banners/1257910808433922048/1592478374"", ""profileImageUrl"": ""https://pbs.twimg.com/profile_images/1269197501799620609/qG1L0Xrk_normal.jpg"", ""protected"": false, ""rawDescription"": ""天地奇闻，古今趣谈。♨️"", ""statusesCount"": 18241, ""url"": ""https://x.com/newsNZcn"", ""username"": ""newsNZcn"", ""verified"": false}"
434,39352227,1282510060598501376,e5421ef2b751488bd684e8f3,54405317c3ee7ad4004d5ee69916fd17,43,2026-10-08T15:03:19+00:00,NZMorningReport,Morning Report,"RNZ National’s flagship news programme, broadcast weekdays from 6-9am. Breaking news and lively interviews with politicians, newsmakers and commentators.",New Zealand,33784,2067,39548,0,0,"{""_type"": ""snscrape.modules.twitter.User"", ""blue"": false, ""blueType"": null, ""created"": ""2009-05-11 21:52:50+00:00"", ""descriptionLinks"": [{""tcourl"": ""https://t.co/nMYcfDV1uM"", ""text"": ""rnz.co.nz/morningreport"", ""url"": ""http://www.rnz.co.nz/morningreport""}], ""displayname"": ""Morning Report"", ""favouritesCount"": 1941, ""followersCount"": 33784, ""friendsCount"": 2067, ""id"": 39352227, ""id_str"": ""39352227"", ""listedCount"": 0, ""location"": ""New Zealand"", ""mediaCount"": 5175, ""pinnedIds"": [], ""profileBannerUrl"": ""https://pbs.twimg.com/profile_banners/39352227/1681118667"", ""profileImageUrl"": ""https://pbs.twimg.com/profile_images/1645357054029357057/NvbqSJCG_normal.jpg"", ""protected"": false, ""rawDescription"": ""RNZ National’s flagship news programme, broadcast weekdays from 6-9am. Breaking news and lively interviews with politicians, newsmakers and commentators."", ""statusesCount"": 39548, ""url"": ""https://x.com/NZMorningReport"", ""username"": ""NZMorningReport"", ""verified"": false}"
435,145600739,1282214756745535493,e5421ef2b751488bd684e8f3,54405317c3ee7ad4004d5ee69916fd17,43,2026-10-08T15:03:19+00:00,Vinayakmprasad,Vinayak Prasad,#Global Health expert . #Customs expert. Tweets are personal and may or may not reflect WHOs position where i am currently employed #tobacco control #WHO,Switzerland,651,825,1668,0,0,"{""_type"": ""snscrape.modules.twitter.User"", ""blue"": false, ""blueType"": null, ""created"": ""2010-05-19 11:03:08+00:00"", ""descriptionLinks"": [], ""displayname"": ""Vinayak Prasad"", ""favouritesCount"": 5651, ""followersCount"": 651, ""friendsCount"": 825, ""id"": 145600739, ""id_str"": ""145600739"", ""listedCount"": 0, ""location"": ""Switzerland"", ""mediaCount"": 49, ""pinnedIds"": [], ""profileBannerUrl"": ""https://pbs.twimg.com/profile_banners/145600739/1509821104"", ""profileImageUrl"": ""https://pbs.twimg.com/profile_images/930524645387853826/Q8HcMWkT_normal.jpg"", ""protected"": false, ""rawDescription"": ""#Global Health expert . #Customs expert. Tweets are personal and may or may not reflect WHOs position where i am currently employed #tobacco control #WHO"", ""statusesCount"": 1668, ""url"": ""https://x.com/Vinayakmprasad"", ""username"": ""Vinayakmprasad"", ""verified"": false}"
436,104277809,1281951382807822351,e5421ef2b751488bd684e8f3,54405317c3ee7ad4004d5ee69916fd17,43,2026-10-08T15:03:19+00:00,UN_News_Centre,UN News,"The United Nations’ official news service.
Breaking news and stories from across the UN and its work around the world.","Manhattan, NY",846676,1349,74051,0,0,"{""_type"": ""snscrape.modules.twitter.User"", ""blue"": false, ""blueType"": ""Government"", ""created"": ""2010-01-12 21:25:52+00:00"", ""descriptionLinks"": [{""tcourl"": ""https://t.co/r2JoWl9PDy"", ""text"": ""news.un.org/en/"", ""url"": ""https://news.un.org/en/""}], ""displayname"": ""UN News"", ""favouritesCount"": 3500, ""followersCount"": 846676, ""friendsCount"": 1349, ""id"": 104277809, ""id_str"": ""104277809"", ""listedCount"": 0, ""location"": ""Manhattan, NY"", ""mediaCount"": 17818, ""pinnedIds"": [], ""profileBannerUrl"": ""https://pbs.twimg.com/profile_banners/104277809/1787754846"", ""profileImageUrl"": ""https://pbs.twimg.com/profile_images/1166788017354432512/SO_UaxYd_normal.jpg"", ""protected"": false, ""rawDescription"": ""The United Nations’ official news service.\nBreaking news and stories from across the UN and its work around the world."", ""statusesCount"": 74051, ""url"": ""https://x.com/UN_News_Centre"", ""username"": ""UN_News_Centre"", ""verified"": false}"
437,149031580,1281824763233611779,e5421ef2b751488bd684e8f3,54405317c3ee7ad4004d5ee69916fd17,43,2026-10-08T15:03:19+00:00,bzsolangi,Bilal Zafar Solangi,"Journalist,Human rights & Tobacco Control activist. Member @H_R_C_P . JHSPH Alumni. Tweets are my own, retweets ≠ endorsement.","Karachi,Pakistan.",889,2367,17782,0,0,"{""_type"": ""snscrape.modules.twitter.User"", ""blue"": false, ""blueType"": null, ""created"": ""2010-05-28 06:54:19+00:00"", ""descriptionLinks"": [{""tcourl"": ""https://t.co/byKngsr2Sv"", ""text"": ""citynews.com.pk/author/bilal-z…"", ""url"": ""http://citynews.com.pk/author/bilal-zafar-solangi/""}], ""displayname"": ""Bilal Zafar Solangi"", ""favouritesCount"": 16475, ""followersCount"": 889, ""friendsCount"": 2367, ""id"": 149031580, ""id_str"": ""149031580"", ""listedCount"": 0, ""location"": ""Karachi,Pakistan."", ""mediaCount"": 1750, ""pinnedIds"": [], ""profileBannerUrl"": ""https://pbs.twimg.com/profile_banners/149031580/1550781938"", ""profileImageUrl"": ""https://pbs.twimg.com/profile_images/1540209458416128000/NPtK78Vs_normal.jpg"", ""protected"": false, ""rawDescription"": ""Journalist,Human rights & Tobacco Control activist. Member @H_R_C_P . JHSPH Alumni. Tweets are my own, retweets ≠ endorsement."", ""statusesCount"": 17782, ""url"": ""https://x.com/bzsolangi"", ""username"": ""bzsolangi"", ""verified"": false}"
438,14499829,1281625190871511040,e5421ef2b751488bd684e8f3,54405317c3ee7ad4004d5ee69916fd17,43,2026-10-08T15:03:19+00:00,WHO,World Health Organization (WHO),"We are the @UN’s health agency working for #HealthForAll
Always check our latest tweets for updated advice/information.","Geneva, Switzerland",12669862,1734,83434,0,0,"{""_type"": ""snscrape.modules.twitter.User"", ""blue"": true, ""blueType"": ""Government"", ""created"": ""2008-04-23 19:56:27+00:00"", ""descriptionLinks"": [{""tcourl"": ""https://t.co/28yN4nSRNK"", ""text"": ""who.int"", ""url"": ""http://www.who.int""}], ""displayname"": ""World Health Organization (WHO)"", ""favouritesCount"": 13974, ""followersCount"": 12669862, ""friendsCount"": 1734, ""id"": 14499829, ""id_str"": ""14499829"", ""listedCount"": 0, ""location"": ""Geneva, Switzerland"", ""mediaCount"": 26313, ""pinnedIds"": [2107852059706114345], ""profileBannerUrl"": ""https://pbs.twimg.com/profile_banners/14499829/1715598334"", ""profileImageUrl"": ""https://pbs.twimg.com/profile_images/1572512818796335105/YF_H68EL_normal.jpg"", ""protected"": false, ""rawDescription"": ""We are the @UN’s health agency working for #HealthForAll\nAlways check our latest tweets for updated advice/information."", ""statusesCount"": 83434, ""url"": ""https://x.com/WHO"", ""username"": ""WHO"", ""verified"": false}"
440,119981277,1281720553129144320,e5421ef2b751488bd684e8f3,54405317c3ee7ad4004d5ee69916fd17,43,2026-10-08T15:03:19+00:00,NZTEnews,NZTE,We are the New Zealand government agency that helps Kiwi businesses grow internationally. Visit our website to learn more.,New Zealand,18000,1708,13641,0,0,"{""_type"": ""snscrape.modules.twitter.User"", ""blue"": false, ""blueType"": ""Government"", ""created"": ""2010-03-05 03:50:49+00:00"", ""descriptionLinks"": [{""tcourl"": ""https://t.co/ICtYbGLvx3"", ""text"": ""bit.ly/3C4269i"", ""url"": ""https://bit.ly/3C4269i""}], ""displayname"": ""NZTE"", ""favouritesCount"": 7199, ""followersCount"": 18000, ""friendsCount"": 1708, ""id"": 119981277, ""id_str"": ""119981277"", ""listedCount"": 0, ""location"": ""New Zealand"", ""mediaCount"": 5378, ""pinnedIds"": [], ""profileBannerUrl"": ""https://pbs.twimg.com/profile_banners/119981277/1650589925"", ""profileImageUrl"": ""https://pbs.twimg.com/profile_images/876644988985032704/Giga-epE_normal.jpg"", ""protected"": false, ""rawDescription"": ""We are the New Zealand government agency that helps Kiwi businesses grow internationally. Visit our website to learn more."", ""statusesCount"": 13641, ""url"": ""https://x.com/NZTEnews"", ""username"": ""NZTEnews"", ""verified"": false}"
441,796297762283229184,1281618973558071296,e5421ef2b751488bd684e8f3,54405317c3ee7ad4004d5ee69916fd17,43,2026-10-08T15:03:19+00:00,Soulmachines,SoulMachines👥,"Soul Machines™ provides easy-to-use creator tools so anyone can create astonishingly life-like, GPT-enabled Digital People.",Worldwide,5325,1754,1839,0,0,"{""_type"": ""snscrape.modules.twitter.User"", ""blue"": false, ""blueType"": null, ""created"": ""2016-11-09 10:25:55+00:00"", ""descriptionLinks"": [{""tcourl"": ""https://t.co/cv2CVPbcXg"", ""text"": ""soulmachines.com"", ""url"": ""http://www.soulmachines.com""}], ""displayname"": ""SoulMachines👥"", ""favouritesCount"": 3880, ""followersCount"": 5325, ""friendsCount"": 1754, ""id"": 796297762283229184, ""id_str"": ""796297762283229184"", ""listedCount"": 0, ""location"": ""Worldwide"", ""mediaCount"": 546, ""pinnedIds"": [], ""profileBannerUrl"": ""https://pbs.twimg.com/profile_banners/796297762283229184/1739483068"", ""profileImageUrl"": ""https://pbs.twimg.com/profile_images/1890087715850641408/CEm3gjLJ_normal.jpg"", ""protected"": false, ""rawDescription"": ""Soul Machines™ provides easy-to-use creator tools so anyone can create astonishingly life-like, GPT-enabled Digital People."", ""statusesCount"": 1839, ""url"": ""https://x.com/Soulmachines"", ""username"": ""Soulmachines"", ""verified"": false}"
442,390284285,1281682952926240768,e5421ef2b751488bd684e8f3,54405317c3ee7ad4004d5ee69916fd17,43,2026-10-08T15:03:19+00:00,DataInnovation,Center for Data Innovation,The Center for Data Innovation conducts independent research and formulates public policies to enable data-driven innovation in the public and private sector.,"Washington, DC",13783,4194,34886,0,0,"{""_type"": ""snscrape.modules.twitter.User"", ""blue"": true, ""blueType"": null, ""created"": ""2011-10-13 18:59:59+00:00"", ""descriptionLinks"": [{""tcourl"": ""https://t.co/51usnjkL19"", ""text"": ""datainnovation.org"", ""url"": ""http://www.datainnovation.org""}], ""displayname"": ""Center for Data Innovation"", ""favouritesCount"": 1448, ""followersCount"": 13783, ""friendsCount"": 4194, ""id"": 390284285, ""id_str"": ""390284285"", ""listedCount"": 0, ""location"": ""Washington, DC"", ""mediaCount"": 986, ""pinnedIds"": [], ""profileBannerUrl"": ""https://pbs.twimg.com/profile_banners/390284285/1405971838"", ""profileImageUrl"": ""https://pbs.twimg.com/profile_images/1894804102573383680/1k6mFdpG_normal.jpg"", ""protected"": false, ""rawDescription"": ""The Center for Data Innovation conducts independent research and formulates public policies to enable data-driven innovation in the public and private sector."", ""statusesCount"": 34886, ""url"": ""https://x.com/DataInnovation"", ""username"": ""DataInnovation"", ""verified"": false}"
444,189868631,1281671753627033606,e5421ef2b751488bd684e8f3,54405317c3ee7ad4004d5ee69916fd17,43,2026-10-08T15:03:20+00:00,DrTedros,Tedros Adhanom Ghebreyesus,Director-General of the World Health Organization. Retweets are not endorsements,"Geneva, Switzerland",2039838,1968,42763,0,0,"{""_type"": ""snscrape.modules.twitter.User"", ""blue"": true, ""blueType"": ""Government"", ""created"": ""2010-09-12 13:09:27+00:00"", ""descriptionLinks"": [{""tcourl"": ""https://t.co/xvC98tYvg8"", ""text"": ""who.int"", ""url"": ""http://www.who.int""}], ""displayname"": ""Tedros Adhanom Ghebreyesus"", ""favouritesCount"": 25779, ""followersCount"": 2039838, ""friendsCount"": 1968, ""id"": 189868631, ""id_str"": ""189868631"", ""listedCount"": 0, ""location"": ""Geneva, Switzerland"", ""mediaCount"": 8183, ""pinnedIds"": [], ""profileBannerUrl"": ""https://pbs.twimg.com/profile_banners/189868631/1712514683"", ""profileImageUrl"": ""https://pbs.twimg.com/profile_images/1886494919449034752/xGe4gs5k_normal.jpg"", ""protected"": false, ""rawDescription"": ""Director-General of the World Health Organization. Retweets are not endorsements"", ""statusesCount"": 42763, ""url"": ""https://x.com/DrTedros"", ""username"": ""DrTedros"", ""verified"": false}"
446,211583400,1281630667386888199,e5421ef2b751488bd684e8f3,54405317c3ee7ad4004d5ee69916fd17,43,2026-10-08T15:03:20+00:00,chrissyfarr,Christina Farr,"Second Opinion Media CEO writing about the future of healthcare. GP @ Scrub Capital. Host of Lifers. 

Author: The Storyteller's Advantage (Hachette)","Queens, NY",99479,2759,51939,0,0,"{""_type"": ""snscrape.modules.twitter.User"", ""blue"": true, ""blueType"": null, ""created"": ""2010-11-03 17:32:03+00:00"", ""descriptionLinks"": [{""tcourl"": ""https://t.co/PesL1Bnf9p"", ""text"": ""Secondopinion.media"", ""url"": ""http://Secondopinion.media""}], ""displayname"": ""Christina Farr"", ""favouritesCount"": 97752, ""followersCount"": 99479, ""friendsCount"": 2759, ""id"": 211583400, ""id_str"": ""211583400"", ""listedCount"": 0, ""location"": ""Queens, NY"", ""mediaCount"": 1922, ""pinnedIds"": [], ""profileBannerUrl"": ""https://pbs.twimg.com/profile_banners/211583400/1774437082"", ""profileImageUrl"": ""https://pbs.twimg.com/profile_images/1932929345577689088/UR-OTIfm_normal.jpg"", ""protected"": false, ""rawDescription"": ""Second Opinion Media CEO writing about the future of healthcare. GP @ Scrub Capital. Host of Lifers. \n\nAuthor: The Storyteller's Advantage (Hachette)"", ""statusesCount"": 51939, ""url"": ""https://x.com/chrissyfarr"", ""username"": ""chrissyfarr"", ""verified"": false}"
447,1179874218,1281616660236050438,e5421ef2b751488bd684e8f3,54405317c3ee7ad4004d5ee69916fd17,43,2026-10-08T15:03:20+00:00,HelenMcGuire14,Helen McGuire,Working in partnership to improve access to prevention and care for people living with NCDs.  Views are my own and retweets are not endorsements.,,176,239,184,0,0,"{""_type"": ""snscrape.modules.twitter.User"", ""blue"": false, ""blueType"": null, ""created"": ""2013-02-14 17:53:40+00:00"", ""descriptionLinks"": [], ""displayname"": ""Helen McGuire"", ""favouritesCount"": 200, ""followersCount"": 176, ""friendsCount"": 239, ""id"": 1179874218, ""id_str"": ""1179874218"", ""listedCount"": 0, ""location"": """", ""mediaCount"": 16, ""pinnedIds"": [], ""profileBannerUrl"": """", ""profileImageUrl"": ""https://pbs.twimg.com/profile_images/1258088506926092288/QHtQ_r_a_normal.jpg"", ""protected"": false, ""rawDescription"": ""Working in partnership to improve access to prevention and care for people living with NCDs.  Views are my own and retweets are not endorsements."", ""statusesCount"": 184, ""url"": ""https://x.com/HelenMcGuire14"", ""username"": ""HelenMcGuire14"", ""verified"": false}"
448,737362108397060096,1281615883274682368,e5421ef2b751488bd684e8f3,54405317c3ee7ad4004d5ee69916fd17,43,2026-10-08T15:03:20+00:00,KulikovUNIATF,Dr Alexey Kulikov,"Head of Partnerships and Operations, Deputy Head of Secretariat, @UN Task Force on #NCDs. Support @WHO countries achieve  #health related #SDGs. PhD MPH MD.","Geneva, Switzerland",63344,51762,13075,0,0,"{""_type"": ""snscrape.modules.twitter.User"", ""blue"": true, ""blueType"": null, ""created"": ""2016-05-30 19:16:41+00:00"", ""descriptionLinks"": [], ""displayname"": ""Dr Alexey Kulikov"", ""favouritesCount"": 48689, ""followersCount"": 63344, ""friendsCount"": 51762, ""id"": 737362108397060096, ""id_str"": ""737362108397060096"", ""listedCount"": 0, ""location"": ""Geneva, Switzerland"", ""mediaCount"": 6645, ""pinnedIds"": [], ""profileBannerUrl"": ""https://pbs.twimg.com/profile_banners/737362108397060096/1556271627"", ""profileImageUrl"": ""https://pbs.twimg.com/profile_images/1786303176557121536/fuzbfD6I_normal.jpg"", ""protected"": false, ""rawDescription"": ""Head of Partnerships and Operations, Deputy Head of Secretariat, @UN Task Force on #NCDs. Support @WHO countries achieve  #health related #SDGs. PhD MPH MD."", ""statusesCount"": 13075, ""url"": ""https://x.com/KulikovUNIATF"", ""username"": ""KulikovUNIATF"", ""verified"": false}"
449,45586617,1281614007846273024,e5421ef2b751488bd684e8f3,54405317c3ee7ad4004d5ee69916fd17,43,2026-10-08T15:03:20+00:00,kakape,Kai Kupferschmidt,"@kakape.bsky.social science journalist. molecular biologist. curious. writer at @sciencemagazine part of @pandemiapodcast, all things #blue","Berlin, Germany",132319,1999,23999,0,0,"{""_type"": ""snscrape.modules.twitter.User"", ""blue"": true, ""blueType"": null, ""created"": ""2009-06-08 15:17:36+00:00"", ""descriptionLinks"": [{""tcourl"": ""https://t.co/aQGTOoefTF"", ""text"": ""sciencemag.org/author/kai-kup…"", ""url"": ""https://www.sciencemag.org/author/kai-kupferschmidt""}], ""displayname"": ""Kai Kupferschmidt"", ""favouritesCount"": 9067, ""followersCount"": 132319, ""friendsCount"": 1999, ""id"": 45586617, ""id_str"": ""45586617"", ""listedCount"": 0, ""location"": ""Berlin, Germany"", ""mediaCount"": 1350, ""pinnedIds"": [1851663695887163679], ""profileBannerUrl"": ""https://pbs.twimg.com/profile_banners/45586617/1675979248"", ""profileImageUrl"": ""https://pbs.twimg.com/profile_images/1623801452819894272/vRLQed-z_normal.jpg"", ""protected"": false, ""rawDescription"": ""@kakape.bsky.social science journalist. molecular biologist. curious. writer at @sciencemagazine part of @pandemiapodcast, all things #blue"", ""statusesCount"": 23999, ""url"": ""https://x.com/kakape"", ""username"": ""kakape"", ""verified"": false}"
450,3003011065,1284011001579372546,e5421ef2b751488bd684e8f3,74e0623b27fe3ee603bbabd82d87a96f,47,2026-10-08T15:04:08+00:00,NZinIndia,NZ in India,The New Zealand High Commission in New Delhi advances New Zealand's interests in India and Nepal.,New Delhi,6794,440,4799,0,0,"{""_type"": ""snscrape.modules.twitter.User"", ""blue"": false, ""blueType"": null, ""created"": ""2015-01-30 07:20:27+00:00"", ""descriptionLinks"": [{""tcourl"": ""https://t.co/BmvIYR011s"", ""text"": ""facebook.com/newzealandhigh…"", ""url"": ""http://www.facebook.com/newzealandhighcommissionindia""}], ""displayname"": ""NZ in India"", ""favouritesCount"": 801, ""followersCount"": 6794, ""friendsCount"": 440, ""id"": 3003011065, ""id_str"": ""3003011065"", ""listedCount"": 0, ""location"": ""New Delhi"", ""mediaCount"": 1666, ""pinnedIds"": [], ""profileBannerUrl"": ""https://pbs.twimg.com/profile_banners/3003011065/1743570592"", ""profileImageUrl"": ""https://pbs.twimg.com/profile_images/1215179196479066113/si2TjZFc_normal.jpg"", ""protected"": false, ""rawDescription"": ""The New Zealand High Commission in New Delhi advances New Zealand's interests in India and Nepal."", ""statusesCount"": 4799, ""url"": ""https://x.com/NZinIndia"", ""username"": ""NZinIndia"", ""verified"": false}"
451,796297762283229184,1283166028986380290,e5421ef2b751488bd684e8f3,74e0623b27fe3ee603bbabd82d87a96f,47,2026-10-08T15:04:08+00:00,Soulmachines,SoulMachines👥,"Soul Machines™ provides easy-to-use creator tools so anyone can create astonishingly life-like, GPT-enabled Digital People.",Worldwide,5325,1754,1839,0,0,"{""_type"": ""snscrape.modules.twitter.User"", ""blue"": false, ""blueType"": null, ""created"": ""2016-11-09 10:25:55+00:00"", ""descriptionLinks"": [{""tcourl"": ""https://t.co/cv2CVPbcXg"", ""text"": ""soulmachines.com"", ""url"": ""http://www.soulmachines.com""}], ""displayname"": ""SoulMachines👥"", ""favouritesCount"": 3880, ""followersCount"": 5325, ""friendsCount"": 1754, ""id"": 796297762283229184, ""id_str"": ""796297762283229184"", ""listedCount"": 0, ""location"": ""Worldwide"", ""mediaCount"": 546, ""pinnedIds"": [], ""profileBannerUrl"": ""https://pbs.twimg.com/profile_banners/796297762283229184/1739483068"", ""profileImageUrl"": ""https://pbs.twimg.com/profile_images/1890087715850641408/CEm3gjLJ_normal.jpg"", ""protected"": false, ""rawDescription"": ""Soul Machines™ provides easy-to-use creator tools so anyone can create astonishingly life-like, GPT-enabled Digital People."", ""statusesCount"": 1839, ""url"": ""https://x.com/Soulmachines"", ""username"": ""Soulmachines"", ""verified"": false}"
452,248568868,1281803947875930113,e5421ef2b751488bd684e8f3,74e0623b27fe3ee603bbabd82d87a96f,47,2026-10-08T15:04:08+00:00,PeterASinger,"Dr. Peter A Singer, OC","On my 5th career: board member, blogger, skier. Before: Professor of Medicine, co-founder @UTJCB & @gchallenges 🇨🇦, Special Advisor to @WHO Director-General","Vancouver, British Columbia",31296,12492,67356,0,0,"{""_type"": ""snscrape.modules.twitter.User"", ""blue"": true, ""blueType"": null, ""created"": ""2011-02-07 08:25:10+00:00"", ""descriptionLinks"": [{""tcourl"": ""https://t.co/5k3j2Z0M7Y"", ""text"": ""linkedin.com/in/peter-singe…"", ""url"": ""https://www.linkedin.com/in/peter-singer-9413b918""}], ""displayname"": ""Dr. Peter A Singer, OC"", ""favouritesCount"": 62599, ""followersCount"": 31296, ""friendsCount"": 12492, ""id"": 248568868, ""id_str"": ""248568868"", ""listedCount"": 0, ""location"": ""Vancouver, British Columbia"", ""mediaCount"": 7008, ""pinnedIds"": [1919522322412650874], ""profileBannerUrl"": ""https://pbs.twimg.com/profile_banners/248568868/1692286448"", ""profileImageUrl"": ""https://pbs.twimg.com/profile_images/1936978533638705152/8hJ2F_Jt_normal.jpg"", ""protected"": false, ""rawDescription"": ""On my 5th career: board member, blogger, skier. Before: Professor of Medicine, co-founder @UTJCB & @gchallenges 🇨🇦, Special Advisor to @WHO Director-General"", ""statusesCount"": 67356, ""url"": ""https://x.com/PeterASinger"", ""username"": ""PeterASinger"", ""verified"": false}"
453,19331518,1281800641287843842,e5421ef2b751488bd684e8f3,74e0623b27fe3ee603bbabd82d87a96f,47,2026-10-08T15:04:08+00:00,KiranRP,Kiran Raj  Pandey,"physician. researcher. CEO @AreteHealthSci.
My book #UpIsTheCurve is available here: https://t.co/PSHatrombd",,290,158,429,0,0,"{""_type"": ""snscrape.modules.twitter.User"", ""blue"": false, ""blueType"": null, ""created"": ""2009-01-22 08:46:16+00:00"", ""descriptionLinks"": [{""tcourl"": ""https://t.co/PSHatrombd"", ""text"": ""tinyurl.com/5ehmwvnn"", ""url"": ""https://tinyurl.com/5ehmwvnn""}, {""tcourl"": ""https://t.co/9KBjozPxV7"", ""text"": ""kiranrajpandey.com"", ""url"": ""http://kiranrajpandey.com""}], ""displayname"": ""Kiran Raj  Pandey"", ""favouritesCount"": 216, ""followersCount"": 290, ""friendsCount"": 158, ""id"": 19331518, ""id_str"": ""19331518"", ""listedCount"": 0, ""location"": """", ""mediaCount"": 4, ""pinnedIds"": [], ""profileBannerUrl"": ""https://pbs.twimg.com/profile_banners/19331518/1578902954"", ""profileImageUrl"": ""https://pbs.twimg.com/profile_images/1572475311908065281/iwLkC7nz_normal.jpg"", ""protected"": false, ""rawDescription"": ""physician. researcher. CEO @AreteHealthSci.\nMy book #UpIsTheCurve is available here: https://t.co/PSHatrombd"", ""statusesCount"": 429, ""url"": ""https://x.com/KiranRP"", ""username"": ""KiranRP"", ""verified"": false}"
454,1038857368870834181,1281664405877522437,e5421ef2b751488bd684e8f3,74e0623b27fe3ee603bbabd82d87a96f,47,2026-10-08T15:04:08+00:00,drcathyegbe,Catherine Egbe,"Chief Specialist Scientist; Mental health, Alcohol, Subst use & Tobacco Research Unit, SAMRC;
A/Prof Sch of Public Health Med, UKZN & UCT
(NB: Tweets are mine)",,653,568,1469,0,0,"{""_type"": ""snscrape.modules.twitter.User"", ""blue"": false, ""blueType"": null, ""created"": ""2018-09-09 18:31:12+00:00"", ""descriptionLinks"": [{""tcourl"": ""https://t.co/GPCKVQWCmG"", ""text"": ""catherineegbe.com"", ""url"": ""http://catherineegbe.com""}], ""displayname"": ""Catherine Egbe"", ""favouritesCount"": 4347, ""followersCount"": 653, ""friendsCount"": 568, ""id"": 1038857368870834181, ""id_str"": ""1038857368870834181"", ""listedCount"": 0, ""location"": """", ""mediaCount"": 120, ""pinnedIds"": [1681593510539952130], ""profileBannerUrl"": ""https://pbs.twimg.com/profile_banners/1038857368870834181/1537010785"", ""profileImageUrl"": ""https://pbs.twimg.com/profile_images/2063916731932786689/8IeMYl5f_normal.jpg"", ""protected"": false, ""rawDescription"": ""Chief Specialist Scientist; Mental health, Alcohol, Subst use & Tobacco Research Unit, SAMRC;\nA/Prof Sch of Public Health Med, UKZN & UCT\n(NB: Tweets are mine)"", ""statusesCount"": 1469, ""url"": ""https://x.com/drcathyegbe"", ""username"": ""drcathyegbe"", ""verified"": false}"
455,737362108397060096,1281581250118123520,e5421ef2b751488bd684e8f3,74e0623b27fe3ee603bbabd82d87a96f,47,2026-10-08T15:04:08+00:00,KulikovUNIATF,Dr Alexey Kulikov,"Head of Partnerships and Operations, Deputy Head of Secretariat, @UN Task Force on #NCDs. Support @WHO countries achieve  #health related #SDGs. PhD MPH MD.","Geneva, Switzerland",63344,51762,13075,0,0,"{""_type"": ""snscrape.modules.twitter.User"", ""blue"": true, ""blueType"": null, ""created"": ""2016-05-30 19:16:41+00:00"", ""descriptionLinks"": [], ""displayname"": ""Dr Alexey Kulikov"", ""favouritesCount"": 48689, ""followersCount"": 63344, ""friendsCount"": 51762, ""id"": 737362108397060096, ""id_str"": ""737362108397060096"", ""listedCount"": 0, ""location"": ""Geneva, Switzerland"", ""mediaCount"": 6645, ""pinnedIds"": [], ""profileBannerUrl"": ""https://pbs.twimg.com/profile_banners/737362108397060096/1556271627"", ""profileImageUrl"": ""https://pbs.twimg.com/profile_images/1786303176557121536/fuzbfD6I_normal.jpg"", ""protected"": false, ""rawDescription"": ""Head of Partnerships and Operations, Deputy Head of Secretariat, @UN Task Force on #NCDs. Support @WHO countries achieve  #health related #SDGs. PhD MPH MD."", ""statusesCount"": 13075, ""url"": ""https://x.com/KulikovUNIATF"", ""username"": ""KulikovUNIATF"", ""verified"": false}"
456,945587529482473473,1281631892974993413,e5421ef2b751488bd684e8f3,74e0623b27fe3ee603bbabd82d87a96f,47,2026-10-08T15:04:08+00:00,WHOLIBYA,WHO Libya,Official Twitter account of the World Health Organization Libya,,18371,339,3963,0,0,"{""_type"": ""snscrape.modules.twitter.User"", ""blue"": false, ""blueType"": ""Government"", ""created"": ""2017-12-26 09:30:10+00:00"", ""descriptionLinks"": [], ""displayname"": ""WHO Libya"", ""favouritesCount"": 578, ""followersCount"": 18371, ""friendsCount"": 339, ""id"": 945587529482473473, ""id_str"": ""945587529482473473"", ""listedCount"": 0, ""location"": """", ""mediaCount"": 2883, ""pinnedIds"": [], ""profileBannerUrl"": ""https://pbs.twimg.com/profile_banners/945587529482473473/1791121175"", ""profileImageUrl"": ""https://pbs.twimg.com/profile_images/2051783442661023745/h9slTMqX_normal.jpg"", ""protected"": false, ""rawDescription"": ""Official Twitter account of the World Health Organization Libya"", ""statusesCount"": 3963, ""url"": ""https://x.com/WHOLIBYA"", ""username"": ""WHOLIBYA"", ""verified"": false}"
457,259372802,1281618238695243776,e5421ef2b751488bd684e8f3,74e0623b27fe3ee603bbabd82d87a96f,47,2026-10-08T15:04:08+00:00,WHOEMRO,WHO Regional Office for the Eastern Mediterranean,Official Twitter account of the World Health Organization Eastern Mediterranean Regional Office. Follow our Regional Director @HananBalkhy.,"Cairo, Egypt",234469,840,39778,0,0,"{""_type"": ""snscrape.modules.twitter.User"", ""blue"": true, ""blueType"": ""Government"", ""created"": ""2011-03-01 19:51:10+00:00"", ""descriptionLinks"": [{""tcourl"": ""https://t.co/UkVSlujvQe"", ""text"": ""emro.who.int"", ""url"": ""http://www.emro.who.int""}], ""displayname"": ""WHO Regional Office for the Eastern Mediterranean"", ""favouritesCount"": 2890, ""followersCount"": 234469, ""friendsCount"": 840, ""id"": 259372802, ""id_str"": ""259372802"", ""listedCount"": 0, ""location"": ""Cairo, Egypt"", ""mediaCount"": 16446, ""pinnedIds"": [], ""profileBannerUrl"": ""https://pbs.twimg.com/profile_banners/259372802/1791272765"", ""profileImageUrl"": ""https://pbs.twimg.com/profile_images/1976188483556237312/XeVb4SlO_normal.jpg"", ""protected"": false, ""rawDescription"": ""Official Twitter account of the World Health Organization Eastern Mediterranean Regional Office. Follow our Regional Director @HananBalkhy."", ""statusesCount"": 39778, ""url"": ""https://x.com/WHOEMRO"", ""username"": ""WHOEMRO"", ""verified"": false}"
458,931668301,1281619236813713408,e5421ef2b751488bd684e8f3,74e0623b27fe3ee603bbabd82d87a96f,47,2026-10-08T15:04:08+00:00,WHOJordan,WHO Jordan,The Official Twitter channel of the World Health Organization - Jordan,"Amman, Jordan",22633,89,6745,0,0,"{""_type"": ""snscrape.modules.twitter.User"", ""blue"": false, ""blueType"": ""Government"", ""created"": ""2012-11-07 09:37:40+00:00"", ""descriptionLinks"": [{""tcourl"": ""https://t.co/jNLL8RQaex"", ""text"": ""emro.who.int/countries/jor/"", ""url"": ""http://www.emro.who.int/countries/jor/""}], ""displayname"": ""WHO Jordan"", ""favouritesCount"": 766, ""followersCount"": 22633, ""friendsCount"": 89, ""id"": 931668301, ""id_str"": ""931668301"", ""listedCount"": 0, ""location"": ""Amman, Jordan"", ""mediaCount"": 3941, ""pinnedIds"": [], ""profileBannerUrl"": ""https://pbs.twimg.com/profile_banners/931668301/1791183599"", ""profileImageUrl"": ""https://pbs.twimg.com/profile_images/1658560232409255936/0OS11YK4_normal.jpg"", ""protected"": false, ""rawDescription"": ""The Official Twitter channel of the World Health Organization - Jordan"", ""statusesCount"": 6745, ""url"": ""https://x.com/WHOJordan"", ""username"": ""WHOJordan"", ""verified"": false}"
459,2416068013,1281558284277882882,e5421ef2b751488bd684e8f3,74e0623b27fe3ee603bbabd82d87a96f,47,2026-10-08T15:04:08+00:00,NZUNGVA,New Zealand Permanent Mission GVA,New Zealand Permanent Mission to the United Nations in Geneva,Geneva,3680,1197,1864,0,0,"{""_type"": ""snscrape.modules.twitter.User"", ""blue"": false, ""blueType"": null, ""created"": ""2014-03-28 15:19:40+00:00"", ""descriptionLinks"": [{""tcourl"": ""https://t.co/zrP2x7utjq"", ""text"": ""nzembassy.com/switzerland"", ""url"": ""http://www.nzembassy.com/switzerland""}], ""displayname"": ""New Zealand Permanent Mission GVA"", ""favouritesCount"": 336, ""followersCount"": 3680, ""friendsCount"": 1197, ""id"": 2416068013, ""id_str"": ""2416068013"", ""listedCount"": 0, ""location"": ""Geneva"", ""mediaCount"": 406, ""pinnedIds"": [1701941087252652138], ""profileBannerUrl"": ""https://pbs.twimg.com/profile_banners/2416068013/1751530518"", ""profileImageUrl"": ""https://pbs.twimg.com/profile_images/1279065533371965440/RJZGUDSF_normal.jpg"", ""protected"": false, ""rawDescription"": ""New Zealand Permanent Mission to the United Nations in Geneva"", ""statusesCount"": 1864, ""url"": ""https://x.com/NZUNGVA"", ""username"": ""NZUNGVA"", ""verified"": false}"
460,115785964,1281544314926108672,e5421ef2b751488bd684e8f3,74e0623b27fe3ee603bbabd82d87a96f,47,2026-10-08T15:04:08+00:00,Eunicekkilonzo,Eunice Kilonzo-Muraya 🧡,#Writer | 11 #Awards | #Media @gavi | Health #Journalist | #Storyteller | Past @WHO @safaricomPLC @UNEP @aphrc @nationafrica @Falling_Walls | RT ≠ endorsement.,Switzerland 🇨🇭,8795,9085,17251,0,0,"{""_type"": ""snscrape.modules.twitter.User"", ""blue"": false, ""blueType"": null, ""created"": ""2010-02-19 23:27:01+00:00"", ""descriptionLinks"": [{""tcourl"": ""https://t.co/ndFQ57ehUM"", ""text"": ""linktr.ee/eunicekkilonzo"", ""url"": ""https://linktr.ee/eunicekkilonzo""}], ""displayname"": ""Eunice Kilonzo-Muraya 🧡"", ""favouritesCount"": 22822, ""followersCount"": 8795, ""friendsCount"": 9085, ""id"": 115785964, ""id_str"": ""115785964"", ""listedCount"": 0, ""location"": ""Switzerland 🇨🇭"", ""mediaCount"": 1014, ""pinnedIds"": [1719721042216734934], ""profileBannerUrl"": ""https://pbs.twimg.com/profile_banners/115785964/1685125111"", ""profileImageUrl"": ""https://pbs.twimg.com/profile_images/2102340617988636672/9W1ZC3hs_normal.jpg"", ""protected"": false, ""rawDescription"": ""#Writer | 11 #Awards | #Media @gavi | Health #Journalist | #Storyteller | Past @WHO @safaricomPLC @UNEP @aphrc @nationafrica @Falling_Walls | RT ≠ endorsement."", ""statusesCount"": 17251, ""url"": ""https://x.com/Eunicekkilonzo"", ""username"": ""Eunicekkilonzo"", ""verified"": false}"
461,737362108397060096,1283673698902450177,e5421ef2b751488bd684e8f3,6f8644495fa63d66f32c89c6b710ea6d,57,2026-10-08T15:09:39+00:00,KulikovUNIATF,Dr Alexey Kulikov,"Head of Partnerships and Operations, Deputy Head of Secretariat, @UN Task Force on #NCDs. Support @WHO countries achieve  #health related #SDGs. PhD MPH MD.","Geneva, Switzerland",63344,51762,13075,0,0,"{""_type"": ""snscrape.modules.twitter.User"", ""blue"": true, ""blueType"": null, ""created"": ""2016-05-30 19:16:41+00:00"", ""descriptionLinks"": [], ""displayname"": ""Dr Alexey Kulikov"", ""favouritesCount"": 48689, ""followersCount"": 63344, ""friendsCount"": 51762, ""id"": 737362108397060096, ""id_str"": ""737362108397060096"", ""listedCount"": 0, ""location"": ""Geneva, Switzerland"", ""mediaCount"": 6645, ""pinnedIds"": [], ""profileBannerUrl"": ""https://pbs.twimg.com/profile_banners/737362108397060096/1556271627"", ""profileImageUrl"": ""https://pbs.twimg.com/profile_images/1786303176557121536/fuzbfD6I_normal.jpg"", ""protected"": false, ""rawDescription"": ""Head of Partnerships and Operations, Deputy Head of Secretariat, @UN Task Force on #NCDs. Support @WHO countries achieve  #health related #SDGs. PhD MPH MD."", ""statusesCount"": 13075, ""url"": ""https://x.com/KulikovUNIATF"", ""username"": ""KulikovUNIATF"", ""verified"": false}"
463,864974905607045120,1282517580582879235,e5421ef2b751488bd684e8f3,6f8644495fa63d66f32c89c6b710ea6d,57,2026-10-08T15:09:39+00:00,AIForumNZ,AI Forum NZ,"The Artificial Intelligence Forum of New Zealand (Te Kāhui Atamai Iahiko o Aotearoa) is here to connect, promote and advance New Zealand's AI ecosystem.",New Zealand,1809,433,2951,0,0,"{""_type"": ""snscrape.modules.twitter.User"", ""blue"": false, ""blueType"": null, ""created"": ""2017-05-17 22:44:22+00:00"", ""descriptionLinks"": [{""tcourl"": ""https://t.co/nZfoKZNDLO"", ""text"": ""aiforum.org.nz"", ""url"": ""http://aiforum.org.nz""}], ""displayname"": ""AI Forum NZ"", ""favouritesCount"": 2267, ""followersCount"": 1809, ""friendsCount"": 433, ""id"": 864974905607045120, ""id_str"": ""864974905607045120"", ""listedCount"": 0, ""location"": ""New Zealand"", ""mediaCount"": 379, ""pinnedIds"": [], ""profileBannerUrl"": ""https://pbs.twimg.com/profile_banners/864974905607045120/1570069535"", ""profileImageUrl"": ""https://pbs.twimg.com/profile_images/1711575630209576960/tSnf-zCG_normal.jpg"", ""protected"": false, ""rawDescription"": ""The Artificial Intelligence Forum of New Zealand (Te Kāhui Atamai Iahiko o Aotearoa) is here to connect, promote and advance New Zealand's AI ecosystem."", ""statusesCount"": 2951, ""url"": ""https://x.com/AIForumNZ"", ""username"": ""AIForumNZ"", ""verified"": false}"
464,118864905,1281631169994530818,e5421ef2b751488bd684e8f3,6f8644495fa63d66f32c89c6b710ea6d,57,2026-10-08T15:09:39+00:00,VTVcanal8,VTV CANAL 8,"Somos Venezolana de Televisión, 24 horas en vivo 📺
Síguenos en todas nuestras redes sociales y mantente informado del acontecer diario nacional e internacional",Venezuela,1949685,445,1388836,0,0,"{""_type"": ""snscrape.modules.twitter.User"", ""blue"": true, ""blueType"": null, ""created"": ""2010-03-01 23:44:14+00:00"", ""descriptionLinks"": [{""tcourl"": ""https://t.co/Q1npNhHGOq"", ""text"": ""linktr.ee/rrssvtvcanal8"", ""url"": ""https://linktr.ee/rrssvtvcanal8""}], ""displayname"": ""VTV CANAL 8"", ""favouritesCount"": 6301, ""followersCount"": 1949685, ""friendsCount"": 445, ""id"": 118864905, ""id_str"": ""118864905"", ""listedCount"": 0, ""location"": ""Venezuela"", ""mediaCount"": 937679, ""pinnedIds"": [], ""profileBannerUrl"": ""https://pbs.twimg.com/profile_banners/118864905/1768779198"", ""profileImageUrl"": ""https://pbs.twimg.com/profile_images/2095258911477817344/ptu-EvU1_normal.jpg"", ""protected"": false, ""rawDescription"": ""Somos Venezolana de Televisión, 24 horas en vivo 📺\nSíguenos en todas nuestras redes sociales y mantente informado del acontecer diario nacional e internacional"", ""statusesCount"": 1388836, ""url"": ""https://x.com/VTVcanal8"", ""username"": ""VTVcanal8"", ""verified"": false}"
465,211583400,1281630667386888199,e5421ef2b751488bd684e8f3,6f8644495fa63d66f32c89c6b710ea6d,57,2026-10-08T15:09:39+00:00,chrissyfarr,Christina Farr,"Second Opinion Media CEO writing about the future of healthcare. GP @ Scrub Capital. Host of Lifers. 

Author: The Storyteller's Advantage (Hachette)","Queens, NY",99479,2759,51939,0,0,"{""_type"": ""snscrape.modules.twitter.User"", ""blue"": true, ""blueType"": null, ""created"": ""2010-11-03 17:32:03+00:00"", ""descriptionLinks"": [{""tcourl"": ""https://t.co/PesL1Bnf9p"", ""text"": ""Secondopinion.media"", ""url"": ""http://Secondopinion.media""}], ""displayname"": ""Christina Farr"", ""favouritesCount"": 97752, ""followersCount"": 99479, ""friendsCount"": 2759, ""id"": 211583400, ""id_str"": ""211583400"", ""listedCount"": 0, ""location"": ""Queens, NY"", ""mediaCount"": 1922, ""pinnedIds"": [], ""profileBannerUrl"": ""https://pbs.twimg.com/profile_banners/211583400/1774437082"", ""profileImageUrl"": ""https://pbs.twimg.com/profile_images/1932929345577689088/UR-OTIfm_normal.jpg"", ""protected"": false, ""rawDescription"": ""Second Opinion Media CEO writing about the future of healthcare. GP @ Scrub Capital. Host of Lifers. \n\nAuthor: The Storyteller's Advantage (Hachette)"", ""statusesCount"": 51939, ""url"": ""https://x.com/chrissyfarr"", ""username"": ""chrissyfarr"", ""verified"": false}"
466,14499829,1281614804797489152,e5421ef2b751488bd684e8f3,6f8644495fa63d66f32c89c6b710ea6d,57,2026-10-08T15:09:39+00:00,WHO,World Health Organization (WHO),"We are the @UN’s health agency working for #HealthForAll
Always check our latest tweets for updated advice/information.","Geneva, Switzerland",12669871,1734,83434,0,0,"{""_type"": ""snscrape.modules.twitter.User"", ""blue"": true, ""blueType"": ""Government"", ""created"": ""2008-04-23 19:56:27+00:00"", ""descriptionLinks"": [{""tcourl"": ""https://t.co/28yN4nSRNK"", ""text"": ""who.int"", ""url"": ""http://www.who.int""}], ""displayname"": ""World Health Organization (WHO)"", ""favouritesCount"": 13974, ""followersCount"": 12669871, ""friendsCount"": 1734, ""id"": 14499829, ""id_str"": ""14499829"", ""listedCount"": 0, ""location"": ""Geneva, Switzerland"", ""mediaCount"": 26313, ""pinnedIds"": [2107852059706114345], ""profileBannerUrl"": ""https://pbs.twimg.com/profile_banners/14499829/1715598334"", ""profileImageUrl"": ""https://pbs.twimg.com/profile_images/1572512818796335105/YF_H68EL_normal.jpg"", ""protected"": false, ""rawDescription"": ""We are the @UN’s health agency working for #HealthForAll\nAlways check our latest tweets for updated advice/information."", ""statusesCount"": 83434, ""url"": ""https://x.com/WHO"", ""username"": ""WHO"", ""verified"": false}"
467,796297762283229184,1283166028986380290,e5421ef2b751488bd684e8f3,8a6acbea22706b5e223725250cc84528,61,2026-10-08T15:10:25+00:00,Soulmachines,SoulMachines👥,"Soul Machines™ provides easy-to-use creator tools so anyone can create astonishingly life-like, GPT-enabled Digital People.",Worldwide,5325,1754,1839,0,0,"{""_type"": ""snscrape.modules.twitter.User"", ""blue"": false, ""blueType"": null, ""created"": ""2016-11-09 10:25:55+00:00"", ""descriptionLinks"": [{""tcourl"": ""https://t.co/cv2CVPbcXg"", ""text"": ""soulmachines.com"", ""url"": ""http://www.soulmachines.com""}], ""displayname"": ""SoulMachines👥"", ""favouritesCount"": 3880, ""followersCount"": 5325, ""friendsCount"": 1754, ""id"": 796297762283229184, ""id_str"": ""796297762283229184"", ""listedCount"": 0, ""location"": ""Worldwide"", ""mediaCount"": 546, ""pinnedIds"": [], ""profileBannerUrl"": ""https://pbs.twimg.com/profile_banners/796297762283229184/1739483068"", ""profileImageUrl"": ""https://pbs.twimg.com/profile_images/1890087715850641408/CEm3gjLJ_normal.jpg"", ""protected"": false, ""rawDescription"": ""Soul Machines™ provides easy-to-use creator tools so anyone can create astonishingly life-like, GPT-enabled Digital People."", ""statusesCount"": 1839, ""url"": ""https://x.com/Soulmachines"", ""username"": ""Soulmachines"", ""verified"": false}"
468,864974905607045120,1282517580582879235,e5421ef2b751488bd684e8f3,8a6acbea22706b5e223725250cc84528,61,2026-10-08T15:10:25+00:00,AIForumNZ,AI Forum NZ,"The Artificial Intelligence Forum of New Zealand (Te Kāhui Atamai Iahiko o Aotearoa) is here to connect, promote and advance New Zealand's AI ecosystem.",New Zealand,1809,433,2951,0,0,"{""_type"": ""snscrape.modules.twitter.User"", ""blue"": false, ""blueType"": null, ""created"": ""2017-05-17 22:44:22+00:00"", ""descriptionLinks"": [{""tcourl"": ""https://t.co/nZfoKZNDLO"", ""text"": ""aiforum.org.nz"", ""url"": ""http://aiforum.org.nz""}], ""displayname"": ""AI Forum NZ"", ""favouritesCount"": 2267, ""followersCount"": 1809, ""friendsCount"": 433, ""id"": 864974905607045120, ""id_str"": ""864974905607045120"", ""listedCount"": 0, ""location"": ""New Zealand"", ""mediaCount"": 379, ""pinnedIds"": [], ""profileBannerUrl"": ""https://pbs.twimg.com/profile_banners/864974905607045120/1570069535"", ""profileImageUrl"": ""https://pbs.twimg.com/profile_images/1711575630209576960/tSnf-zCG_normal.jpg"", ""protected"": false, ""rawDescription"": ""The Artificial Intelligence Forum of New Zealand (Te Kāhui Atamai Iahiko o Aotearoa) is here to connect, promote and advance New Zealand's AI ecosystem."", ""statusesCount"": 2951, ""url"": ""https://x.com/AIForumNZ"", ""username"": ""AIForumNZ"", ""verified"": false}"
469,145600739,1282214756745535493,e5421ef2b751488bd684e8f3,8a6acbea22706b5e223725250cc84528,61,2026-10-08T15:10:25+00:00,Vinayakmprasad,Vinayak Prasad,#Global Health expert . #Customs expert. Tweets are personal and may or may not reflect WHOs position where i am currently employed #tobacco control #WHO,Switzerland,651,825,1668,0,0,"{""_type"": ""snscrape.modules.twitter.User"", ""blue"": false, ""blueType"": null, ""created"": ""2010-05-19 11:03:08+00:00"", ""descriptionLinks"": [], ""displayname"": ""Vinayak Prasad"", ""favouritesCount"": 5651, ""followersCount"": 651, ""friendsCount"": 825, ""id"": 145600739, ""id_str"": ""145600739"", ""listedCount"": 0, ""location"": ""Switzerland"", ""mediaCount"": 49, ""pinnedIds"": [], ""profileBannerUrl"": ""https://pbs.twimg.com/profile_banners/145600739/1509821104"", ""profileImageUrl"": ""https://pbs.twimg.com/profile_images/930524645387853826/Q8HcMWkT_normal.jpg"", ""protected"": false, ""rawDescription"": ""#Global Health expert . #Customs expert. Tweets are personal and may or may not reflect WHOs position where i am currently employed #tobacco control #WHO"", ""statusesCount"": 1668, ""url"": ""https://x.com/Vinayakmprasad"", ""username"": ""Vinayakmprasad"", ""verified"": false}"
470,1164242702415699968,1282022089482887170,e5421ef2b751488bd684e8f3,8a6acbea22706b5e223725250cc84528,61,2026-10-08T15:10:25+00:00,bodhicat54,Cherry Lai,"An advocate for unconditional loving-kindness, compassion & empathy","Irvine, CA",637,1323,10808,0,0,"{""_type"": ""snscrape.modules.twitter.User"", ""blue"": false, ""blueType"": null, ""created"": ""2019-08-21 18:28:30+00:00"", ""descriptionLinks"": [], ""displayname"": ""Cherry Lai"", ""favouritesCount"": 19354, ""followersCount"": 637, ""friendsCount"": 1323, ""id"": 1164242702415699968, ""id_str"": ""1164242702415699968"", ""listedCount"": 0, ""location"": ""Irvine, CA"", ""mediaCount"": 203, ""pinnedIds"": [], ""profileBannerUrl"": ""https://pbs.twimg.com/profile_banners/1164242702415699968/1567524106"", ""profileImageUrl"": ""https://pbs.twimg.com/profile_images/1259199025829392384/Wns51LGe_normal.jpg"", ""protected"": false, ""rawDescription"": ""An advocate for unconditional loving-kindness, compassion & empathy"", ""statusesCount"": 10808, ""url"": ""https://x.com/bodhicat54"", ""username"": ""bodhicat54"", ""verified"": false}"
471,955925072375701504,1282019527354724354,e5421ef2b751488bd684e8f3,8a6acbea22706b5e223725250cc84528,61,2026-10-08T15:10:25+00:00,ChaunceyGardner,"Charles A. Gardner, PhD","Consultant | Speaker.  Goals:  Reduce smoking-related DEATH; reduce teen nicotine USE.  Both involve change.  To change something, we need to measure it...","New York, NY, USA",14468,4346,134083,0,0,"{""_type"": ""snscrape.modules.twitter.User"", ""blue"": true, ""blueType"": null, ""created"": ""2018-01-23 22:07:52+00:00"", ""descriptionLinks"": [], ""displayname"": ""Charles A. Gardner, PhD"", ""favouritesCount"": 136137, ""followersCount"": 14468, ""friendsCount"": 4346, ""id"": 955925072375701504, ""id_str"": ""955925072375701504"", ""listedCount"": 0, ""location"": ""New York, NY, USA"", ""mediaCount"": 32117, ""pinnedIds"": [2099298986356076888], ""profileBannerUrl"": ""https://pbs.twimg.com/profile_banners/955925072375701504/1526183785"", ""profileImageUrl"": ""https://pbs.twimg.com/profile_images/996919846725210112/jNj0MInc_normal.jpg"", ""protected"": false, ""rawDescription"": ""Consultant | Speaker.  Goals:  Reduce smoking-related DEATH; reduce teen nicotine USE.  Both involve change.  To change something, we need to measure it..."", ""statusesCount"": 134083, ""url"": ""https://x.com/ChaunceyGardner"", ""username"": ""ChaunceyGardner"", ""verified"": false}"
472,149031580,1281824763233611779,e5421ef2b751488bd684e8f3,8a6acbea22706b5e223725250cc84528,61,2026-10-08T15:10:25+00:00,bzsolangi,Bilal Zafar Solangi,"Journalist,Human rights & Tobacco Control activist. Member @H_R_C_P . JHSPH Alumni. Tweets are my own, retweets ≠ endorsement.","Karachi,Pakistan.",889,2367,17782,0,0,"{""_type"": ""snscrape.modules.twitter.User"", ""blue"": false, ""blueType"": null, ""created"": ""2010-05-28 06:54:19+00:00"", ""descriptionLinks"": [{""tcourl"": ""https://t.co/byKngsr2Sv"", ""text"": ""citynews.com.pk/author/bilal-z…"", ""url"": ""http://citynews.com.pk/author/bilal-zafar-solangi/""}], ""displayname"": ""Bilal Zafar Solangi"", ""favouritesCount"": 16475, ""followersCount"": 889, ""friendsCount"": 2367, ""id"": 149031580, ""id_str"": ""149031580"", ""listedCount"": 0, ""location"": ""Karachi,Pakistan."", ""mediaCount"": 1750, ""pinnedIds"": [], ""profileBannerUrl"": ""https://pbs.twimg.com/profile_banners/149031580/1550781938"", ""profileImageUrl"": ""https://pbs.twimg.com/profile_images/1540209458416128000/NPtK78Vs_normal.jpg"", ""protected"": false, ""rawDescription"": ""Journalist,Human rights & Tobacco Control activist. Member @H_R_C_P . JHSPH Alumni. Tweets are my own, retweets ≠ endorsement."", ""statusesCount"": 17782, ""url"": ""https://x.com/bzsolangi"", ""username"": ""bzsolangi"", ""verified"": false}"
473,14499829,1281625190871511040,e5421ef2b751488bd684e8f3,8a6acbea22706b5e223725250cc84528,61,2026-10-08T15:10:25+00:00,WHO,World Health Organization (WHO),"We are the @UN’s health agency working for #HealthForAll
Always check our latest tweets for updated advice/information.","Geneva, Switzerland",12669871,1734,83434,0,0,"{""_type"": ""snscrape.modules.twitter.User"", ""blue"": true, ""blueType"": ""Government"", ""created"": ""2008-04-23 19:56:27+00:00"", ""descriptionLinks"": [{""tcourl"": ""https://t.co/28yN4nSRNK"", ""text"": ""who.int"", ""url"": ""http://www.who.int""}], ""displayname"": ""World Health Organization (WHO)"", ""favouritesCount"": 13974, ""followersCount"": 12669871, ""friendsCount"": 1734, ""id"": 14499829, ""id_str"": ""14499829"", ""listedCount"": 0, ""location"": ""Geneva, Switzerland"", ""mediaCount"": 26313, ""pinnedIds"": [2107852059706114345], ""profileBannerUrl"": ""https://pbs.twimg.com/profile_banners/14499829/1715598334"", ""profileImageUrl"": ""https://pbs.twimg.com/profile_images/1572512818796335105/YF_H68EL_normal.jpg"", ""protected"": false, ""rawDescription"": ""We are the @UN’s health agency working for #HealthForAll\nAlways check our latest tweets for updated advice/information."", ""statusesCount"": 83434, ""url"": ""https://x.com/WHO"", ""username"": ""WHO"", ""verified"": false}"
475,19331518,1281800641287843842,e5421ef2b751488bd684e8f3,8a6acbea22706b5e223725250cc84528,61,2026-10-08T15:10:25+00:00,KiranRP,Kiran Raj  Pandey,"physician. researcher. CEO @AreteHealthSci.
My book #UpIsTheCurve is available here: https://t.co/PSHatrombd",,290,158,429,0,0,"{""_type"": ""snscrape.modules.twitter.User"", ""blue"": false, ""blueType"": null, ""created"": ""2009-01-22 08:46:16+00:00"", ""descriptionLinks"": [{""tcourl"": ""https://t.co/PSHatrombd"", ""text"": ""tinyurl.com/5ehmwvnn"", ""url"": ""https://tinyurl.com/5ehmwvnn""}, {""tcourl"": ""https://t.co/9KBjozPxV7"", ""text"": ""kiranrajpandey.com"", ""url"": ""http://kiranrajpandey.com""}], ""displayname"": ""Kiran Raj  Pandey"", ""favouritesCount"": 216, ""followersCount"": 290, ""friendsCount"": 158, ""id"": 19331518, ""id_str"": ""19331518"", ""listedCount"": 0, ""location"": """", ""mediaCount"": 4, ""pinnedIds"": [], ""profileBannerUrl"": ""https://pbs.twimg.com/profile_banners/19331518/1578902954"", ""profileImageUrl"": ""https://pbs.twimg.com/profile_images/1572475311908065281/iwLkC7nz_normal.jpg"", ""protected"": false, ""rawDescription"": ""physician. researcher. CEO @AreteHealthSci.\nMy book #UpIsTheCurve is available here: https://t.co/PSHatrombd"", ""statusesCount"": 429, ""url"": ""https://x.com/KiranRP"", ""username"": ""KiranRP"", ""verified"": false}"
476,119981277,1281720553129144320,e5421ef2b751488bd684e8f3,8a6acbea22706b5e223725250cc84528,61,2026-10-08T15:10:25+00:00,NZTEnews,NZTE,We are the New Zealand government agency that helps Kiwi businesses grow internationally. Visit our website to learn more.,New Zealand,18000,1708,13641,0,0,"{""_type"": ""snscrape.modules.twitter.User"", ""blue"": false, ""blueType"": ""Government"", ""created"": ""2010-03-05 03:50:49+00:00"", ""descriptionLinks"": [{""tcourl"": ""https://t.co/ICtYbGLvx3"", ""text"": ""bit.ly/3C4269i"", ""url"": ""https://bit.ly/3C4269i""}], ""displayname"": ""NZTE"", ""favouritesCount"": 7199, ""followersCount"": 18000, ""friendsCount"": 1708, ""id"": 119981277, ""id_str"": ""119981277"", ""listedCount"": 0, ""location"": ""New Zealand"", ""mediaCount"": 5378, ""pinnedIds"": [], ""profileBannerUrl"": ""https://pbs.twimg.com/profile_banners/119981277/1650589925"", ""profileImageUrl"": ""https://pbs.twimg.com/profile_images/876644988985032704/Giga-epE_normal.jpg"", ""protected"": false, ""rawDescription"": ""We are the New Zealand government agency that helps Kiwi businesses grow internationally. Visit our website to learn more."", ""statusesCount"": 13641, ""url"": ""https://x.com/NZTEnews"", ""username"": ""NZTEnews"", ""verified"": false}"
478,390284285,1281682952926240768,e5421ef2b751488bd684e8f3,8a6acbea22706b5e223725250cc84528,61,2026-10-08T15:10:25+00:00,DataInnovation,Center for Data Innovation,The Center for Data Innovation conducts independent research and formulates public policies to enable data-driven innovation in the public and private sector.,"Washington, DC",13783,4194,34886,0,0,"{""_type"": ""snscrape.modules.twitter.User"", ""blue"": true, ""blueType"": null, ""created"": ""2011-10-13 18:59:59+00:00"", ""descriptionLinks"": [{""tcourl"": ""https://t.co/51usnjkL19"", ""text"": ""datainnovation.org"", ""url"": ""http://www.datainnovation.org""}], ""displayname"": ""Center for Data Innovation"", ""favouritesCount"": 1448, ""followersCount"": 13783, ""friendsCount"": 4194, ""id"": 390284285, ""id_str"": ""390284285"", ""listedCount"": 0, ""location"": ""Washington, DC"", ""mediaCount"": 986, ""pinnedIds"": [], ""profileBannerUrl"": ""https://pbs.twimg.com/profile_banners/390284285/1405971838"", ""profileImageUrl"": ""https://pbs.twimg.com/profile_images/1894804102573383680/1k6mFdpG_normal.jpg"", ""protected"": false, ""rawDescription"": ""The Center for Data Innovation conducts independent research and formulates public policies to enable data-driven innovation in the public and private sector."", ""statusesCount"": 34886, ""url"": ""https://x.com/DataInnovation"", ""username"": ""DataInnovation"", ""verified"": false}"
481,945587529482473473,1281631892974993413,e5421ef2b751488bd684e8f3,8a6acbea22706b5e223725250cc84528,61,2026-10-08T15:10:25+00:00,WHOLIBYA,WHO Libya,Official Twitter account of the World Health Organization Libya,,18371,339,3963,0,0,"{""_type"": ""snscrape.modules.twitter.User"", ""blue"": false, ""blueType"": ""Government"", ""created"": ""2017-12-26 09:30:10+00:00"", ""descriptionLinks"": [], ""displayname"": ""WHO Libya"", ""favouritesCount"": 578, ""followersCount"": 18371, ""friendsCount"": 339, ""id"": 945587529482473473, ""id_str"": ""945587529482473473"", ""listedCount"": 0, ""location"": """", ""mediaCount"": 2883, ""pinnedIds"": [], ""profileBannerUrl"": ""https://pbs.twimg.com/profile_banners/945587529482473473/1791121175"", ""profileImageUrl"": ""https://pbs.twimg.com/profile_images/2051783442661023745/h9slTMqX_normal.jpg"", ""protected"": false, ""rawDescription"": ""Official Twitter account of the World Health Organization Libya"", ""statusesCount"": 3963, ""url"": ""https://x.com/WHOLIBYA"", ""username"": ""WHOLIBYA"", ""verified"": false}"
482,259372802,1281618238695243776,e5421ef2b751488bd684e8f3,8a6acbea22706b5e223725250cc84528,61,2026-10-08T15:10:25+00:00,WHOEMRO,WHO Regional Office for the Eastern Mediterranean,Official Twitter account of the World Health Organization Eastern Mediterranean Regional Office. Follow our Regional Director @HananBalkhy.,"Cairo, Egypt",234469,840,39778,0,0,"{""_type"": ""snscrape.modules.twitter.User"", ""blue"": true, ""blueType"": ""Government"", ""created"": ""2011-03-01 19:51:10+00:00"", ""descriptionLinks"": [{""tcourl"": ""https://t.co/UkVSlujvQe"", ""text"": ""emro.who.int"", ""url"": ""http://www.emro.who.int""}], ""displayname"": ""WHO Regional Office for the Eastern Mediterranean"", ""favouritesCount"": 2890, ""followersCount"": 234469, ""friendsCount"": 840, ""id"": 259372802, ""id_str"": ""259372802"", ""listedCount"": 0, ""location"": ""Cairo, Egypt"", ""mediaCount"": 16446, ""pinnedIds"": [], ""profileBannerUrl"": ""https://pbs.twimg.com/profile_banners/259372802/1791272765"", ""profileImageUrl"": ""https://pbs.twimg.com/profile_images/1976188483556237312/XeVb4SlO_normal.jpg"", ""protected"": false, ""rawDescription"": ""Official Twitter account of the World Health Organization Eastern Mediterranean Regional Office. Follow our Regional Director @HananBalkhy."", ""statusesCount"": 39778, ""url"": ""https://x.com/WHOEMRO"", ""username"": ""WHOEMRO"", ""verified"": false}"
484,211583400,1281630667386888199,e5421ef2b751488bd684e8f3,8a6acbea22706b5e223725250cc84528,61,2026-10-08T15:10:25+00:00,chrissyfarr,Christina Farr,"Second Opinion Media CEO writing about the future of healthcare. GP @ Scrub Capital. Host of Lifers. 

Author: The Storyteller's Advantage (Hachette)","Queens, NY",99479,2759,51940,0,0,"{""_type"": ""snscrape.modules.twitter.User"", ""blue"": true, ""blueType"": null, ""created"": ""2010-11-03 17:32:03+00:00"", ""descriptionLinks"": [{""tcourl"": ""https://t.co/PesL1Bnf9p"", ""text"": ""Secondopinion.media"", ""url"": ""http://Secondopinion.media""}], ""displayname"": ""Christina Farr"", ""favouritesCount"": 97752, ""followersCount"": 99479, ""friendsCount"": 2759, ""id"": 211583400, ""id_str"": ""211583400"", ""listedCount"": 0, ""location"": ""Queens, NY"", ""mediaCount"": 1922, ""pinnedIds"": [], ""profileBannerUrl"": ""https://pbs.twimg.com/profile_banners/211583400/1774437082"", ""profileImageUrl"": ""https://pbs.twimg.com/profile_images/1932929345577689088/UR-OTIfm_normal.jpg"", ""protected"": false, ""rawDescription"": ""Second Opinion Media CEO writing about the future of healthcare. GP @ Scrub Capital. Host of Lifers. \n\nAuthor: The Storyteller's Advantage (Hachette)"", ""statusesCount"": 51940, ""url"": ""https://x.com/chrissyfarr"", ""username"": ""chrissyfarr"", ""verified"": false}"
485,122108899,1281628536273620993,e5421ef2b751488bd684e8f3,8a6acbea22706b5e223725250cc84528,61,2026-10-08T15:10:25+00:00,feijo_rodrigo,Rodrigo Santos Feijó,Programme Manager at the Secretariat of the @FCTCofficial. Support the Protocol to Eliminate Illicit Trade in Tobacco Products. All tweets are my own.,,245,176,447,0,0,"{""_type"": ""snscrape.modules.twitter.User"", ""blue"": false, ""blueType"": null, ""created"": ""2010-03-11 16:30:01+00:00"", ""descriptionLinks"": [], ""displayname"": ""Rodrigo Santos Feijó"", ""favouritesCount"": 714, ""followersCount"": 245, ""friendsCount"": 176, ""id"": 122108899, ""id_str"": ""122108899"", ""listedCount"": 0, ""location"": """", ""mediaCount"": 53, ""pinnedIds"": [], ""profileBannerUrl"": ""https://pbs.twimg.com/profile_banners/122108899/1601369355"", ""profileImageUrl"": ""https://pbs.twimg.com/profile_images/1309451861271949313/LoAM_080_normal.jpg"", ""protected"": false, ""rawDescription"": ""Programme Manager at the Secretariat of the @FCTCofficial. Support the Protocol to Eliminate Illicit Trade in Tobacco Products. All tweets are my own."", ""statusesCount"": 447, ""url"": ""https://x.com/feijo_rodrigo"", ""username"": ""feijo_rodrigo"", ""verified"": false}"
486,931668301,1281619236813713408,e5421ef2b751488bd684e8f3,8a6acbea22706b5e223725250cc84528,61,2026-10-08T15:10:25+00:00,WHOJordan,WHO Jordan,The Official Twitter channel of the World Health Organization - Jordan,"Amman, Jordan",22633,89,6745,0,0,"{""_type"": ""snscrape.modules.twitter.User"", ""blue"": false, ""blueType"": ""Government"", ""created"": ""2012-11-07 09:37:40+00:00"", ""descriptionLinks"": [{""tcourl"": ""https://t.co/jNLL8RQaex"", ""text"": ""emro.who.int/countries/jor/"", ""url"": ""http://www.emro.who.int/countries/jor/""}], ""displayname"": ""WHO Jordan"", ""favouritesCount"": 766, ""followersCount"": 22633, ""friendsCount"": 89, ""id"": 931668301, ""id_str"": ""931668301"", ""listedCount"": 0, ""location"": ""Amman, Jordan"", ""mediaCount"": 3941, ""pinnedIds"": [], ""profileBannerUrl"": ""https://pbs.twimg.com/profile_banners/931668301/1791183599"", ""profileImageUrl"": ""https://pbs.twimg.com/profile_images/1658560232409255936/0OS11YK4_normal.jpg"", ""protected"": false, ""rawDescription"": ""The Official Twitter channel of the World Health Organization - Jordan"", ""statusesCount"": 6745, ""url"": ""https://x.com/WHOJordan"", ""username"": ""WHOJordan"", ""verified"": false}"
487,1179874218,1281616660236050438,e5421ef2b751488bd684e8f3,8a6acbea22706b5e223725250cc84528,61,2026-10-08T15:10:25+00:00,HelenMcGuire14,Helen McGuire,Working in partnership to improve access to prevention and care for people living with NCDs.  Views are my own and retweets are not endorsements.,,176,239,184,0,0,"{""_type"": ""snscrape.modules.twitter.User"", ""blue"": false, ""blueType"": null, ""created"": ""2013-02-14 17:53:40+00:00"", ""descriptionLinks"": [], ""displayname"": ""Helen McGuire"", ""favouritesCount"": 200, ""followersCount"": 176, ""friendsCount"": 239, ""id"": 1179874218, ""id_str"": ""1179874218"", ""listedCount"": 0, ""location"": """", ""mediaCount"": 16, ""pinnedIds"": [], ""profileBannerUrl"": """", ""profileImageUrl"": ""https://pbs.twimg.com/profile_images/1258088506926092288/QHtQ_r_a_normal.jpg"", ""protected"": false, ""rawDescription"": ""Working in partnership to improve access to prevention and care for people living with NCDs.  Views are my own and retweets are not endorsements."", ""statusesCount"": 184, ""url"": ""https://x.com/HelenMcGuire14"", ""username"": ""HelenMcGuire14"", ""verified"": false}"
488,737362108397060096,1281615883274682368,e5421ef2b751488bd684e8f3,8a6acbea22706b5e223725250cc84528,61,2026-10-08T15:10:25+00:00,KulikovUNIATF,Dr Alexey Kulikov,"Head of Partnerships and Operations, Deputy Head of Secretariat, @UN Task Force on #NCDs. Support @WHO countries achieve  #health related #SDGs. PhD MPH MD.","Geneva, Switzerland",63344,51762,13075,0,0,"{""_type"": ""snscrape.modules.twitter.User"", ""blue"": true, ""blueType"": null, ""created"": ""2016-05-30 19:16:41+00:00"", ""descriptionLinks"": [], ""displayname"": ""Dr Alexey Kulikov"", ""favouritesCount"": 48689, ""followersCount"": 63344, ""friendsCount"": 51762, ""id"": 737362108397060096, ""id_str"": ""737362108397060096"", ""listedCount"": 0, ""location"": ""Geneva, Switzerland"", ""mediaCount"": 6645, ""pinnedIds"": [], ""profileBannerUrl"": ""https://pbs.twimg.com/profile_banners/737362108397060096/1556271627"", ""profileImageUrl"": ""https://pbs.twimg.com/profile_images/1786303176557121536/fuzbfD6I_normal.jpg"", ""protected"": false, ""rawDescription"": ""Head of Partnerships and Operations, Deputy Head of Secretariat, @UN Task Force on #NCDs. Support @WHO countries achieve  #health related #SDGs. PhD MPH MD."", ""statusesCount"": 13075, ""url"": ""https://x.com/KulikovUNIATF"", ""username"": ""KulikovUNIATF"", ""verified"": false}"
490,45586617,1281614007846273024,e5421ef2b751488bd684e8f3,8a6acbea22706b5e223725250cc84528,62,2026-10-08T15:10:36+00:00,kakape,Kai Kupferschmidt,"@kakape.bsky.social science journalist. molecular biologist. curious. writer at @sciencemagazine part of @pandemiapodcast, all things #blue","Berlin, Germany",132319,1999,23999,0,0,"{""_type"": ""snscrape.modules.twitter.User"", ""blue"": true, ""blueType"": null, ""created"": ""2009-06-08 15:17:36+00:00"", ""descriptionLinks"": [{""tcourl"": ""https://t.co/aQGTOoefTF"", ""text"": ""sciencemag.org/author/kai-kup…"", ""url"": ""https://www.sciencemag.org/author/kai-kupferschmidt""}], ""displayname"": ""Kai Kupferschmidt"", ""favouritesCount"": 9067, ""followersCount"": 132319, ""friendsCount"": 1999, ""id"": 45586617, ""id_str"": ""45586617"", ""listedCount"": 0, ""location"": ""Berlin, Germany"", ""mediaCount"": 1350, ""pinnedIds"": [1851663695887163679], ""profileBannerUrl"": ""https://pbs.twimg.com/profile_banners/45586617/1675979248"", ""profileImageUrl"": ""https://pbs.twimg.com/profile_images/1623801452819894272/vRLQed-z_normal.jpg"", ""protected"": false, ""rawDescription"": ""@kakape.bsky.social science journalist. molecular biologist. curious. writer at @sciencemagazine part of @pandemiapodcast, all things #blue"", ""statusesCount"": 23999, ""url"": ""https://x.com/kakape"", ""username"": ""kakape"", ""verified"": false}"
491,737362108397060096,1281581250118123520,e5421ef2b751488bd684e8f3,8a6acbea22706b5e223725250cc84528,62,2026-10-08T15:10:36+00:00,KulikovUNIATF,Dr Alexey Kulikov,"Head of Partnerships and Operations, Deputy Head of Secretariat, @UN Task Force on #NCDs. Support @WHO countries achieve  #health related #SDGs. PhD MPH MD.","Geneva, Switzerland",63344,51762,13075,0,0,"{""_type"": ""snscrape.modules.twitter.User"", ""blue"": true, ""blueType"": null, ""created"": ""2016-05-30 19:16:41+00:00"", ""descriptionLinks"": [], ""displayname"": ""Dr Alexey Kulikov"", ""favouritesCount"": 48689, ""followersCount"": 63344, ""friendsCount"": 51762, ""id"": 737362108397060096, ""id_str"": ""737362108397060096"", ""listedCount"": 0, ""location"": ""Geneva, Switzerland"", ""mediaCount"": 6645, ""pinnedIds"": [], ""profileBannerUrl"": ""https://pbs.twimg.com/profile_banners/737362108397060096/1556271627"", ""profileImageUrl"": ""https://pbs.twimg.com/profile_images/1786303176557121536/fuzbfD6I_normal.jpg"", ""protected"": false, ""rawDescription"": ""Head of Partnerships and Operations, Deputy Head of Secretariat, @UN Task Force on #NCDs. Support @WHO countries achieve  #health related #SDGs. PhD MPH MD."", ""statusesCount"": 13075, ""url"": ""https://x.com/KulikovUNIATF"", ""username"": ""KulikovUNIATF"", ""verified"": false}"
492,2416068013,1281558284277882882,e5421ef2b751488bd684e8f3,8a6acbea22706b5e223725250cc84528,62,2026-10-08T15:10:36+00:00,NZUNGVA,New Zealand Permanent Mission GVA,New Zealand Permanent Mission to the United Nations in Geneva,Geneva,3680,1197,1864,0,0,"{""_type"": ""snscrape.modules.twitter.User"", ""blue"": false, ""blueType"": null, ""created"": ""2014-03-28 15:19:40+00:00"", ""descriptionLinks"": [{""tcourl"": ""https://t.co/zrP2x7utjq"", ""text"": ""nzembassy.com/switzerland"", ""url"": ""http://www.nzembassy.com/switzerland""}], ""displayname"": ""New Zealand Permanent Mission GVA"", ""favouritesCount"": 336, ""followersCount"": 3680, ""friendsCount"": 1197, ""id"": 2416068013, ""id_str"": ""2416068013"", ""listedCount"": 0, ""location"": ""Geneva"", ""mediaCount"": 406, ""pinnedIds"": [1701941087252652138], ""profileBannerUrl"": ""https://pbs.twimg.com/profile_banners/2416068013/1751530518"", ""profileImageUrl"": ""https://pbs.twimg.com/profile_images/1279065533371965440/RJZGUDSF_normal.jpg"", ""protected"": false, ""rawDescription"": ""New Zealand Permanent Mission to the United Nations in Geneva"", ""statusesCount"": 1864, ""url"": ""https://x.com/NZUNGVA"", ""username"": ""NZUNGVA"", ""verified"": false}"
493,1120761250076680195,1281544418294734851,e5421ef2b751488bd684e8f3,8a6acbea22706b5e223725250cc84528,62,2026-10-08T15:10:36+00:00,AZamoranoCNPT,AndresZamoranoCNPT,Presidente CNPT (Comité Nacional de Prevención del Tabaquismo),,718,953,10372,0,0,"{""_type"": ""snscrape.modules.twitter.User"", ""blue"": false, ""blueType"": null, ""created"": ""2019-04-23 18:47:59+00:00"", ""descriptionLinks"": [], ""displayname"": ""AndresZamoranoCNPT"", ""favouritesCount"": 11932, ""followersCount"": 718, ""friendsCount"": 953, ""id"": 1120761250076680195, ""id_str"": ""1120761250076680195"", ""listedCount"": 0, ""location"": """", ""mediaCount"": 28, ""pinnedIds"": [], ""profileBannerUrl"": """", ""profileImageUrl"": ""https://pbs.twimg.com/profile_images/1347214118110060545/GcakLZ4f_normal.jpg"", ""protected"": false, ""rawDescription"": ""Presidente CNPT (Comité Nacional de Prevención del Tabaquismo)"", ""statusesCount"": 10372, ""url"": ""https://x.com/AZamoranoCNPT"", ""username"": ""AZamoranoCNPT"", ""verified"": false}"
494,115785964,1281544314926108672,e5421ef2b751488bd684e8f3,8a6acbea22706b5e223725250cc84528,62,2026-10-08T15:10:36+00:00,Eunicekkilonzo,Eunice Kilonzo-Muraya 🧡,#Writer | 11 #Awards | #Media @gavi | Health #Journalist | #Storyteller | Past @WHO @safaricomPLC @UNEP @aphrc @nationafrica @Falling_Walls | RT ≠ endorsement.,Switzerland 🇨🇭,8795,9085,17251,0,0,"{""_type"": ""snscrape.modules.twitter.User"", ""blue"": false, ""blueType"": null, ""created"": ""2010-02-19 23:27:01+00:00"", ""descriptionLinks"": [{""tcourl"": ""https://t.co/ndFQ57ehUM"", ""text"": ""linktr.ee/eunicekkilonzo"", ""url"": ""https://linktr.ee/eunicekkilonzo""}], ""displayname"": ""Eunice Kilonzo-Muraya 🧡"", ""favouritesCount"": 22822, ""followersCount"": 8795, ""friendsCount"": 9085, ""id"": 115785964, ""id_str"": ""115785964"", ""listedCount"": 0, ""location"": ""Switzerland 🇨🇭"", ""mediaCount"": 1014, ""pinnedIds"": [1719721042216734934], ""profileBannerUrl"": ""https://pbs.twimg.com/profile_banners/115785964/1685125111"", ""profileImageUrl"": ""https://pbs.twimg.com/profile_images/2102340617988636672/9W1ZC3hs_normal.jpg"", ""protected"": false, ""rawDescription"": ""#Writer | 11 #Awards | #Media @gavi | Health #Journalist | #Storyteller | Past @WHO @safaricomPLC @UNEP @aphrc @nationafrica @Falling_Walls | RT ≠ endorsement."", ""statusesCount"": 17251, ""url"": ""https://x.com/Eunicekkilonzo"", ""username"": ""Eunicekkilonzo"", ""verified"": false}"
495,796297762283229184,1283166028986380290,e5421ef2b751488bd684e8f3,a1e870b3e238f1ee6edf6f274ae55f05,66,2026-10-08T15:11:24+00:00,Soulmachines,SoulMachines👥,"Soul Machines™ provides easy-to-use creator tools so anyone can create astonishingly life-like, GPT-enabled Digital People.",Worldwide,5325,1754,1839,0,0,"{""_type"": ""snscrape.modules.twitter.User"", ""blue"": false, ""blueType"": null, ""created"": ""2016-11-09 10:25:55+00:00"", ""descriptionLinks"": [{""tcourl"": ""https://t.co/cv2CVPbcXg"", ""text"": ""soulmachines.com"", ""url"": ""http://www.soulmachines.com""}], ""displayname"": ""SoulMachines👥"", ""favouritesCount"": 3880, ""followersCount"": 5325, ""friendsCount"": 1754, ""id"": 796297762283229184, ""id_str"": ""796297762283229184"", ""listedCount"": 0, ""location"": ""Worldwide"", ""mediaCount"": 546, ""pinnedIds"": [], ""profileBannerUrl"": ""https://pbs.twimg.com/profile_banners/796297762283229184/1739483068"", ""profileImageUrl"": ""https://pbs.twimg.com/profile_images/1890087715850641408/CEm3gjLJ_normal.jpg"", ""protected"": false, ""rawDescription"": ""Soul Machines™ provides easy-to-use creator tools so anyone can create astonishingly life-like, GPT-enabled Digital People."", ""statusesCount"": 1839, ""url"": ""https://x.com/Soulmachines"", ""username"": ""Soulmachines"", ""verified"": false}"
496,2441278684,1283123132337979393,e5421ef2b751488bd684e8f3,a1e870b3e238f1ee6edf6f274ae55f05,66,2026-10-08T15:11:24+00:00,MCF6Reese,Ms. Florence Grandson🕊🌹,HundoWorld🌍LekoLand🕊NGB4L#GLG🚦 #R.i.p.Scrap’nPat MCF #LLK2 #DBL #GMC #TTG,Da Ville',1002,1235,57155,0,0,"{""_type"": ""snscrape.modules.twitter.User"", ""blue"": false, ""blueType"": null, ""created"": ""2014-03-28 03:49:18+00:00"", ""descriptionLinks"": [], ""displayname"": ""Ms. Florence Grandson🕊🌹"", ""favouritesCount"": 130610, ""followersCount"": 1002, ""friendsCount"": 1235, ""id"": 2441278684, ""id_str"": ""2441278684"", ""listedCount"": 0, ""location"": ""Da Ville'"", ""mediaCount"": 484, ""pinnedIds"": [1679938707636330497], ""profileBannerUrl"": ""https://pbs.twimg.com/profile_banners/2441278684/1648355091"", ""profileImageUrl"": ""https://pbs.twimg.com/profile_images/1922647215056506880/7TdJia3O_normal.jpg"", ""protected"": false, ""rawDescription"": ""HundoWorld🌍LekoLand🕊NGB4L#GLG🚦 #R.i.p.Scrap’nPat MCF #LLK2 #DBL #GMC #TTG"", ""statusesCount"": 57155, ""url"": ""https://x.com/MCF6Reese"", ""username"": ""MCF6Reese"", ""verified"": false}"
497,31506579,1282970044033466369,e5421ef2b751488bd684e8f3,a1e870b3e238f1ee6edf6f274ae55f05,66,2026-10-08T15:11:24+00:00,nonsmoking,A Non Smoking G...,"Vi inspirerar, informerar och engagerar barn, ungdomar och vuxna för att skapa förutsättningar för unga att själva välja ett tobaksfritt liv.",,719,625,2914,0,0,"{""_type"": ""snscrape.modules.twitter.User"", ""blue"": false, ""blueType"": null, ""created"": ""2009-04-15 20:17:36+00:00"", ""descriptionLinks"": [{""tcourl"": ""https://t.co/0PszyKZEIQ"", ""text"": ""nonsmoking.se"", ""url"": ""http://nonsmoking.se""}], ""displayname"": ""A Non Smoking G..."", ""favouritesCount"": 2152, ""followersCount"": 719, ""friendsCount"": 625, ""id"": 31506579, ""id_str"": ""31506579"", ""listedCount"": 0, ""location"": """", ""mediaCount"": 638, ""pinnedIds"": [1895006137482686681], ""profileBannerUrl"": ""https://pbs.twimg.com/profile_banners/31506579/1728831293"", ""profileImageUrl"": ""https://pbs.twimg.com/profile_images/1587046450327945216/mWoJn86m_normal.jpg"", ""protected"": false, ""rawDescription"": ""Vi inspirerar, informerar och engagerar barn, ungdomar och vuxna för att skapa förutsättningar för unga att själva välja ett tobaksfritt liv."", ""statusesCount"": 2914, ""url"": ""https://x.com/nonsmoking"", ""username"": ""nonsmoking"", ""verified"": false}"
498,394655183,1282280052923740160,e5421ef2b751488bd684e8f3,a1e870b3e238f1ee6edf6f274ae55f05,66,2026-10-08T15:11:24+00:00,EcigClick,EcigClick,All things vape. Home of the Ecigclick Vape Awards. Voted by Vapers - https://t.co/1vsp4Qmpje,UK,10231,418,13440,0,0,"{""_type"": ""snscrape.modules.twitter.User"", ""blue"": false, ""blueType"": null, ""created"": ""2011-10-20 12:31:02+00:00"", ""descriptionLinks"": [{""tcourl"": ""https://t.co/1vsp4Qmpje"", ""text"": ""ecigclick.co.uk/category/ecigc…"", ""url"": ""https://www.ecigclick.co.uk/category/ecigclick-awards/""}, {""tcourl"": ""https://t.co/BMXo38Shhn"", ""text"": ""linktr.ee/ecigclick"", ""url"": ""https://linktr.ee/ecigclick""}], ""displayname"": ""EcigClick"", ""favouritesCount"": 4875, ""followersCount"": 10231, ""friendsCount"": 418, ""id"": 394655183, ""id_str"": ""394655183"", ""listedCount"": 0, ""location"": ""UK"", ""mediaCount"": 8737, ""pinnedIds"": [1871587932605198549], ""profileBannerUrl"": ""https://pbs.twimg.com/profile_banners/394655183/1555434755"", ""profileImageUrl"": ""https://pbs.twimg.com/profile_images/620275261653843968/UMM9X2dv_normal.jpg"", ""protected"": false, ""rawDescription"": ""All things vape. Home of the Ecigclick Vape Awards. Voted by Vapers - https://t.co/1vsp4Qmpje"", ""statusesCount"": 13440, ""url"": ""https://x.com/EcigClick"", ""username"": ""EcigClick"", ""verified"": false}"
499,955925072375701504,1282022750937391104,e5421ef2b751488bd684e8f3,a1e870b3e238f1ee6edf6f274ae55f05,66,2026-10-08T15:11:24+00:00,ChaunceyGardner,"Charles A. Gardner, PhD","Consultant | Speaker.  Goals:  Reduce smoking-related DEATH; reduce teen nicotine USE.  Both involve change.  To change something, we need to measure it...","New York, NY, USA",14468,4346,134083,0,0,"{""_type"": ""snscrape.modules.twitter.User"", ""blue"": true, ""blueType"": null, ""created"": ""2018-01-23 22:07:52+00:00"", ""descriptionLinks"": [], ""displayname"": ""Charles A. Gardner, PhD"", ""favouritesCount"": 136137, ""followersCount"": 14468, ""friendsCount"": 4346, ""id"": 955925072375701504, ""id_str"": ""955925072375701504"", ""listedCount"": 0, ""location"": ""New York, NY, USA"", ""mediaCount"": 32117, ""pinnedIds"": [2099298986356076888], ""profileBannerUrl"": ""https://pbs.twimg.com/profile_banners/955925072375701504/1526183785"", ""profileImageUrl"": ""https://pbs.twimg.com/profile_images/996919846725210112/jNj0MInc_normal.jpg"", ""protected"": false, ""rawDescription"": ""Consultant | Speaker.  Goals:  Reduce smoking-related DEATH; reduce teen nicotine USE.  Both involve change.  To change something, we need to measure it..."", ""statusesCount"": 134083, ""url"": ""https://x.com/ChaunceyGardner"", ""username"": ""ChaunceyGardner"", ""verified"": false}"
500,27145245,1282002194456293376,e5421ef2b751488bd684e8f3,a1e870b3e238f1ee6edf6f274ae55f05,66,2026-10-08T15:11:24+00:00,SeismicPirate,Marc and Bernie,"Multiple business owner, father of three. #harmreduction advocate. Living with the coolest dog, ever. #LLAP","Houghton, MI",2694,1599,29056,0,0,"{""_type"": ""snscrape.modules.twitter.User"", ""blue"": false, ""blueType"": null, ""created"": ""2009-03-28 01:08:26+00:00"", ""descriptionLinks"": [], ""displayname"": ""Marc and Bernie"", ""favouritesCount"": 17627, ""followersCount"": 2694, ""friendsCount"": 1599, ""id"": 27145245, ""id_str"": ""27145245"", ""listedCount"": 0, ""location"": ""Houghton, MI"", ""mediaCount"": 1322, ""pinnedIds"": [], ""profileBannerUrl"": ""https://pbs.twimg.com/profile_banners/27145245/1657736521"", ""profileImageUrl"": ""https://pbs.twimg.com/profile_images/1547285230318395392/YHxALkdx_normal.jpg"", ""protected"": false, ""rawDescription"": ""Multiple business owner, father of three. #harmreduction advocate. Living with the coolest dog, ever. #LLAP"", ""statusesCount"": 29056, ""url"": ""https://x.com/SeismicPirate"", ""username"": ""SeismicPirate"", ""verified"": false}"
501,104277809,1281951382807822351,e5421ef2b751488bd684e8f3,a1e870b3e238f1ee6edf6f274ae55f05,66,2026-10-08T15:11:24+00:00,UN_News_Centre,UN News,"The United Nations’ official news service.
Breaking news and stories from across the UN and its work around the world.","Manhattan, NY",846677,1349,74051,0,0,"{""_type"": ""snscrape.modules.twitter.User"", ""blue"": false, ""blueType"": ""Government"", ""created"": ""2010-01-12 21:25:52+00:00"", ""descriptionLinks"": [{""tcourl"": ""https://t.co/r2JoWl9PDy"", ""text"": ""news.un.org/en/"", ""url"": ""https://news.un.org/en/""}], ""displayname"": ""UN News"", ""favouritesCount"": 3500, ""followersCount"": 846677, ""friendsCount"": 1349, ""id"": 104277809, ""id_str"": ""104277809"", ""listedCount"": 0, ""location"": ""Manhattan, NY"", ""mediaCount"": 17818, ""pinnedIds"": [], ""profileBannerUrl"": ""https://pbs.twimg.com/profile_banners/104277809/1787754846"", ""profileImageUrl"": ""https://pbs.twimg.com/profile_images/1166788017354432512/SO_UaxYd_normal.jpg"", ""protected"": false, ""rawDescription"": ""The United Nations’ official news service.\nBreaking news and stories from across the UN and its work around the world."", ""statusesCount"": 74051, ""url"": ""https://x.com/UN_News_Centre"", ""username"": ""UN_News_Centre"", ""verified"": false}"
502,258408688,1281839664442351618,e5421ef2b751488bd684e8f3,a1e870b3e238f1ee6edf6f274ae55f05,66,2026-10-08T15:11:24+00:00,Clive_Bates,Clive Bates,"What's right thing to do? Been with IBM, Greenpeace, ASH, Cabinet Office, Environment Agency, UN in Sudan, Welsh Government, DECC and now my own Counterfactual.","London or Derbyshire, UK",13900,1444,25305,0,0,"{""_type"": ""snscrape.modules.twitter.User"", ""blue"": true, ""blueType"": null, ""created"": ""2011-02-27 17:21:17+00:00"", ""descriptionLinks"": [{""tcourl"": ""https://t.co/UQ8IFavpp9"", ""text"": ""clivebates.substack.com"", ""url"": ""https://clivebates.substack.com/""}], ""displayname"": ""Clive Bates"", ""favouritesCount"": 6817, ""followersCount"": 13900, ""friendsCount"": 1444, ""id"": 258408688, ""id_str"": ""258408688"", ""listedCount"": 0, ""location"": ""London or Derbyshire, UK"", ""mediaCount"": 1624, ""pinnedIds"": [1450085683209584640], ""profileBannerUrl"": ""https://pbs.twimg.com/profile_banners/258408688/1706217132"", ""profileImageUrl"": ""https://pbs.twimg.com/profile_images/510833217004261376/hmWaVTS4_normal.jpeg"", ""protected"": false, ""rawDescription"": ""What's right thing to do? Been with IBM, Greenpeace, ASH, Cabinet Office, Environment Agency, UN in Sudan, Welsh Government, DECC and now my own Counterfactual."", ""statusesCount"": 25305, ""url"": ""https://x.com/Clive_Bates"", ""username"": ""Clive_Bates"", ""verified"": false}"
503,19331518,1281800641287843842,e5421ef2b751488bd684e8f3,a1e870b3e238f1ee6edf6f274ae55f05,66,2026-10-08T15:11:24+00:00,KiranRP,Kiran Raj  Pandey,"physician. researcher. CEO @AreteHealthSci.
My book #UpIsTheCurve is available here: https://t.co/PSHatrombd",,290,158,429,0,0,"{""_type"": ""snscrape.modules.twitter.User"", ""blue"": false, ""blueType"": null, ""created"": ""2009-01-22 08:46:16+00:00"", ""descriptionLinks"": [{""tcourl"": ""https://t.co/PSHatrombd"", ""text"": ""tinyurl.com/5ehmwvnn"", ""url"": ""https://tinyurl.com/5ehmwvnn""}, {""tcourl"": ""https://t.co/9KBjozPxV7"", ""text"": ""kiranrajpandey.com"", ""url"": ""http://kiranrajpandey.com""}], ""displayname"": ""Kiran Raj  Pandey"", ""favouritesCount"": 216, ""followersCount"": 290, ""friendsCount"": 158, ""id"": 19331518, ""id_str"": ""19331518"", ""listedCount"": 0, ""location"": """", ""mediaCount"": 4, ""pinnedIds"": [], ""profileBannerUrl"": ""https://pbs.twimg.com/profile_banners/19331518/1578902954"", ""profileImageUrl"": ""https://pbs.twimg.com/profile_images/1572475311908065281/iwLkC7nz_normal.jpg"", ""protected"": false, ""rawDescription"": ""physician. researcher. CEO @AreteHealthSci.\nMy book #UpIsTheCurve is available here: https://t.co/PSHatrombd"", ""statusesCount"": 429, ""url"": ""https://x.com/KiranRP"", ""username"": ""KiranRP"", ""verified"": false}"
504,3186124956,1281795790885793792,e5421ef2b751488bd684e8f3,a1e870b3e238f1ee6edf6f274ae55f05,66,2026-10-08T15:11:24+00:00,surajkafle53,Suraj Kafle,Doctor,Nepal ,426,870,672,0,0,"{""_type"": ""snscrape.modules.twitter.User"", ""blue"": false, ""blueType"": null, ""created"": ""2015-05-05 12:29:47+00:00"", ""descriptionLinks"": [], ""displayname"": ""Suraj Kafle"", ""favouritesCount"": 2239, ""followersCount"": 426, ""friendsCount"": 870, ""id"": 3186124956, ""id_str"": ""3186124956"", ""listedCount"": 0, ""location"": ""Nepal "", ""mediaCount"": 205, ""pinnedIds"": [], ""profileBannerUrl"": ""https://pbs.twimg.com/profile_banners/3186124956/1525492734"", ""profileImageUrl"": ""https://pbs.twimg.com/profile_images/1745687762903220225/Z6sDl6-D_normal.jpg"", ""protected"": false, ""rawDescription"": ""Doctor"", ""statusesCount"": 672, ""url"": ""https://x.com/surajkafle53"", ""username"": ""surajkafle53"", ""verified"": false}"
505,119981277,1281720553129144320,e5421ef2b751488bd684e8f3,a1e870b3e238f1ee6edf6f274ae55f05,66,2026-10-08T15:11:24+00:00,NZTEnews,NZTE,We are the New Zealand government agency that helps Kiwi businesses grow internationally. Visit our website to learn more.,New Zealand,18000,1708,13641,0,0,"{""_type"": ""snscrape.modules.twitter.User"", ""blue"": false, ""blueType"": ""Government"", ""created"": ""2010-03-05 03:50:49+00:00"", ""descriptionLinks"": [{""tcourl"": ""https://t.co/ICtYbGLvx3"", ""text"": ""bit.ly/3C4269i"", ""url"": ""https://bit.ly/3C4269i""}], ""displayname"": ""NZTE"", ""favouritesCount"": 7199, ""followersCount"": 18000, ""friendsCount"": 1708, ""id"": 119981277, ""id_str"": ""119981277"", ""listedCount"": 0, ""location"": ""New Zealand"", ""mediaCount"": 5378, ""pinnedIds"": [], ""profileBannerUrl"": ""https://pbs.twimg.com/profile_banners/119981277/1650589925"", ""profileImageUrl"": ""https://pbs.twimg.com/profile_images/876644988985032704/Giga-epE_normal.jpg"", ""protected"": false, ""rawDescription"": ""We are the New Zealand government agency that helps Kiwi businesses grow internationally. Visit our website to learn more."", ""statusesCount"": 13641, ""url"": ""https://x.com/NZTEnews"", ""username"": ""NZTEnews"", ""verified"": false}"
507,1206841620735447040,1281706432195420167,e5421ef2b751488bd684e8f3,a1e870b3e238f1ee6edf6f274ae55f05,66,2026-10-08T15:11:24+00:00,noeleenburke,Noeleen Burke 🔆,,,616,675,1659,0,0,"{""_type"": ""snscrape.modules.twitter.User"", ""blue"": false, ""blueType"": null, ""created"": ""2019-12-17 07:40:49+00:00"", ""descriptionLinks"": [], ""displayname"": ""Noeleen Burke 🔆"", ""favouritesCount"": 7970, ""followersCount"": 616, ""friendsCount"": 675, ""id"": 1206841620735447040, ""id_str"": ""1206841620735447040"", ""listedCount"": 0, ""location"": """", ""mediaCount"": 208, ""pinnedIds"": [], ""profileBannerUrl"": ""https://pbs.twimg.com/profile_banners/1206841620735447040/1754068220"", ""profileImageUrl"": ""https://pbs.twimg.com/profile_images/1675239990580723714/Plje4jog_normal.jpg"", ""protected"": false, ""rawDescription"": """", ""statusesCount"": 1659, ""url"": ""https://x.com/noeleenburke"", ""username"": ""noeleenburke"", ""verified"": false}"
508,14499829,1281625190871511040,e5421ef2b751488bd684e8f3,a1e870b3e238f1ee6edf6f274ae55f05,66,2026-10-08T15:11:24+00:00,WHO,World Health Organization (WHO),"We are the @UN’s health agency working for #HealthForAll
Always check our latest tweets for updated advice/information.","Geneva, Switzerland",12669870,1734,83434,0,0,"{""_type"": ""snscrape.modules.twitter.User"", ""blue"": true, ""blueType"": ""Government"", ""created"": ""2008-04-23 19:56:27+00:00"", ""descriptionLinks"": [{""tcourl"": ""https://t.co/28yN4nSRNK"", ""text"": ""who.int"", ""url"": ""http://www.who.int""}], ""displayname"": ""World Health Organization (WHO)"", ""favouritesCount"": 13974, ""followersCount"": 12669870, ""friendsCount"": 1734, ""id"": 14499829, ""id_str"": ""14499829"", ""listedCount"": 0, ""location"": ""Geneva, Switzerland"", ""mediaCount"": 26313, ""pinnedIds"": [2107852059706114345], ""profileBannerUrl"": ""https://pbs.twimg.com/profile_banners/14499829/1715598334"", ""profileImageUrl"": ""https://pbs.twimg.com/profile_images/1572512818796335105/YF_H68EL_normal.jpg"", ""protected"": false, ""rawDescription"": ""We are the @UN’s health agency working for #HealthForAll\nAlways check our latest tweets for updated advice/information."", ""statusesCount"": 83434, ""url"": ""https://x.com/WHO"", ""username"": ""WHO"", ""verified"": false}"
509,945587529482473473,1281631892974993413,e5421ef2b751488bd684e8f3,a1e870b3e238f1ee6edf6f274ae55f05,66,2026-10-08T15:11:24+00:00,WHOLIBYA,WHO Libya,Official Twitter account of the World Health Organization Libya,,18371,339,3963,0,0,"{""_type"": ""snscrape.modules.twitter.User"", ""blue"": false, ""blueType"": ""Government"", ""created"": ""2017-12-26 09:30:10+00:00"", ""descriptionLinks"": [], ""displayname"": ""WHO Libya"", ""favouritesCount"": 578, ""followersCount"": 18371, ""friendsCount"": 339, ""id"": 945587529482473473, ""id_str"": ""945587529482473473"", ""listedCount"": 0, ""location"": """", ""mediaCount"": 2883, ""pinnedIds"": [], ""profileBannerUrl"": ""https://pbs.twimg.com/profile_banners/945587529482473473/1791121175"", ""profileImageUrl"": ""https://pbs.twimg.com/profile_images/2051783442661023745/h9slTMqX_normal.jpg"", ""protected"": false, ""rawDescription"": ""Official Twitter account of the World Health Organization Libya"", ""statusesCount"": 3963, ""url"": ""https://x.com/WHOLIBYA"", ""username"": ""WHOLIBYA"", ""verified"": false}"
510,259372802,1281618238695243776,e5421ef2b751488bd684e8f3,a1e870b3e238f1ee6edf6f274ae55f05,66,2026-10-08T15:11:24+00:00,WHOEMRO,WHO Regional Office for the Eastern Mediterranean,Official Twitter account of the World Health Organization Eastern Mediterranean Regional Office. Follow our Regional Director @HananBalkhy.,"Cairo, Egypt",234469,840,39778,0,0,"{""_type"": ""snscrape.modules.twitter.User"", ""blue"": true, ""blueType"": ""Government"", ""created"": ""2011-03-01 19:51:10+00:00"", ""descriptionLinks"": [{""tcourl"": ""https://t.co/UkVSlujvQe"", ""text"": ""emro.who.int"", ""url"": ""http://www.emro.who.int""}], ""displayname"": ""WHO Regional Office for the Eastern Mediterranean"", ""favouritesCount"": 2890, ""followersCount"": 234469, ""friendsCount"": 840, ""id"": 259372802, ""id_str"": ""259372802"", ""listedCount"": 0, ""location"": ""Cairo, Egypt"", ""mediaCount"": 16446, ""pinnedIds"": [], ""profileBannerUrl"": ""https://pbs.twimg.com/profile_banners/259372802/1791272765"", ""profileImageUrl"": ""https://pbs.twimg.com/profile_images/1976188483556237312/XeVb4SlO_normal.jpg"", ""protected"": false, ""rawDescription"": ""Official Twitter account of the World Health Organization Eastern Mediterranean Regional Office. Follow our Regional Director @HananBalkhy."", ""statusesCount"": 39778, ""url"": ""https://x.com/WHOEMRO"", ""username"": ""WHOEMRO"", ""verified"": false}"
511,211583400,1281630667386888199,e5421ef2b751488bd684e8f3,a1e870b3e238f1ee6edf6f274ae55f05,66,2026-10-08T15:11:24+00:00,chrissyfarr,Christina Farr,"Second Opinion Media CEO writing about the future of healthcare. GP @ Scrub Capital. Host of Lifers. 

Author: The Storyteller's Advantage (Hachette)","Queens, NY",99479,2759,51940,0,0,"{""_type"": ""snscrape.modules.twitter.User"", ""blue"": true, ""blueType"": null, ""created"": ""2010-11-03 17:32:03+00:00"", ""descriptionLinks"": [{""tcourl"": ""https://t.co/PesL1Bnf9p"", ""text"": ""Secondopinion.media"", ""url"": ""http://Secondopinion.media""}], ""displayname"": ""Christina Farr"", ""favouritesCount"": 97752, ""followersCount"": 99479, ""friendsCount"": 2759, ""id"": 211583400, ""id_str"": ""211583400"", ""listedCount"": 0, ""location"": ""Queens, NY"", ""mediaCount"": 1922, ""pinnedIds"": [], ""profileBannerUrl"": ""https://pbs.twimg.com/profile_banners/211583400/1774437082"", ""profileImageUrl"": ""https://pbs.twimg.com/profile_images/1932929345577689088/UR-OTIfm_normal.jpg"", ""protected"": false, ""rawDescription"": ""Second Opinion Media CEO writing about the future of healthcare. GP @ Scrub Capital. Host of Lifers. \n\nAuthor: The Storyteller's Advantage (Hachette)"", ""statusesCount"": 51940, ""url"": ""https://x.com/chrissyfarr"", ""username"": ""chrissyfarr"", ""verified"": false}"
512,931668301,1281619236813713408,e5421ef2b751488bd684e8f3,a1e870b3e238f1ee6edf6f274ae55f05,66,2026-10-08T15:11:24+00:00,WHOJordan,WHO Jordan,The Official Twitter channel of the World Health Organization - Jordan,"Amman, Jordan",22633,89,6745,0,0,"{""_type"": ""snscrape.modules.twitter.User"", ""blue"": false, ""blueType"": ""Government"", ""created"": ""2012-11-07 09:37:40+00:00"", ""descriptionLinks"": [{""tcourl"": ""https://t.co/jNLL8RQaex"", ""text"": ""emro.who.int/countries/jor/"", ""url"": ""http://www.emro.who.int/countries/jor/""}], ""displayname"": ""WHO Jordan"", ""favouritesCount"": 766, ""followersCount"": 22633, ""friendsCount"": 89, ""id"": 931668301, ""id_str"": ""931668301"", ""listedCount"": 0, ""location"": ""Amman, Jordan"", ""mediaCount"": 3941, ""pinnedIds"": [], ""profileBannerUrl"": ""https://pbs.twimg.com/profile_banners/931668301/1791183599"", ""profileImageUrl"": ""https://pbs.twimg.com/profile_images/1658560232409255936/0OS11YK4_normal.jpg"", ""protected"": false, ""rawDescription"": ""The Official Twitter channel of the World Health Organization - Jordan"", ""statusesCount"": 6745, ""url"": ""https://x.com/WHOJordan"", ""username"": ""WHOJordan"", ""verified"": false}"
513,1179874218,1281616660236050438,e5421ef2b751488bd684e8f3,a1e870b3e238f1ee6edf6f274ae55f05,66,2026-10-08T15:11:24+00:00,HelenMcGuire14,Helen McGuire,Working in partnership to improve access to prevention and care for people living with NCDs.  Views are my own and retweets are not endorsements.,,176,239,184,0,0,"{""_type"": ""snscrape.modules.twitter.User"", ""blue"": false, ""blueType"": null, ""created"": ""2013-02-14 17:53:40+00:00"", ""descriptionLinks"": [], ""displayname"": ""Helen McGuire"", ""favouritesCount"": 200, ""followersCount"": 176, ""friendsCount"": 239, ""id"": 1179874218, ""id_str"": ""1179874218"", ""listedCount"": 0, ""location"": """", ""mediaCount"": 16, ""pinnedIds"": [], ""profileBannerUrl"": """", ""profileImageUrl"": ""https://pbs.twimg.com/profile_images/1258088506926092288/QHtQ_r_a_normal.jpg"", ""protected"": false, ""rawDescription"": ""Working in partnership to improve access to prevention and care for people living with NCDs.  Views are my own and retweets are not endorsements."", ""statusesCount"": 184, ""url"": ""https://x.com/HelenMcGuire14"", ""username"": ""HelenMcGuire14"", ""verified"": false}"
514,737362108397060096,1281615883274682368,e5421ef2b751488bd684e8f3,a1e870b3e238f1ee6edf6f274ae55f05,66,2026-10-08T15:11:24+00:00,KulikovUNIATF,Dr Alexey Kulikov,"Head of Partnerships and Operations, Deputy Head of Secretariat, @UN Task Force on #NCDs. Support @WHO countries achieve  #health related #SDGs. PhD MPH MD.","Geneva, Switzerland",63344,51762,13075,0,0,"{""_type"": ""snscrape.modules.twitter.User"", ""blue"": true, ""blueType"": null, ""created"": ""2016-05-30 19:16:41+00:00"", ""descriptionLinks"": [], ""displayname"": ""Dr Alexey Kulikov"", ""favouritesCount"": 48689, ""followersCount"": 63344, ""friendsCount"": 51762, ""id"": 737362108397060096, ""id_str"": ""737362108397060096"", ""listedCount"": 0, ""location"": ""Geneva, Switzerland"", ""mediaCount"": 6645, ""pinnedIds"": [], ""profileBannerUrl"": ""https://pbs.twimg.com/profile_banners/737362108397060096/1556271627"", ""profileImageUrl"": ""https://pbs.twimg.com/profile_images/1786303176557121536/fuzbfD6I_normal.jpg"", ""protected"": false, ""rawDescription"": ""Head of Partnerships and Operations, Deputy Head of Secretariat, @UN Task Force on #NCDs. Support @WHO countries achieve  #health related #SDGs. PhD MPH MD."", ""statusesCount"": 13075, ""url"": ""https://x.com/KulikovUNIATF"", ""username"": ""KulikovUNIATF"", ""verified"": false}"
516,115785964,1281544314926108672,e5421ef2b751488bd684e8f3,a1e870b3e238f1ee6edf6f274ae55f05,66,2026-10-08T15:11:24+00:00,Eunicekkilonzo,Eunice Kilonzo-Muraya 🧡,#Writer | 11 #Awards | #Media @gavi | Health #Journalist | #Storyteller | Past @WHO @safaricomPLC @UNEP @aphrc @nationafrica @Falling_Walls | RT ≠ endorsement.,Switzerland 🇨🇭,8795,9085,17251,0,0,"{""_type"": ""snscrape.modules.twitter.User"", ""blue"": false, ""blueType"": null, ""created"": ""2010-02-19 23:27:01+00:00"", ""descriptionLinks"": [{""tcourl"": ""https://t.co/ndFQ57ehUM"", ""text"": ""linktr.ee/eunicekkilonzo"", ""url"": ""https://linktr.ee/eunicekkilonzo""}], ""displayname"": ""Eunice Kilonzo-Muraya 🧡"", ""favouritesCount"": 22822, ""followersCount"": 8795, ""friendsCount"": 9085, ""id"": 115785964, ""id_str"": ""115785964"", ""listedCount"": 0, ""location"": ""Switzerland 🇨🇭"", ""mediaCount"": 1014, ""pinnedIds"": [1719721042216734934], ""profileBannerUrl"": ""https://pbs.twimg.com/profile_banners/115785964/1685125111"", ""profileImageUrl"": ""https://pbs.twimg.com/profile_images/2102340617988636672/9W1ZC3hs_normal.jpg"", ""protected"": false, ""rawDescription"": ""#Writer | 11 #Awards | #Media @gavi | Health #Journalist | #Storyteller | Past @WHO @safaricomPLC @UNEP @aphrc @nationafrica @Falling_Walls | RT ≠ endorsement."", ""statusesCount"": 17251, ""url"": ""https://x.com/Eunicekkilonzo"", ""username"": ""Eunicekkilonzo"", ""verified"": false}"
517,1567601732,1282970591973134337,e5421ef2b751488bd684e8f3,2a80e51f86c000cbb9499041b1559453,70,2026-10-08T15:12:11+00:00,_southstart,_SOUTHSTART,"🎉 SOUTHSTART · RESONANCE 2026 
17 - 19 MARCH","Adelaide, South Australia",2479,2103,5520,0,0,"{""_type"": ""snscrape.modules.twitter.User"", ""blue"": false, ""blueType"": null, ""created"": ""2013-07-04 07:35:32+00:00"", ""descriptionLinks"": [{""tcourl"": ""https://t.co/5wFZo2KtcK"", ""text"": ""southstart.co"", ""url"": ""http://www.southstart.co""}], ""displayname"": ""_SOUTHSTART"", ""favouritesCount"": 4393, ""followersCount"": 2479, ""friendsCount"": 2103, ""id"": 1567601732, ""id_str"": ""1567601732"", ""listedCount"": 0, ""location"": ""Adelaide, South Australia"", ""mediaCount"": 1462, ""pinnedIds"": [], ""profileBannerUrl"": """", ""profileImageUrl"": ""https://pbs.twimg.com/profile_images/2010558159044456448/EUYTsmLi_normal.png"", ""protected"": false, ""rawDescription"": ""🎉 SOUTHSTART · RESONANCE 2026 \n17 - 19 MARCH"", ""statusesCount"": 5520, ""url"": ""https://x.com/_southstart"", ""username"": ""_southstart"", ""verified"": false}"
518,1184534936621072384,1282740691655888900,e5421ef2b751488bd684e8f3,2a80e51f86c000cbb9499041b1559453,70,2026-10-08T15:12:11+00:00,Dale___Roberts,Dale Roberts,"UK Tobacco harm reduction advocate.
#VersusArthritis. #EveryMindMatters. #NFFC. Addicted to golf, crap at it.","England, United Kingdom",1037,931,4586,0,0,"{""_type"": ""snscrape.modules.twitter.User"", ""blue"": false, ""blueType"": null, ""created"": ""2019-10-16 18:22:10+00:00"", ""descriptionLinks"": [], ""displayname"": ""Dale Roberts"", ""favouritesCount"": 6666, ""followersCount"": 1037, ""friendsCount"": 931, ""id"": 1184534936621072384, ""id_str"": ""1184534936621072384"", ""listedCount"": 0, ""location"": ""England, United Kingdom"", ""mediaCount"": 387, ""pinnedIds"": [], ""profileBannerUrl"": ""https://pbs.twimg.com/profile_banners/1184534936621072384/1608766729"", ""profileImageUrl"": ""https://pbs.twimg.com/profile_images/1189165168103694337/bqCdijkw_normal.jpg"", ""protected"": false, ""rawDescription"": ""UK Tobacco harm reduction advocate.\n#VersusArthritis. #EveryMindMatters. #NFFC. Addicted to golf, crap at it."", ""statusesCount"": 4586, ""url"": ""https://x.com/Dale___Roberts"", ""username"": ""Dale___Roberts"", ""verified"": false}"
519,1257910808433922048,1282514577389846528,e5421ef2b751488bd684e8f3,2a80e51f86c000cbb9499041b1559453,70,2026-10-08T15:12:11+00:00,newsNZcn,环球猎奇🏅,天地奇闻，古今趣谈。♨️,南极洲,162066,85,18241,0,0,"{""_type"": ""snscrape.modules.twitter.User"", ""blue"": true, ""blueType"": null, ""created"": ""2020-05-06 05:51:54+00:00"", ""descriptionLinks"": [], ""displayname"": ""环球猎奇🏅"", ""favouritesCount"": 50271, ""followersCount"": 162066, ""friendsCount"": 85, ""id"": 1257910808433922048, ""id_str"": ""1257910808433922048"", ""listedCount"": 0, ""location"": ""南极洲"", ""mediaCount"": 12907, ""pinnedIds"": [], ""profileBannerUrl"": ""https://pbs.twimg.com/profile_banners/1257910808433922048/1592478374"", ""profileImageUrl"": ""https://pbs.twimg.com/profile_images/1269197501799620609/qG1L0Xrk_normal.jpg"", ""protected"": false, ""rawDescription"": ""天地奇闻，古今趣谈。♨️"", ""statusesCount"": 18241, ""url"": ""https://x.com/newsNZcn"", ""username"": ""newsNZcn"", ""verified"": false}"
520,39352227,1282510060598501376,e5421ef2b751488bd684e8f3,2a80e51f86c000cbb9499041b1559453,70,2026-10-08T15:12:11+00:00,NZMorningReport,Morning Report,"RNZ National’s flagship news programme, broadcast weekdays from 6-9am. Breaking news and lively interviews with politicians, newsmakers and commentators.",New Zealand,33784,2067,39548,0,0,"{""_type"": ""snscrape.modules.twitter.User"", ""blue"": false, ""blueType"": null, ""created"": ""2009-05-11 21:52:50+00:00"", ""descriptionLinks"": [{""tcourl"": ""https://t.co/nMYcfDV1uM"", ""text"": ""rnz.co.nz/morningreport"", ""url"": ""http://www.rnz.co.nz/morningreport""}], ""displayname"": ""Morning Report"", ""favouritesCount"": 1941, ""followersCount"": 33784, ""friendsCount"": 2067, ""id"": 39352227, ""id_str"": ""39352227"", ""listedCount"": 0, ""location"": ""New Zealand"", ""mediaCount"": 5175, ""pinnedIds"": [], ""profileBannerUrl"": ""https://pbs.twimg.com/profile_banners/39352227/1681118667"", ""profileImageUrl"": ""https://pbs.twimg.com/profile_images/1645357054029357057/NvbqSJCG_normal.jpg"", ""protected"": false, ""rawDescription"": ""RNZ National’s flagship news programme, broadcast weekdays from 6-9am. Breaking news and lively interviews with politicians, newsmakers and commentators."", ""statusesCount"": 39548, ""url"": ""https://x.com/NZMorningReport"", ""username"": ""NZMorningReport"", ""verified"": false}"
521,19576432,1282419773138239488,e5421ef2b751488bd684e8f3,2a80e51f86c000cbb9499041b1559453,70,2026-10-08T15:12:11+00:00,TheNBR,NBR,"Business news you can use every day. https://t.co/keojMz1H8w
Receive the FREE NBR newsletter: https://t.co/o3i6dcq64Y",New Zealand,21198,567,107232,0,0,"{""_type"": ""snscrape.modules.twitter.User"", ""blue"": false, ""blueType"": null, ""created"": ""2009-01-27 04:05:23+00:00"", ""descriptionLinks"": [{""tcourl"": ""https://t.co/keojMz1H8w"", ""text"": ""NBR.co.nz"", ""url"": ""https://NBR.co.nz""}, {""tcourl"": ""https://t.co/o3i6dcq64Y"", ""text"": ""share.hsforms.com/2UgWp2y3QSN2wG…"", ""url"": ""https://share.hsforms.com/2UgWp2y3QSN2wGG3VT2X6qQsadxt""}, {""tcourl"": ""https://t.co/pw5qnoTj8t"", ""text"": ""nbr.co.nz"", ""url"": ""http://www.nbr.co.nz""}], ""displayname"": ""NBR"", ""favouritesCount"": 848, ""followersCount"": 21198, ""friendsCount"": 567, ""id"": 19576432, ""id_str"": ""19576432"", ""listedCount"": 0, ""location"": ""New Zealand"", ""mediaCount"": 24477, ""pinnedIds"": [], ""profileBannerUrl"": ""https://pbs.twimg.com/profile_banners/19576432/1768162839"", ""profileImageUrl"": ""https://pbs.twimg.com/profile_images/1952154677593919488/qX1cqH_Y_normal.jpg"", ""protected"": false, ""rawDescription"": ""Business news you can use every day. https://t.co/keojMz1H8w\nReceive the FREE NBR newsletter: https://t.co/o3i6dcq64Y"", ""statusesCount"": 107232, ""url"": ""https://x.com/TheNBR"", ""username"": ""TheNBR"", ""verified"": false}"
522,2956736880,1282337081830891522,e5421ef2b751488bd684e8f3,2a80e51f86c000cbb9499041b1559453,70,2026-10-08T15:12:11+00:00,NZinUAE,Dr. Richard Kay,سفير نيوزيلندا - أبو ظبي New Zealand Ambassador to the United Arab Emirates and Qatar.,Abu Dhabi,2714,1052,2648,0,0,"{""_type"": ""snscrape.modules.twitter.User"", ""blue"": true, ""blueType"": null, ""created"": ""2015-01-03 03:53:09+00:00"", ""descriptionLinks"": [{""tcourl"": ""https://t.co/qwbgrARyTp"", ""text"": ""nzembassy.com/UAE"", ""url"": ""http://www.nzembassy.com/UAE""}], ""displayname"": ""Dr. Richard Kay"", ""favouritesCount"": 5412, ""followersCount"": 2714, ""friendsCount"": 1052, ""id"": 2956736880, ""id_str"": ""2956736880"", ""listedCount"": 0, ""location"": ""Abu Dhabi"", ""mediaCount"": 741, ""pinnedIds"": [], ""profileBannerUrl"": ""https://pbs.twimg.com/profile_banners/2956736880/1552682733"", ""profileImageUrl"": ""https://pbs.twimg.com/profile_images/1620674991116222464/pJhBn27z_normal.jpg"", ""protected"": false, ""rawDescription"": ""سفير نيوزيلندا - أبو ظبي New Zealand Ambassador to the United Arab Emirates and Qatar."", ""statusesCount"": 2648, ""url"": ""https://x.com/NZinUAE"", ""username"": ""NZinUAE"", ""verified"": false}"
523,145600739,1282214756745535493,e5421ef2b751488bd684e8f3,2a80e51f86c000cbb9499041b1559453,70,2026-10-08T15:12:11+00:00,Vinayakmprasad,Vinayak Prasad,#Global Health expert . #Customs expert. Tweets are personal and may or may not reflect WHOs position where i am currently employed #tobacco control #WHO,Switzerland,651,825,1668,0,0,"{""_type"": ""snscrape.modules.twitter.User"", ""blue"": false, ""blueType"": null, ""created"": ""2010-05-19 11:03:08+00:00"", ""descriptionLinks"": [], ""displayname"": ""Vinayak Prasad"", ""favouritesCount"": 5651, ""followersCount"": 651, ""friendsCount"": 825, ""id"": 145600739, ""id_str"": ""145600739"", ""listedCount"": 0, ""location"": ""Switzerland"", ""mediaCount"": 49, ""pinnedIds"": [], ""profileBannerUrl"": ""https://pbs.twimg.com/profile_banners/145600739/1509821104"", ""profileImageUrl"": ""https://pbs.twimg.com/profile_images/930524645387853826/Q8HcMWkT_normal.jpg"", ""protected"": false, ""rawDescription"": ""#Global Health expert . #Customs expert. Tweets are personal and may or may not reflect WHOs position where i am currently employed #tobacco control #WHO"", ""statusesCount"": 1668, ""url"": ""https://x.com/Vinayakmprasad"", ""username"": ""Vinayakmprasad"", ""verified"": false}"
524,737362108397060096,1281962958902431744,e5421ef2b751488bd684e8f3,2a80e51f86c000cbb9499041b1559453,70,2026-10-08T15:12:11+00:00,KulikovUNIATF,Dr Alexey Kulikov,"Head of Partnerships and Operations, Deputy Head of Secretariat, @UN Task Force on #NCDs. Support @WHO countries achieve  #health related #SDGs. PhD MPH MD.","Geneva, Switzerland",63344,51762,13075,0,0,"{""_type"": ""snscrape.modules.twitter.User"", ""blue"": true, ""blueType"": null, ""created"": ""2016-05-30 19:16:41+00:00"", ""descriptionLinks"": [], ""displayname"": ""Dr Alexey Kulikov"", ""favouritesCount"": 48689, ""followersCount"": 63344, ""friendsCount"": 51762, ""id"": 737362108397060096, ""id_str"": ""737362108397060096"", ""listedCount"": 0, ""location"": ""Geneva, Switzerland"", ""mediaCount"": 6645, ""pinnedIds"": [], ""profileBannerUrl"": ""https://pbs.twimg.com/profile_banners/737362108397060096/1556271627"", ""profileImageUrl"": ""https://pbs.twimg.com/profile_images/1786303176557121536/fuzbfD6I_normal.jpg"", ""protected"": false, ""rawDescription"": ""Head of Partnerships and Operations, Deputy Head of Secretariat, @UN Task Force on #NCDs. Support @WHO countries achieve  #health related #SDGs. PhD MPH MD."", ""statusesCount"": 13075, ""url"": ""https://x.com/KulikovUNIATF"", ""username"": ""KulikovUNIATF"", ""verified"": false}"
525,104277809,1281951382807822351,e5421ef2b751488bd684e8f3,2a80e51f86c000cbb9499041b1559453,70,2026-10-08T15:12:11+00:00,UN_News_Centre,UN News,"The United Nations’ official news service.
Breaking news and stories from across the UN and its work around the world.","Manhattan, NY",846677,1349,74051,0,0,"{""_type"": ""snscrape.modules.twitter.User"", ""blue"": false, ""blueType"": ""Government"", ""created"": ""2010-01-12 21:25:52+00:00"", ""descriptionLinks"": [{""tcourl"": ""https://t.co/r2JoWl9PDy"", ""text"": ""news.un.org/en/"", ""url"": ""https://news.un.org/en/""}], ""displayname"": ""UN News"", ""favouritesCount"": 3500, ""followersCount"": 846677, ""friendsCount"": 1349, ""id"": 104277809, ""id_str"": ""104277809"", ""listedCount"": 0, ""location"": ""Manhattan, NY"", ""mediaCount"": 17818, ""pinnedIds"": [], ""profileBannerUrl"": ""https://pbs.twimg.com/profile_banners/104277809/1787754846"", ""profileImageUrl"": ""https://pbs.twimg.com/profile_images/1166788017354432512/SO_UaxYd_normal.jpg"", ""protected"": false, ""rawDescription"": ""The United Nations’ official news service.\nBreaking news and stories from across the UN and its work around the world."", ""statusesCount"": 74051, ""url"": ""https://x.com/UN_News_Centre"", ""username"": ""UN_News_Centre"", ""verified"": false}"
527,390284285,1281682952926240768,e5421ef2b751488bd684e8f3,2a80e51f86c000cbb9499041b1559453,70,2026-10-08T15:12:11+00:00,DataInnovation,Center for Data Innovation,The Center for Data Innovation conducts independent research and formulates public policies to enable data-driven innovation in the public and private sector.,"Washington, DC",13783,4194,34886,0,0,"{""_type"": ""snscrape.modules.twitter.User"", ""blue"": true, ""blueType"": null, ""created"": ""2011-10-13 18:59:59+00:00"", ""descriptionLinks"": [{""tcourl"": ""https://t.co/51usnjkL19"", ""text"": ""datainnovation.org"", ""url"": ""http://www.datainnovation.org""}], ""displayname"": ""Center for Data Innovation"", ""favouritesCount"": 1448, ""followersCount"": 13783, ""friendsCount"": 4194, ""id"": 390284285, ""id_str"": ""390284285"", ""listedCount"": 0, ""location"": ""Washington, DC"", ""mediaCount"": 986, ""pinnedIds"": [], ""profileBannerUrl"": ""https://pbs.twimg.com/profile_banners/390284285/1405971838"", ""profileImageUrl"": ""https://pbs.twimg.com/profile_images/1894804102573383680/1k6mFdpG_normal.jpg"", ""protected"": false, ""rawDescription"": ""The Center for Data Innovation conducts independent research and formulates public policies to enable data-driven innovation in the public and private sector."", ""statusesCount"": 34886, ""url"": ""https://x.com/DataInnovation"", ""username"": ""DataInnovation"", ""verified"": false}"
528,14499829,1281613727696146432,e5421ef2b751488bd684e8f3,2a80e51f86c000cbb9499041b1559453,70,2026-10-08T15:12:11+00:00,WHO,World Health Organization (WHO),"We are the @UN’s health agency working for #HealthForAll
Always check our latest tweets for updated advice/information.","Geneva, Switzerland",12669871,1734,83434,0,0,"{""_type"": ""snscrape.modules.twitter.User"", ""blue"": true, ""blueType"": ""Government"", ""created"": ""2008-04-23 19:56:27+00:00"", ""descriptionLinks"": [{""tcourl"": ""https://t.co/28yN4nSRNK"", ""text"": ""who.int"", ""url"": ""http://www.who.int""}], ""displayname"": ""World Health Organization (WHO)"", ""favouritesCount"": 13974, ""followersCount"": 12669871, ""friendsCount"": 1734, ""id"": 14499829, ""id_str"": ""14499829"", ""listedCount"": 0, ""location"": ""Geneva, Switzerland"", ""mediaCount"": 26313, ""pinnedIds"": [2107852059706114345], ""profileBannerUrl"": ""https://pbs.twimg.com/profile_banners/14499829/1715598334"", ""profileImageUrl"": ""https://pbs.twimg.com/profile_images/1572512818796335105/YF_H68EL_normal.jpg"", ""protected"": false, ""rawDescription"": ""We are the @UN’s health agency working for #HealthForAll\nAlways check our latest tweets for updated advice/information."", ""statusesCount"": 83434, ""url"": ""https://x.com/WHO"", ""username"": ""WHO"", ""verified"": false}"
529,189868631,1281671753627033606,e5421ef2b751488bd684e8f3,2a80e51f86c000cbb9499041b1559453,70,2026-10-08T15:12:11+00:00,DrTedros,Tedros Adhanom Ghebreyesus,Director-General of the World Health Organization. Retweets are not endorsements,"Geneva, Switzerland",2039843,1968,42763,0,0,"{""_type"": ""snscrape.modules.twitter.User"", ""blue"": true, ""blueType"": ""Government"", ""created"": ""2010-09-12 13:09:27+00:00"", ""descriptionLinks"": [{""tcourl"": ""https://t.co/xvC98tYvg8"", ""text"": ""who.int"", ""url"": ""http://www.who.int""}], ""displayname"": ""Tedros Adhanom Ghebreyesus"", ""favouritesCount"": 25779, ""followersCount"": 2039843, ""friendsCount"": 1968, ""id"": 189868631, ""id_str"": ""189868631"", ""listedCount"": 0, ""location"": ""Geneva, Switzerland"", ""mediaCount"": 8183, ""pinnedIds"": [], ""profileBannerUrl"": ""https://pbs.twimg.com/profile_banners/189868631/1712514683"", ""profileImageUrl"": ""https://pbs.twimg.com/profile_images/1886494919449034752/xGe4gs5k_normal.jpg"", ""protected"": false, ""rawDescription"": ""Director-General of the World Health Organization. Retweets are not endorsements"", ""statusesCount"": 42763, ""url"": ""https://x.com/DrTedros"", ""username"": ""DrTedros"", ""verified"": false}"
533,211583400,1281630667386888199,e5421ef2b751488bd684e8f3,2a80e51f86c000cbb9499041b1559453,70,2026-10-08T15:12:11+00:00,chrissyfarr,Christina Farr,"Second Opinion Media CEO writing about the future of healthcare. GP @ Scrub Capital. Host of Lifers. 

Author: The Storyteller's Advantage (Hachette)","Queens, NY",99479,2759,51940,0,0,"{""_type"": ""snscrape.modules.twitter.User"", ""blue"": true, ""blueType"": null, ""created"": ""2010-11-03 17:32:03+00:00"", ""descriptionLinks"": [{""tcourl"": ""https://t.co/PesL1Bnf9p"", ""text"": ""Secondopinion.media"", ""url"": ""http://Secondopinion.media""}], ""displayname"": ""Christina Farr"", ""favouritesCount"": 97752, ""followersCount"": 99479, ""friendsCount"": 2759, ""id"": 211583400, ""id_str"": ""211583400"", ""listedCount"": 0, ""location"": ""Queens, NY"", ""mediaCount"": 1922, ""pinnedIds"": [], ""profileBannerUrl"": ""https://pbs.twimg.com/profile_banners/211583400/1774437082"", ""profileImageUrl"": ""https://pbs.twimg.com/profile_images/1932929345577689088/UR-OTIfm_normal.jpg"", ""protected"": false, ""rawDescription"": ""Second Opinion Media CEO writing about the future of healthcare. GP @ Scrub Capital. Host of Lifers. \n\nAuthor: The Storyteller's Advantage (Hachette)"", ""statusesCount"": 51940, ""url"": ""https://x.com/chrissyfarr"", ""username"": ""chrissyfarr"", ""verified"": false}"
534,796297762283229184,1281618973558071296,e5421ef2b751488bd684e8f3,2a80e51f86c000cbb9499041b1559453,70,2026-10-08T15:12:11+00:00,Soulmachines,SoulMachines👥,"Soul Machines™ provides easy-to-use creator tools so anyone can create astonishingly life-like, GPT-enabled Digital People.",Worldwide,5325,1754,1839,0,0,"{""_type"": ""snscrape.modules.twitter.User"", ""blue"": false, ""blueType"": null, ""created"": ""2016-11-09 10:25:55+00:00"", ""descriptionLinks"": [{""tcourl"": ""https://t.co/cv2CVPbcXg"", ""text"": ""soulmachines.com"", ""url"": ""http://www.soulmachines.com""}], ""displayname"": ""SoulMachines👥"", ""favouritesCount"": 3880, ""followersCount"": 5325, ""friendsCount"": 1754, ""id"": 796297762283229184, ""id_str"": ""796297762283229184"", ""listedCount"": 0, ""location"": ""Worldwide"", ""mediaCount"": 546, ""pinnedIds"": [], ""profileBannerUrl"": ""https://pbs.twimg.com/profile_banners/796297762283229184/1739483068"", ""profileImageUrl"": ""https://pbs.twimg.com/profile_images/1890087715850641408/CEm3gjLJ_normal.jpg"", ""protected"": false, ""rawDescription"": ""Soul Machines™ provides easy-to-use creator tools so anyone can create astonishingly life-like, GPT-enabled Digital People."", ""statusesCount"": 1839, ""url"": ""https://x.com/Soulmachines"", ""username"": ""Soulmachines"", ""verified"": false}"
535,1179874218,1281616660236050438,e5421ef2b751488bd684e8f3,2a80e51f86c000cbb9499041b1559453,70,2026-10-08T15:12:11+00:00,HelenMcGuire14,Helen McGuire,Working in partnership to improve access to prevention and care for people living with NCDs.  Views are my own and retweets are not endorsements.,,176,239,184,0,0,"{""_type"": ""snscrape.modules.twitter.User"", ""blue"": false, ""blueType"": null, ""created"": ""2013-02-14 17:53:40+00:00"", ""descriptionLinks"": [], ""displayname"": ""Helen McGuire"", ""favouritesCount"": 200, ""followersCount"": 176, ""friendsCount"": 239, ""id"": 1179874218, ""id_str"": ""1179874218"", ""listedCount"": 0, ""location"": """", ""mediaCount"": 16, ""pinnedIds"": [], ""profileBannerUrl"": """", ""profileImageUrl"": ""https://pbs.twimg.com/profile_images/1258088506926092288/QHtQ_r_a_normal.jpg"", ""protected"": false, ""rawDescription"": ""Working in partnership to improve access to prevention and care for people living with NCDs.  Views are my own and retweets are not endorsements."", ""statusesCount"": 184, ""url"": ""https://x.com/HelenMcGuire14"", ""username"": ""HelenMcGuire14"", ""verified"": false}"
537,45586617,1281614007846273024,e5421ef2b751488bd684e8f3,2a80e51f86c000cbb9499041b1559453,70,2026-10-08T15:12:11+00:00,kakape,Kai Kupferschmidt,"@kakape.bsky.social science journalist. molecular biologist. curious. writer at @sciencemagazine part of @pandemiapodcast, all things #blue","Berlin, Germany",132319,1999,23999,0,0,"{""_type"": ""snscrape.modules.twitter.User"", ""blue"": true, ""blueType"": null, ""created"": ""2009-06-08 15:17:36+00:00"", ""descriptionLinks"": [{""tcourl"": ""https://t.co/aQGTOoefTF"", ""text"": ""sciencemag.org/author/kai-kup…"", ""url"": ""https://www.sciencemag.org/author/kai-kupferschmidt""}], ""displayname"": ""Kai Kupferschmidt"", ""favouritesCount"": 9067, ""followersCount"": 132319, ""friendsCount"": 1999, ""id"": 45586617, ""id_str"": ""45586617"", ""listedCount"": 0, ""location"": ""Berlin, Germany"", ""mediaCount"": 1350, ""pinnedIds"": [1851663695887163679], ""profileBannerUrl"": ""https://pbs.twimg.com/profile_banners/45586617/1675979248"", ""profileImageUrl"": ""https://pbs.twimg.com/profile_images/1623801452819894272/vRLQed-z_normal.jpg"", ""protected"": false, ""rawDescription"": ""@kakape.bsky.social science journalist. molecular biologist. curious. writer at @sciencemagazine part of @pandemiapodcast, all things #blue"", ""statusesCount"": 23999, ""url"": ""https://x.com/kakape"", ""username"": ""kakape"", ""verified"": false}"
538,14499829,1281613727696146432,e5421ef2b751488bd684e8f3,2a80e51f86c000cbb9499041b1559453,71,2026-10-08T15:12:27+00:00,WHO,World Health Organization (WHO),"We are the @UN’s health agency working for #HealthForAll
Always check our latest tweets for updated advice/information.","Geneva, Switzerland",12669871,1734,83434,0,0,"{""_type"": ""snscrape.modules.twitter.User"", ""blue"": true, ""blueType"": ""Government"", ""created"": ""2008-04-23 19:56:27+00:00"", ""descriptionLinks"": [{""tcourl"": ""https://t.co/28yN4nSRNK"", ""text"": ""who.int"", ""url"": ""http://www.who.int""}], ""displayname"": ""World Health Organization (WHO)"", ""favouritesCount"": 13974, ""followersCount"": 12669871, ""friendsCount"": 1734, ""id"": 14499829, ""id_str"": ""14499829"", ""listedCount"": 0, ""location"": ""Geneva, Switzerland"", ""mediaCount"": 26313, ""pinnedIds"": [2107852059706114345], ""profileBannerUrl"": ""https://pbs.twimg.com/profile_banners/14499829/1715598334"", ""profileImageUrl"": ""https://pbs.twimg.com/profile_images/1572512818796335105/YF_H68EL_normal.jpg"", ""protected"": false, ""rawDescription"": ""We are the @UN’s health agency working for #HealthForAll\nAlways check our latest tweets for updated advice/information."", ""statusesCount"": 83434, ""url"": ""https://x.com/WHO"", ""username"": ""WHO"", ""verified"": false}"
540,736430891346452480,1283142992111349762,e5421ef2b751488bd684e8f3,9da97546e77eb339419f80c7bfa8d64b,75,2026-10-08T15:13:15+00:00,StanfordCDH,Stanford Center for Digital Health,"Shaping the future of digital health, together.","Stanford, CA",3862,1003,1949,0,0,"{""_type"": ""snscrape.modules.twitter.User"", ""blue"": true, ""blueType"": null, ""created"": ""2016-05-28 05:36:21+00:00"", ""descriptionLinks"": [{""tcourl"": ""https://t.co/8280zyxXtq"", ""text"": ""cdh.stanford.edu"", ""url"": ""https://cdh.stanford.edu/""}], ""displayname"": ""Stanford Center for Digital Health"", ""favouritesCount"": 1569, ""followersCount"": 3862, ""friendsCount"": 1003, ""id"": 736430891346452480, ""id_str"": ""736430891346452480"", ""listedCount"": 0, ""location"": ""Stanford, CA"", ""mediaCount"": 627, ""pinnedIds"": [2077530273810698680], ""profileBannerUrl"": ""https://pbs.twimg.com/profile_banners/736430891346452480/1730234719"", ""profileImageUrl"": ""https://pbs.twimg.com/profile_images/1851364553625337856/O3UhBr1G_normal.jpg"", ""protected"": false, ""rawDescription"": ""Shaping the future of digital health, together."", ""statusesCount"": 1949, ""url"": ""https://x.com/StanfordCDH"", ""username"": ""StanfordCDH"", ""verified"": false}"
541,14499829,1281647485014941697,e5421ef2b751488bd684e8f3,2be30297016e2b36999c13e390835fe9,79,2026-10-08T15:14:03+00:00,WHO,World Health Organization (WHO),"We are the @UN’s health agency working for #HealthForAll
Always check our latest tweets for updated advice/information.","Geneva, Switzerland",12669873,1734,83434,0,0,"{""_type"": ""snscrape.modules.twitter.User"", ""blue"": true, ""blueType"": ""Government"", ""created"": ""2008-04-23 19:56:27+00:00"", ""descriptionLinks"": [{""tcourl"": ""https://t.co/28yN4nSRNK"", ""text"": ""who.int"", ""url"": ""http://www.who.int""}], ""displayname"": ""World Health Organization (WHO)"", ""favouritesCount"": 13974, ""followersCount"": 12669873, ""friendsCount"": 1734, ""id"": 14499829, ""id_str"": ""14499829"", ""listedCount"": 0, ""location"": ""Geneva, Switzerland"", ""mediaCount"": 26313, ""pinnedIds"": [2107852059706114345], ""profileBannerUrl"": ""https://pbs.twimg.com/profile_banners/14499829/1715598334"", ""profileImageUrl"": ""https://pbs.twimg.com/profile_images/1572512818796335105/YF_H68EL_normal.jpg"", ""protected"": false, ""rawDescription"": ""We are the @UN’s health agency working for #HealthForAll\nAlways check our latest tweets for updated advice/information."", ""statusesCount"": 83434, ""url"": ""https://x.com/WHO"", ""username"": ""WHO"", ""verified"": false}"
